event_family,release_date,myfxbook_source_family,myfxbook_event_id,myfxbook_actual,myfxbook_consensus,consensus_source,candidate_classification,target_coverage_source,oanda_gap_start_date,oanda_gap_end_date,myfxbook_capture_source,myfxbook_capture_endpoint,myfxbook_capture_years_back,myfxbook_capture_filename,myfxbook_capture_sha256,source_series_ordinal,source_observation_ordinal
JOLTS,2014-07-08,JOLTS,906938645,4640000,4530000,myfxbook,myfxbook_unique_populated_gap_fill,oanda,2010-01-01,2023-12-04,myfxbook,calendar-chart-years-back.json,20,EconomicCalendar/raw/myfxbook/myfxbook_consensus_history.json,1538055386838d8ec50ab9cce40153f69aa8bf841c2ae50f67751b2c465432cb,9,1
JOLTS,2014-08-12,JOLTS,906938645,4670000,4740000,myfxbook,myfxbook_unique_populated_gap_fill,oanda,2010-01-01,2023-12-04,myfxbook,calendar-chart-years-back.json,20,EconomicCalendar/raw/myfxbook/myfxbook_consensus_history.json,1538055386838d8ec50ab9cce40153f69aa8bf841c2ae50f67751b2c465432cb,9,2
JOLTS,2014-09-09,JOLTS,906938645,4673000,4720000,myfxbook,myfxbook_unique_populated_gap_fill,oanda,2010-01-01,2023-12-04,myfxbook,calendar-chart-years-back.json,20,EconomicCalendar/raw/myfxbook/myfxbook_consensus_history.json,1538055386838d8ec50ab9cce40153f69aa8bf841c2ae50f67751b2c465432cb,9,3
JOLTS,2014-10-07,JOLTS,906938645,4835000,4710000,myfxbook,myfxbook_unique_populated_gap_fill,oanda,2010-01-01,2023-12-04,myfxbook,calendar-chart-years-back.json,20,EconomicCalendar/raw/myfxbook/myfxbook_consensus_history.json,1538055386838d8ec50ab9cce40153f69aa8bf841c2ae50f67751b2c465432cb,9,4
JOLTS,2014-11-13,JOLTS,906938645,4735000,4820000,myfxbook,myfxbook_unique_populated_gap_fill,oanda,2010-01-01,2023-12-04,myfxbook,calendar-chart-years-back.json,20,EconomicCalendar/raw/myfxbook/myfxbook_consensus_history.json,1538055386838d8ec50ab9cce40153f69aa8bf841c2ae50f67751b2c465432cb,9,5
JOLTS,2014-12-09,JOLTS,906938645,4834000,4790000,myfxbook,myfxbook_unique_populated_gap_fill,oanda,2010-01-01,2023-12-04,myfxbook,calendar-chart-years-back.json,20,EconomicCalendar/raw/myfxbook/myfxbook_consensus_history.json,1538055386838d8ec50ab9cce40153f69aa8bf841c2ae50f67751b2c465432cb,9,6
JOLTS,2015-01-13,JOLTS,906938645,4972000,4863000,myfxbook,myfxbook_unique_populated_gap_fill,oanda,2010-01-01,2023-12-04,myfxbook,calendar-chart-years-back.json,20,EconomicCalendar/raw/myfxbook/myfxbook_consensus_history.json,1538055386838d8ec50ab9cce40153f69aa8bf841c2ae50f67751b2c465432cb,9,7
JOLTS,2015-02-10,JOLTS,906938645,5028000,4990000,myfxbook,myfxbook_unique_populated_gap_fill,oanda,2010-01-01,2023-12-04,myfxbook,calendar-chart-years-back.json,20,EconomicCalendar/raw/myfxbook/myfxbook_consensus_history.json,1538055386838d8ec50ab9cce40153f69aa8bf841c2ae50f67751b2c465432cb,9,8
JOLTS,2015-03-10,JOLTS,906938645,4998000,5052000,myfxbook,myfxbook_unique_populated_gap_fill,oanda,2010-01-01,2023-12-04,myfxbook,calendar-chart-years-back.json,20,EconomicCalendar/raw/myfxbook/myfxbook_consensus_history.json,1538055386838d8ec50ab9cce40153f69aa8bf841c2ae50f67751b2c465432cb,9,9
JOLTS,2015-04-07,JOLTS,906938645,5133000,5010000,myfxbook,myfxbook_unique_populated_gap_fill,oanda,2010-01-01,2023-12-04,myfxbook,calendar-chart-years-back.json,20,EconomicCalendar/raw/myfxbook/myfxbook_consensus_history.json,1538055386838d8ec50ab9cce40153f69aa8bf841c2ae50f67751b2c465432cb,9,10
JOLTS,2015-05-12,JOLTS,906938645,4994000,5085000,myfxbook,myfxbook_unique_populated_gap_fill,oanda,2010-01-01,2023-12-04,myfxbook,calendar-chart-years-back.json,20,EconomicCalendar/raw/myfxbook/myfxbook_consensus_history.json,1538055386838d8ec50ab9cce40153f69aa8bf841c2ae50f67751b2c465432cb,9,11
JOLTS,2015-06-09,JOLTS,906938645,5376000,5100000,myfxbook,myfxbook_unique_populated_gap_fill,oanda,2010-01-01,2023-12-04,myfxbook,calendar-chart-years-back.json,20,EconomicCalendar/raw/myfxbook/myfxbook_consensus_history.json,1538055386838d8ec50ab9cce40153f69aa8bf841c2ae50f67751b2c465432cb,9,12
JOLTS,2015-07-07,JOLTS,906938645,5363000,5350000,myfxbook,myfxbook_unique_populated_gap_fill,oanda,2010-01-01,2023-12-04,myfxbook,calendar-chart-years-back.json,20,EconomicCalendar/raw/myfxbook/myfxbook_consensus_history.json,1538055386838d8ec50ab9cce40153f69aa8bf841c2ae50f67751b2c465432cb,9,13
JOLTS,2015-08-12,JOLTS,906938645,5249000,5300000,myfxbook,myfxbook_unique_populated_gap_fill,oanda,2010-01-01,2023-12-04,myfxbook,calendar-chart-years-back.json,20,EconomicCalendar/raw/myfxbook/myfxbook_consensus_history.json,1538055386838d8ec50ab9cce40153f69aa8bf841c2ae50f67751b2c465432cb,9,14
JOLTS,2015-09-09,JOLTS,906938645,5753000,5288000,myfxbook,myfxbook_unique_populated_gap_fill,oanda,2010-01-01,2023-12-04,myfxbook,calendar-chart-years-back.json,20,EconomicCalendar/raw/myfxbook/myfxbook_consensus_history.json,1538055386838d8ec50ab9cce40153f69aa8bf841c2ae50f67751b2c465432cb,9,15
JOLTS,2015-10-16,JOLTS,906938645,5370000,5625000,myfxbook,myfxbook_unique_populated_gap_fill,oanda,2010-01-01,2023-12-04,myfxbook,calendar-chart-years-back.json,20,EconomicCalendar/raw/myfxbook/myfxbook_consensus_history.json,1538055386838d8ec50ab9cce40153f69aa8bf841c2ae50f67751b2c465432cb,9,16
JOLTS,2015-11-12,JOLTS,906938645,5526000,5370000,myfxbook,myfxbook_unique_populated_gap_fill,oanda,2010-01-01,2023-12-04,myfxbook,calendar-chart-years-back.json,20,EconomicCalendar/raw/myfxbook/myfxbook_consensus_history.json,1538055386838d8ec50ab9cce40153f69aa8bf841c2ae50f67751b2c465432cb,9,17
JOLTS,2015-12-08,JOLTS,906938645,5383000,5550000,myfxbook,myfxbook_unique_populated_gap_fill,oanda,2010-01-01,2023-12-04,myfxbook,calendar-chart-years-back.json,20,EconomicCalendar/raw/myfxbook/myfxbook_consensus_history.json,1538055386838d8ec50ab9cce40153f69aa8bf841c2ae50f67751b2c465432cb,9,18
JOLTS,2016-01-12,JOLTS,906938645,5431000,5410000,myfxbook,myfxbook_unique_populated_gap_fill,oanda,2010-01-01,2023-12-04,myfxbook,calendar-chart-years-back.json,20,EconomicCalendar/raw/myfxbook/myfxbook_consensus_history.json,1538055386838d8ec50ab9cce40153f69aa8bf841c2ae50f67751b2c465432cb,9,19
JOLTS,2016-02-09,JOLTS,906938645,5607000,5400000,myfxbook,myfxbook_unique_populated_gap_fill,oanda,2010-01-01,2023-12-04,myfxbook,calendar-chart-years-back.json,20,EconomicCalendar/raw/myfxbook/myfxbook_consensus_history.json,1538055386838d8ec50ab9cce40153f69aa8bf841c2ae50f67751b2c465432cb,9,20
JOLTS,2016-03-17,JOLTS,906938645,5541000,5500000,myfxbook,myfxbook_unique_populated_gap_fill,oanda,2010-01-01,2023-12-04,myfxbook,calendar-chart-years-back.json,20,EconomicCalendar/raw/myfxbook/myfxbook_consensus_history.json,1538055386838d8ec50ab9cce40153f69aa8bf841c2ae50f67751b2c465432cb,9,21
JOLTS,2016-04-05,JOLTS,906938645,5445000,5500000,myfxbook,myfxbook_unique_populated_gap_fill,oanda,2010-01-01,2023-12-04,myfxbook,calendar-chart-years-back.json,20,EconomicCalendar/raw/myfxbook/myfxbook_consensus_history.json,1538055386838d8ec50ab9cce40153f69aa8bf841c2ae50f67751b2c465432cb,9,22
JOLTS,2016-05-10,JOLTS,906938645,5757000,5412000,myfxbook,myfxbook_unique_populated_gap_fill,oanda,2010-01-01,2023-12-04,myfxbook,calendar-chart-years-back.json,20,EconomicCalendar/raw/myfxbook/myfxbook_consensus_history.json,1538055386838d8ec50ab9cce40153f69aa8bf841c2ae50f67751b2c465432cb,9,23
JOLTS,2016-06-08,JOLTS,906938645,5788000,5672000,myfxbook,myfxbook_unique_populated_gap_fill,oanda,2010-01-01,2023-12-04,myfxbook,calendar-chart-years-back.json,20,EconomicCalendar/raw/myfxbook/myfxbook_consensus_history.json,1538055386838d8ec50ab9cce40153f69aa8bf841c2ae50f67751b2c465432cb,9,24
JOLTS,2016-07-12,JOLTS,906938645,5500000,5700000,myfxbook,myfxbook_unique_populated_gap_fill,oanda,2010-01-01,2023-12-04,myfxbook,calendar-chart-years-back.json,20,EconomicCalendar/raw/myfxbook/myfxbook_consensus_history.json,1538055386838d8ec50ab9cce40153f69aa8bf841c2ae50f67751b2c465432cb,9,25
JOLTS,2016-08-10,JOLTS,906938645,5624000,5570000,myfxbook,myfxbook_unique_populated_gap_fill,oanda,2010-01-01,2023-12-04,myfxbook,calendar-chart-years-back.json,20,EconomicCalendar/raw/myfxbook/myfxbook_consensus_history.json,1538055386838d8ec50ab9cce40153f69aa8bf841c2ae50f67751b2c465432cb,9,26
JOLTS,2016-09-07,JOLTS,906938645,5871000,5580000,myfxbook,myfxbook_unique_populated_gap_fill,oanda,2010-01-01,2023-12-04,myfxbook,calendar-chart-years-back.json,20,EconomicCalendar/raw/myfxbook/myfxbook_consensus_history.json,1538055386838d8ec50ab9cce40153f69aa8bf841c2ae50f67751b2c465432cb,9,27
JOLTS,2016-10-12,JOLTS,906938645,5443000,5720000,myfxbook,myfxbook_unique_populated_gap_fill,oanda,2010-01-01,2023-12-04,myfxbook,calendar-chart-years-back.json,20,EconomicCalendar/raw/myfxbook/myfxbook_consensus_history.json,1538055386838d8ec50ab9cce40153f69aa8bf841c2ae50f67751b2c465432cb,9,28
JOLTS,2016-11-08,JOLTS,906938645,5486000,5508000,myfxbook,myfxbook_unique_populated_gap_fill,oanda,2010-01-01,2023-12-04,myfxbook,calendar-chart-years-back.json,20,EconomicCalendar/raw/myfxbook/myfxbook_consensus_history.json,1538055386838d8ec50ab9cce40153f69aa8bf841c2ae50f67751b2c465432cb,9,29
JOLTS,2016-12-07,JOLTS,906938645,5534000,5500000,myfxbook,myfxbook_unique_populated_gap_fill,oanda,2010-01-01,2023-12-04,myfxbook,calendar-chart-years-back.json,20,EconomicCalendar/raw/myfxbook/myfxbook_consensus_history.json,1538055386838d8ec50ab9cce40153f69aa8bf841c2ae50f67751b2c465432cb,9,30
JOLTS,2017-01-10,JOLTS,906938645,5522000,6090000,myfxbook,myfxbook_unique_populated_gap_fill,oanda,2010-01-01,2023-12-04,myfxbook,calendar-chart-years-back.json,20,EconomicCalendar/raw/myfxbook/myfxbook_consensus_history.json,1538055386838d8ec50ab9cce40153f69aa8bf841c2ae50f67751b2c465432cb,9,31
JOLTS,2017-02-07,JOLTS,906938645,5501000,5568000,myfxbook,myfxbook_unique_populated_gap_fill,oanda,2010-01-01,2023-12-04,myfxbook,calendar-chart-years-back.json,20,EconomicCalendar/raw/myfxbook/myfxbook_consensus_history.json,1538055386838d8ec50ab9cce40153f69aa8bf841c2ae50f67751b2c465432cb,9,32
JOLTS,2017-03-16,JOLTS,906938645,5626000,5450000,myfxbook,myfxbook_unique_populated_gap_fill,oanda,2010-01-01,2023-12-04,myfxbook,calendar-chart-years-back.json,20,EconomicCalendar/raw/myfxbook/myfxbook_consensus_history.json,1538055386838d8ec50ab9cce40153f69aa8bf841c2ae50f67751b2c465432cb,9,33
JOLTS,2017-04-11,JOLTS,906938645,5743000,5655000,myfxbook,myfxbook_unique_populated_gap_fill,oanda,2010-01-01,2023-12-04,myfxbook,calendar-chart-years-back.json,20,EconomicCalendar/raw/myfxbook/myfxbook_consensus_history.json,1538055386838d8ec50ab9cce40153f69aa8bf841c2ae50f67751b2c465432cb,9,34
JOLTS,2017-05-09,JOLTS,906938645,5743000,5670000,myfxbook,myfxbook_unique_populated_gap_fill,oanda,2010-01-01,2023-12-04,myfxbook,calendar-chart-years-back.json,20,EconomicCalendar/raw/myfxbook/myfxbook_consensus_history.json,1538055386838d8ec50ab9cce40153f69aa8bf841c2ae50f67751b2c465432cb,9,35
JOLTS,2017-06-06,JOLTS,906938645,6044000,5650000,myfxbook,myfxbook_unique_populated_gap_fill,oanda,2010-01-01,2023-12-04,myfxbook,calendar-chart-years-back.json,20,EconomicCalendar/raw/myfxbook/myfxbook_consensus_history.json,1538055386838d8ec50ab9cce40153f69aa8bf841c2ae50f67751b2c465432cb,9,36
JOLTS,2017-07-11,JOLTS,906938645,5666000,5950000,myfxbook,myfxbook_unique_populated_gap_fill,oanda,2010-01-01,2023-12-04,myfxbook,calendar-chart-years-back.json,20,EconomicCalendar/raw/myfxbook/myfxbook_consensus_history.json,1538055386838d8ec50ab9cce40153f69aa8bf841c2ae50f67751b2c465432cb,9,37
JOLTS,2017-08-08,JOLTS,906938645,6163000,5600000,myfxbook,myfxbook_unique_populated_gap_fill,oanda,2010-01-01,2023-12-04,myfxbook,calendar-chart-years-back.json,20,EconomicCalendar/raw/myfxbook/myfxbook_consensus_history.json,1538055386838d8ec50ab9cce40153f69aa8bf841c2ae50f67751b2c465432cb,9,38
JOLTS,2017-09-12,JOLTS,906938645,6170000,5960000,myfxbook,myfxbook_unique_populated_gap_fill,oanda,2010-01-01,2023-12-04,myfxbook,calendar-chart-years-back.json,20,EconomicCalendar/raw/myfxbook/myfxbook_consensus_history.json,1538055386838d8ec50ab9cce40153f69aa8bf841c2ae50f67751b2c465432cb,9,39
JOLTS,2017-10-11,JOLTS,906938645,6082000,6125000,myfxbook,myfxbook_unique_populated_gap_fill,oanda,2010-01-01,2023-12-04,myfxbook,calendar-chart-years-back.json,20,EconomicCalendar/raw/myfxbook/myfxbook_consensus_history.json,1538055386838d8ec50ab9cce40153f69aa8bf841c2ae50f67751b2c465432cb,9,40
JOLTS,2017-11-07,JOLTS,906938645,6093000,6091000,myfxbook,myfxbook_unique_populated_gap_fill,oanda,2010-01-01,2023-12-04,myfxbook,calendar-chart-years-back.json,20,EconomicCalendar/raw/myfxbook/myfxbook_consensus_history.json,1538055386838d8ec50ab9cce40153f69aa8bf841c2ae50f67751b2c465432cb,9,41
JOLTS,2017-12-11,JOLTS,906938645,5996000,6090000,myfxbook,myfxbook_unique_populated_gap_fill,oanda,2010-01-01,2023-12-04,myfxbook,calendar-chart-years-back.json,20,EconomicCalendar/raw/myfxbook/myfxbook_consensus_history.json,1538055386838d8ec50ab9cce40153f69aa8bf841c2ae50f67751b2c465432cb,9,42
JOLTS,2018-01-09,JOLTS,906938645,5879000,6038000,myfxbook,myfxbook_unique_populated_gap_fill,oanda,2010-01-01,2023-12-04,myfxbook,calendar-chart-years-back.json,20,EconomicCalendar/raw/myfxbook/myfxbook_consensus_history.json,1538055386838d8ec50ab9cce40153f69aa8bf841c2ae50f67751b2c465432cb,9,43
JOLTS,2018-02-06,JOLTS,906938645,5811000,5900000,myfxbook,myfxbook_unique_populated_gap_fill,oanda,2010-01-01,2023-12-04,myfxbook,calendar-chart-years-back.json,20,EconomicCalendar/raw/myfxbook/myfxbook_consensus_history.json,1538055386838d8ec50ab9cce40153f69aa8bf841c2ae50f67751b2c465432cb,9,44
JOLTS,2018-03-16,JOLTS,906938645,6312000,5890000,myfxbook,myfxbook_unique_populated_gap_fill,oanda,2010-01-01,2023-12-04,myfxbook,calendar-chart-years-back.json,20,EconomicCalendar/raw/myfxbook/myfxbook_consensus_history.json,1538055386838d8ec50ab9cce40153f69aa8bf841c2ae50f67751b2c465432cb,9,45
JOLTS,2018-04-13,JOLTS,906938645,6052000,6173000,myfxbook,myfxbook_unique_populated_gap_fill,oanda,2010-01-01,2023-12-04,myfxbook,calendar-chart-years-back.json,20,EconomicCalendar/raw/myfxbook/myfxbook_consensus_history.json,1538055386838d8ec50ab9cce40153f69aa8bf841c2ae50f67751b2c465432cb,9,46
JOLTS,2018-05-08,JOLTS,906938645,6550000,6101000,myfxbook,myfxbook_unique_populated_gap_fill,oanda,2010-01-01,2023-12-04,myfxbook,calendar-chart-years-back.json,20,EconomicCalendar/raw/myfxbook/myfxbook_consensus_history.json,1538055386838d8ec50ab9cce40153f69aa8bf841c2ae50f67751b2c465432cb,9,47
JOLTS,2018-06-05,JOLTS,906938645,6698000,6400000,myfxbook,myfxbook_unique_populated_gap_fill,oanda,2010-01-01,2023-12-04,myfxbook,calendar-chart-years-back.json,20,EconomicCalendar/raw/myfxbook/myfxbook_consensus_history.json,1538055386838d8ec50ab9cce40153f69aa8bf841c2ae50f67751b2c465432cb,9,48
JOLTS,2018-07-10,JOLTS,906938645,6638000,6583000,myfxbook,myfxbook_unique_populated_gap_fill,oanda,2010-01-01,2023-12-04,myfxbook,calendar-chart-years-back.json,20,EconomicCalendar/raw/myfxbook/myfxbook_consensus_history.json,1538055386838d8ec50ab9cce40153f69aa8bf841c2ae50f67751b2c465432cb,9,49
JOLTS,2018-08-07,JOLTS,906938645,6662000,6646000,myfxbook,myfxbook_unique_populated_gap_fill,oanda,2010-01-01,2023-12-04,myfxbook,calendar-chart-years-back.json,20,EconomicCalendar/raw/myfxbook/myfxbook_consensus_history.json,1538055386838d8ec50ab9cce40153f69aa8bf841c2ae50f67751b2c465432cb,9,50
JOLTS,2018-09-11,JOLTS,906938645,6939000,6680000,myfxbook,myfxbook_unique_populated_gap_fill,oanda,2010-01-01,2023-12-04,myfxbook,calendar-chart-years-back.json,20,EconomicCalendar/raw/myfxbook/myfxbook_consensus_history.json,1538055386838d8ec50ab9cce40153f69aa8bf841c2ae50f67751b2c465432cb,9,51
JOLTS,2018-10-16,JOLTS,906938645,7136000,6945000,myfxbook,myfxbook_unique_populated_gap_fill,oanda,2010-01-01,2023-12-04,myfxbook,calendar-chart-years-back.json,20,EconomicCalendar/raw/myfxbook/myfxbook_consensus_history.json,1538055386838d8ec50ab9cce40153f69aa8bf841c2ae50f67751b2c465432cb,9,52
JOLTS,2018-11-06,JOLTS,906938645,7009000,7100000,myfxbook,myfxbook_unique_populated_gap_fill,oanda,2010-01-01,2023-12-04,myfxbook,calendar-chart-years-back.json,20,EconomicCalendar/raw/myfxbook/myfxbook_consensus_history.json,1538055386838d8ec50ab9cce40153f69aa8bf841c2ae50f67751b2c465432cb,9,53
JOLTS,2018-12-10,JOLTS,906938645,7079000,6995000,myfxbook,myfxbook_unique_populated_gap_fill,oanda,2010-01-01,2023-12-04,myfxbook,calendar-chart-years-back.json,20,EconomicCalendar/raw/myfxbook/myfxbook_consensus_history.json,1538055386838d8ec50ab9cce40153f69aa8bf841c2ae50f67751b2c465432cb,9,54
JOLTS,2019-01-08,JOLTS,906938645,6888000,7063000,myfxbook,myfxbook_unique_populated_gap_fill,oanda,2010-01-01,2023-12-04,myfxbook,calendar-chart-years-back.json,20,EconomicCalendar/raw/myfxbook/myfxbook_consensus_history.json,1538055386838d8ec50ab9cce40153f69aa8bf841c2ae50f67751b2c465432cb,9,55
JOLTS,2019-02-12,JOLTS,906938645,7335000,6900000,myfxbook,myfxbook_unique_populated_gap_fill,oanda,2010-01-01,2023-12-04,myfxbook,calendar-chart-years-back.json,20,EconomicCalendar/raw/myfxbook/myfxbook_consensus_history.json,1538055386838d8ec50ab9cce40153f69aa8bf841c2ae50f67751b2c465432cb,9,56
JOLTS,2019-03-15,JOLTS,906938645,7581000,7310000,myfxbook,myfxbook_unique_populated_gap_fill,oanda,2010-01-01,2023-12-04,myfxbook,calendar-chart-years-back.json,20,EconomicCalendar/raw/myfxbook/myfxbook_consensus_history.json,1538055386838d8ec50ab9cce40153f69aa8bf841c2ae50f67751b2c465432cb,9,57
JOLTS,2019-04-09,JOLTS,906938645,7087000,7550000,myfxbook,myfxbook_unique_populated_gap_fill,oanda,2010-01-01,2023-12-04,myfxbook,calendar-chart-years-back.json,20,EconomicCalendar/raw/myfxbook/myfxbook_consensus_history.json,1538055386838d8ec50ab9cce40153f69aa8bf841c2ae50f67751b2c465432cb,9,58
JOLTS,2019-05-07,JOLTS,906938645,7488000,7240000,myfxbook,myfxbook_unique_populated_gap_fill,oanda,2010-01-01,2023-12-04,myfxbook,calendar-chart-years-back.json,20,EconomicCalendar/raw/myfxbook/myfxbook_consensus_history.json,1538055386838d8ec50ab9cce40153f69aa8bf841c2ae50f67751b2c465432cb,9,59
JOLTS,2019-06-10,JOLTS,906938645,7449000,7479000,myfxbook,myfxbook_unique_populated_gap_fill,oanda,2010-01-01,2023-12-04,myfxbook,calendar-chart-years-back.json,20,EconomicCalendar/raw/myfxbook/myfxbook_consensus_history.json,1538055386838d8ec50ab9cce40153f69aa8bf841c2ae50f67751b2c465432cb,9,60
JOLTS,2019-07-09,JOLTS,906938645,7323000,7470000,myfxbook,myfxbook_unique_populated_gap_fill,oanda,2010-01-01,2023-12-04,myfxbook,calendar-chart-years-back.json,20,EconomicCalendar/raw/myfxbook/myfxbook_consensus_history.json,1538055386838d8ec50ab9cce40153f69aa8bf841c2ae50f67751b2c465432cb,9,61
JOLTS,2019-08-06,JOLTS,906938645,7348000,7317000,myfxbook,myfxbook_unique_populated_gap_fill,oanda,2010-01-01,2023-12-04,myfxbook,calendar-chart-years-back.json,20,EconomicCalendar/raw/myfxbook/myfxbook_consensus_history.json,1538055386838d8ec50ab9cce40153f69aa8bf841c2ae50f67751b2c465432cb,9,62
JOLTS,2019-09-10,JOLTS,906938645,7217000,7311000,myfxbook,myfxbook_unique_populated_gap_fill,oanda,2010-01-01,2023-12-04,myfxbook,calendar-chart-years-back.json,20,EconomicCalendar/raw/myfxbook/myfxbook_consensus_history.json,1538055386838d8ec50ab9cce40153f69aa8bf841c2ae50f67751b2c465432cb,9,63
JOLTS,2019-10-09,JOLTS,906938645,7051000,7191000,myfxbook,myfxbook_unique_populated_gap_fill,oanda,2010-01-01,2023-12-04,myfxbook,calendar-chart-years-back.json,20,EconomicCalendar/raw/myfxbook/myfxbook_consensus_history.json,1538055386838d8ec50ab9cce40153f69aa8bf841c2ae50f67751b2c465432cb,9,64
JOLTS,2019-11-05,JOLTS,906938645,7024000,7028000,myfxbook,myfxbook_unique_populated_gap_fill,oanda,2010-01-01,2023-12-04,myfxbook,calendar-chart-years-back.json,20,EconomicCalendar/raw/myfxbook/myfxbook_consensus_history.json,1538055386838d8ec50ab9cce40153f69aa8bf841c2ae50f67751b2c465432cb,9,65
JOLTS,2019-12-17,JOLTS,906938645,7267000,7018000,myfxbook,myfxbook_unique_populated_gap_fill,oanda,2010-01-01,2023-12-04,myfxbook,calendar-chart-years-back.json,20,EconomicCalendar/raw/myfxbook/myfxbook_consensus_history.json,1538055386838d8ec50ab9cce40153f69aa8bf841c2ae50f67751b2c465432cb,9,66
JOLTS,2020-01-17,JOLTS,906938645,6800000,7233000,myfxbook,myfxbook_unique_populated_gap_fill,oanda,2010-01-01,2023-12-04,myfxbook,calendar-chart-years-back.json,20,EconomicCalendar/raw/myfxbook/myfxbook_consensus_history.json,1538055386838d8ec50ab9cce40153f69aa8bf841c2ae50f67751b2c465432cb,9,67
JOLTS,2020-02-11,JOLTS,906938645,6423000,7000000,myfxbook,myfxbook_unique_populated_gap_fill,oanda,2010-01-01,2023-12-04,myfxbook,calendar-chart-years-back.json,20,EconomicCalendar/raw/myfxbook/myfxbook_consensus_history.json,1538055386838d8ec50ab9cce40153f69aa8bf841c2ae50f67751b2c465432cb,9,68
JOLTS,2020-03-17,JOLTS,906938645,6963000,6476000,myfxbook,myfxbook_unique_populated_gap_fill,oanda,2010-01-01,2023-12-04,myfxbook,calendar-chart-years-back.json,20,EconomicCalendar/raw/myfxbook/myfxbook_consensus_history.json,1538055386838d8ec50ab9cce40153f69aa8bf841c2ae50f67751b2c465432cb,9,69
JOLTS,2020-04-07,JOLTS,906938645,6882000,6600000,myfxbook,myfxbook_unique_populated_gap_fill,oanda,2010-01-01,2023-12-04,myfxbook,calendar-chart-years-back.json,20,EconomicCalendar/raw/myfxbook/myfxbook_consensus_history.json,1538055386838d8ec50ab9cce40153f69aa8bf841c2ae50f67751b2c465432cb,9,70
JOLTS,2020-05-15,JOLTS,906938645,6191000,3100000,myfxbook,myfxbook_unique_populated_gap_fill,oanda,2010-01-01,2023-12-04,myfxbook,calendar-chart-years-back.json,20,EconomicCalendar/raw/myfxbook/myfxbook_consensus_history.json,1538055386838d8ec50ab9cce40153f69aa8bf841c2ae50f67751b2c465432cb,9,71
JOLTS,2020-06-09,JOLTS,906938645,5046000,5000000,myfxbook,myfxbook_unique_populated_gap_fill,oanda,2010-01-01,2023-12-04,myfxbook,calendar-chart-years-back.json,20,EconomicCalendar/raw/myfxbook/myfxbook_consensus_history.json,1538055386838d8ec50ab9cce40153f69aa8bf841c2ae50f67751b2c465432cb,9,72
JOLTS,2020-07-07,JOLTS,906938645,5397000,4850000,myfxbook,myfxbook_unique_populated_gap_fill,oanda,2010-01-01,2023-12-04,myfxbook,calendar-chart-years-back.json,20,EconomicCalendar/raw/myfxbook/myfxbook_consensus_history.json,1538055386838d8ec50ab9cce40153f69aa8bf841c2ae50f67751b2c465432cb,9,73
JOLTS,2020-08-10,JOLTS,906938645,5889000,4910000,myfxbook,myfxbook_unique_populated_gap_fill,oanda,2010-01-01,2023-12-04,myfxbook,calendar-chart-years-back.json,20,EconomicCalendar/raw/myfxbook/myfxbook_consensus_history.json,1538055386838d8ec50ab9cce40153f69aa8bf841c2ae50f67751b2c465432cb,9,74
JOLTS,2020-09-09,JOLTS,906938645,6618000,6000000,myfxbook,myfxbook_unique_populated_gap_fill,oanda,2010-01-01,2023-12-04,myfxbook,calendar-chart-years-back.json,20,EconomicCalendar/raw/myfxbook/myfxbook_consensus_history.json,1538055386838d8ec50ab9cce40153f69aa8bf841c2ae50f67751b2c465432cb,9,75
JOLTS,2020-10-06,JOLTS,906938645,6493000,6685000,myfxbook,myfxbook_unique_populated_gap_fill,oanda,2010-01-01,2023-12-04,myfxbook,calendar-chart-years-back.json,20,EconomicCalendar/raw/myfxbook/myfxbook_consensus_history.json,1538055386838d8ec50ab9cce40153f69aa8bf841c2ae50f67751b2c465432cb,9,76
JOLTS,2020-11-10,JOLTS,906938645,6436000,6500000,myfxbook,myfxbook_unique_populated_gap_fill,oanda,2010-01-01,2023-12-04,myfxbook,calendar-chart-years-back.json,20,EconomicCalendar/raw/myfxbook/myfxbook_consensus_history.json,1538055386838d8ec50ab9cce40153f69aa8bf841c2ae50f67751b2c465432cb,9,77
JOLTS,2020-12-09,JOLTS,906938645,6652000,6300000,myfxbook,myfxbook_unique_populated_gap_fill,oanda,2010-01-01,2023-12-04,myfxbook,calendar-chart-years-back.json,20,EconomicCalendar/raw/myfxbook/myfxbook_consensus_history.json,1538055386838d8ec50ab9cce40153f69aa8bf841c2ae50f67751b2c465432cb,9,78
JOLTS,2021-01-12,JOLTS,906938645,6527000,6300000,myfxbook,myfxbook_unique_populated_gap_fill,oanda,2010-01-01,2023-12-04,myfxbook,calendar-chart-years-back.json,20,EconomicCalendar/raw/myfxbook/myfxbook_consensus_history.json,1538055386838d8ec50ab9cce40153f69aa8bf841c2ae50f67751b2c465432cb,9,79
JOLTS,2021-02-09,JOLTS,906938645,6646000,6500000,myfxbook,myfxbook_unique_populated_gap_fill,oanda,2010-01-01,2023-12-04,myfxbook,calendar-chart-years-back.json,20,EconomicCalendar/raw/myfxbook/myfxbook_consensus_history.json,1538055386838d8ec50ab9cce40153f69aa8bf841c2ae50f67751b2c465432cb,9,80
JOLTS,2021-03-11,JOLTS,906938645,6917000,6600000,myfxbook,myfxbook_unique_populated_gap_fill,oanda,2010-01-01,2023-12-04,myfxbook,calendar-chart-years-back.json,20,EconomicCalendar/raw/myfxbook/myfxbook_consensus_history.json,1538055386838d8ec50ab9cce40153f69aa8bf841c2ae50f67751b2c465432cb,9,81
JOLTS,2021-04-06,JOLTS,906938645,7367000,6995000,myfxbook,myfxbook_unique_populated_gap_fill,oanda,2010-01-01,2023-12-04,myfxbook,calendar-chart-years-back.json,20,EconomicCalendar/raw/myfxbook/myfxbook_consensus_history.json,1538055386838d8ec50ab9cce40153f69aa8bf841c2ae50f67751b2c465432cb,9,82
JOLTS,2021-05-11,JOLTS,906938645,8122999.999999999,7500000,myfxbook,myfxbook_unique_populated_gap_fill,oanda,2010-01-01,2023-12-04,myfxbook,calendar-chart-years-back.json,20,EconomicCalendar/raw/myfxbook/myfxbook_consensus_history.json,1538055386838d8ec50ab9cce40153f69aa8bf841c2ae50f67751b2c465432cb,9,83
JOLTS,2021-06-08,JOLTS,906938645,9286000,8300000.000000001,myfxbook,myfxbook_unique_populated_gap_fill,oanda,2010-01-01,2023-12-04,myfxbook,calendar-chart-years-back.json,20,EconomicCalendar/raw/myfxbook/myfxbook_consensus_history.json,1538055386838d8ec50ab9cce40153f69aa8bf841c2ae50f67751b2c465432cb,9,84
JOLTS,2021-07-07,JOLTS,906938645,9209000,9388000,myfxbook,myfxbook_unique_populated_gap_fill,oanda,2010-01-01,2023-12-04,myfxbook,calendar-chart-years-back.json,20,EconomicCalendar/raw/myfxbook/myfxbook_consensus_history.json,1538055386838d8ec50ab9cce40153f69aa8bf841c2ae50f67751b2c465432cb,9,85
JOLTS,2021-08-09,JOLTS,906938645,10073000,9281000,myfxbook,myfxbook_unique_populated_gap_fill,oanda,2010-01-01,2023-12-04,myfxbook,calendar-chart-years-back.json,20,EconomicCalendar/raw/myfxbook/myfxbook_consensus_history.json,1538055386838d8ec50ab9cce40153f69aa8bf841c2ae50f67751b2c465432cb,9,86
JOLTS,2021-09-08,JOLTS,906938645,10934000,10000000,myfxbook,myfxbook_unique_populated_gap_fill,oanda,2010-01-01,2023-12-04,myfxbook,calendar-chart-years-back.json,20,EconomicCalendar/raw/myfxbook/myfxbook_consensus_history.json,1538055386838d8ec50ab9cce40153f69aa8bf841c2ae50f67751b2c465432cb,9,87
JOLTS,2021-10-12,JOLTS,906938645,10439000,10925000,myfxbook,myfxbook_unique_populated_gap_fill,oanda,2010-01-01,2023-12-04,myfxbook,calendar-chart-years-back.json,20,EconomicCalendar/raw/myfxbook/myfxbook_consensus_history.json,1538055386838d8ec50ab9cce40153f69aa8bf841c2ae50f67751b2c465432cb,9,88
JOLTS,2021-11-12,JOLTS,906938645,10438000,10300000,myfxbook,myfxbook_unique_populated_gap_fill,oanda,2010-01-01,2023-12-04,myfxbook,calendar-chart-years-back.json,20,EconomicCalendar/raw/myfxbook/myfxbook_consensus_history.json,1538055386838d8ec50ab9cce40153f69aa8bf841c2ae50f67751b2c465432cb,9,89
JOLTS,2021-12-08,JOLTS,906938645,11000000,10369000,myfxbook,myfxbook_unique_populated_gap_fill,oanda,2010-01-01,2023-12-04,myfxbook,calendar-chart-years-back.json,20,EconomicCalendar/raw/myfxbook/myfxbook_consensus_history.json,1538055386838d8ec50ab9cce40153f69aa8bf841c2ae50f67751b2c465432cb,9,90
JOLTS,2022-01-04,JOLTS,906938645,10562000,11075000,myfxbook,myfxbook_unique_populated_gap_fill,oanda,2010-01-01,2023-12-04,myfxbook,calendar-chart-years-back.json,20,EconomicCalendar/raw/myfxbook/myfxbook_consensus_history.json,1538055386838d8ec50ab9cce40153f69aa8bf841c2ae50f67751b2c465432cb,9,91
JOLTS,2022-02-01,JOLTS,906938645,10925000,10300000,myfxbook,myfxbook_unique_populated_gap_fill,oanda,2010-01-01,2023-12-04,myfxbook,calendar-chart-years-back.json,20,EconomicCalendar/raw/myfxbook/myfxbook_consensus_history.json,1538055386838d8ec50ab9cce40153f69aa8bf841c2ae50f67751b2c465432cb,9,92
JOLTS,2022-03-09,JOLTS,906938645,11263000,10925000,myfxbook,myfxbook_unique_populated_gap_fill,oanda,2010-01-01,2023-12-04,myfxbook,calendar-chart-years-back.json,20,EconomicCalendar/raw/myfxbook/myfxbook_consensus_history.json,1538055386838d8ec50ab9cce40153f69aa8bf841c2ae50f67751b2c465432cb,9,93
JOLTS,2022-03-29,JOLTS,906938645,11266000,11000000,myfxbook,myfxbook_unique_populated_gap_fill,oanda,2010-01-01,2023-12-04,myfxbook,calendar-chart-years-back.json,20,EconomicCalendar/raw/myfxbook/myfxbook_consensus_history.json,1538055386838d8ec50ab9cce40153f69aa8bf841c2ae50f67751b2c465432cb,9,94
JOLTS,2022-05-03,JOLTS,906938645,11549000,11000000,myfxbook,myfxbook_unique_populated_gap_fill,oanda,2010-01-01,2023-12-04,myfxbook,calendar-chart-years-back.json,20,EconomicCalendar/raw/myfxbook/myfxbook_consensus_history.json,1538055386838d8ec50ab9cce40153f69aa8bf841c2ae50f67751b2c465432cb,9,95
JOLTS,2022-06-01,JOLTS,906938645,11400000,11400000,myfxbook,myfxbook_unique_populated_gap_fill,oanda,2010-01-01,2023-12-04,myfxbook,calendar-chart-years-back.json,20,EconomicCalendar/raw/myfxbook/myfxbook_consensus_history.json,1538055386838d8ec50ab9cce40153f69aa8bf841c2ae50f67751b2c465432cb,9,96
JOLTS,2022-07-06,JOLTS,906938645,11254000,11000000,myfxbook,myfxbook_unique_populated_gap_fill,oanda,2010-01-01,2023-12-04,myfxbook,calendar-chart-years-back.json,20,EconomicCalendar/raw/myfxbook/myfxbook_consensus_history.json,1538055386838d8ec50ab9cce40153f69aa8bf841c2ae50f67751b2c465432cb,9,97
JOLTS,2022-08-02,JOLTS,906938645,10698000,11000000,myfxbook,myfxbook_unique_populated_gap_fill,oanda,2010-01-01,2023-12-04,myfxbook,calendar-chart-years-back.json,20,EconomicCalendar/raw/myfxbook/myfxbook_consensus_history.json,1538055386838d8ec50ab9cce40153f69aa8bf841c2ae50f67751b2c465432cb,9,98
JOLTS,2022-08-30,JOLTS,906938645,11239000,10450000,myfxbook,myfxbook_unique_populated_gap_fill,oanda,2010-01-01,2023-12-04,myfxbook,calendar-chart-years-back.json,20,EconomicCalendar/raw/myfxbook/myfxbook_consensus_history.json,1538055386838d8ec50ab9cce40153f69aa8bf841c2ae50f67751b2c465432cb,9,99
JOLTS,2022-10-04,JOLTS,906938645,10053000,10775000,myfxbook,myfxbook_unique_populated_gap_fill,oanda,2010-01-01,2023-12-04,myfxbook,calendar-chart-years-back.json,20,EconomicCalendar/raw/myfxbook/myfxbook_consensus_history.json,1538055386838d8ec50ab9cce40153f69aa8bf841c2ae50f67751b2c465432cb,9,100
JOLTS,2022-11-01,JOLTS,906938645,10717000,10000000,myfxbook,myfxbook_unique_populated_gap_fill,oanda,2010-01-01,2023-12-04,myfxbook,calendar-chart-years-back.json,20,EconomicCalendar/raw/myfxbook/myfxbook_consensus_history.json,1538055386838d8ec50ab9cce40153f69aa8bf841c2ae50f67751b2c465432cb,9,101
JOLTS,2022-11-30,JOLTS,906938645,10334000,10300000,myfxbook,myfxbook_unique_populated_gap_fill,oanda,2010-01-01,2023-12-04,myfxbook,calendar-chart-years-back.json,20,EconomicCalendar/raw/myfxbook/myfxbook_consensus_history.json,1538055386838d8ec50ab9cce40153f69aa8bf841c2ae50f67751b2c465432cb,9,102
JOLTS,2023-01-04,JOLTS,906938645,10458000,10000000,myfxbook,myfxbook_unique_populated_gap_fill,oanda,2010-01-01,2023-12-04,myfxbook,calendar-chart-years-back.json,20,EconomicCalendar/raw/myfxbook/myfxbook_consensus_history.json,1538055386838d8ec50ab9cce40153f69aa8bf841c2ae50f67751b2c465432cb,9,103
JOLTS,2023-02-01,JOLTS,906938645,11012000,10250000,myfxbook,myfxbook_unique_populated_gap_fill,oanda,2010-01-01,2023-12-04,myfxbook,calendar-chart-years-back.json,20,EconomicCalendar/raw/myfxbook/myfxbook_consensus_history.json,1538055386838d8ec50ab9cce40153f69aa8bf841c2ae50f67751b2c465432cb,9,104
JOLTS,2023-03-08,JOLTS,906938645,10824000,10500000,myfxbook,myfxbook_unique_populated_gap_fill,oanda,2010-01-01,2023-12-04,myfxbook,calendar-chart-years-back.json,20,EconomicCalendar/raw/myfxbook/myfxbook_consensus_history.json,1538055386838d8ec50ab9cce40153f69aa8bf841c2ae50f67751b2c465432cb,9,105
JOLTS,2023-04-04,JOLTS,906938645,9931000,10400000,myfxbook,myfxbook_unique_populated_gap_fill,oanda,2010-01-01,2023-12-04,myfxbook,calendar-chart-years-back.json,20,EconomicCalendar/raw/myfxbook/myfxbook_consensus_history.json,1538055386838d8ec50ab9cce40153f69aa8bf841c2ae50f67751b2c465432cb,9,106
JOLTS,2023-05-02,JOLTS,906938645,9590000,9775000,myfxbook,myfxbook_unique_populated_gap_fill,oanda,2010-01-01,2023-12-04,myfxbook,calendar-chart-years-back.json,20,EconomicCalendar/raw/myfxbook/myfxbook_consensus_history.json,1538055386838d8ec50ab9cce40153f69aa8bf841c2ae50f67751b2c465432cb,9,107
JOLTS,2023-05-31,JOLTS,906938645,10103000,9375000,myfxbook,myfxbook_unique_populated_gap_fill,oanda,2010-01-01,2023-12-04,myfxbook,calendar-chart-years-back.json,20,EconomicCalendar/raw/myfxbook/myfxbook_consensus_history.json,1538055386838d8ec50ab9cce40153f69aa8bf841c2ae50f67751b2c465432cb,9,108
JOLTS,2023-07-06,JOLTS,906938645,9800000,9935000,myfxbook,myfxbook_unique_populated_gap_fill,oanda,2010-01-01,2023-12-04,myfxbook,calendar-chart-years-back.json,20,EconomicCalendar/raw/myfxbook/myfxbook_consensus_history.json,1538055386838d8ec50ab9cce40153f69aa8bf841c2ae50f67751b2c465432cb,9,109
JOLTS,2023-08-01,JOLTS,906938645,9582000,9610000,myfxbook,myfxbook_unique_populated_gap_fill,oanda,2010-01-01,2023-12-04,myfxbook,calendar-chart-years-back.json,20,EconomicCalendar/raw/myfxbook/myfxbook_consensus_history.json,1538055386838d8ec50ab9cce40153f69aa8bf841c2ae50f67751b2c465432cb,9,110
JOLTS,2023-08-29,JOLTS,906938645,8827000,9465000,myfxbook,myfxbook_unique_populated_gap_fill,oanda,2010-01-01,2023-12-04,myfxbook,calendar-chart-years-back.json,20,EconomicCalendar/raw/myfxbook/myfxbook_consensus_history.json,1538055386838d8ec50ab9cce40153f69aa8bf841c2ae50f67751b2c465432cb,9,111
JOLTS,2023-10-03,JOLTS,906938645,9610000,8800000,myfxbook,myfxbook_unique_populated_gap_fill,oanda,2010-01-01,2023-12-04,myfxbook,calendar-chart-years-back.json,20,EconomicCalendar/raw/myfxbook/myfxbook_consensus_history.json,1538055386838d8ec50ab9cce40153f69aa8bf841c2ae50f67751b2c465432cb,9,112
JOLTS,2023-11-01,JOLTS,906938645,9553000,9250000,myfxbook,myfxbook_unique_populated_gap_fill,oanda,2010-01-01,2023-12-04,myfxbook,calendar-chart-years-back.json,20,EconomicCalendar/raw/myfxbook/myfxbook_consensus_history.json,1538055386838d8ec50ab9cce40153f69aa8bf841c2ae50f67751b2c465432cb,9,113
