aggregation,symbol,lookback,partition,direction,horizon,contributors,touch_rate,close_rate,touch_median_bars,fill_median_bars,mfe_p25_price,mfe_median_price,mfe_p75_price,mae_p25_price,mae_median_price,mae_p75_price,directional_close_return_p25_price,directional_close_return_median_price,directional_close_return_p75_price,mfe_p25_pips,mfe_median_pips,mfe_p75_pips,mae_p25_pips,mae_median_pips,mae_p75_pips,directional_close_return_p25_pips,directional_close_return_median_pips,directional_close_return_p75_pips,mfe_p25_widths,mfe_median_widths,mfe_p75_widths,mae_p25_widths,mae_median_widths,mae_p75_widths,directional_close_return_p25_widths,directional_close_return_median_widths,directional_close_return_p75_widths
equal_symbol,ALL,10,confirmation,bearish,4,6,0.68261572666855441,0.35813931726572545,1,2,0.0085233333333304961,0.019779999999997539,0.037726666666667262,0.0090633333333375501,0.018645000000001504,0.032896666666667872,-0.019998333333336431,-0.0014216666666683198,0.018889999999998353,2.7333333333330985,6.3999999999994133,12.616666666666594,3.1833333333331013,6.6000000000003984,12.166666666666687,-6.9333333333335396,-1.0166666666670654,5.7500000000000329,0.99559877660919749,2.6805616675466406,7.1748217161269778,1.1057345490304475,2.9385714916402406,7.7445436507965617,-3.4355485784065567,-0.3637356887356416,2.1649155181628346
equal_symbol,ALL,10,confirmation,bearish,16,6,0.83227271345368825,0.61628978292714454,1,3.6666666666666665,0.017046666666665728,0.038209999999998266,0.071661666666664611,0.01813833333333718,0.038326666666664934,0.064098333333332536,-0.034445000000003632,-0.0036099999999977075,0.035146666666669581,5.4666666666666712,12.499999999999895,23.616666666666703,6.4833333333339001,13.66666666666662,23.88333333333323,-12.800000000000287,-1.4499999999992113,11.566666666667317,1.9070105820104166,5.3727203682252638,14.359856880833462,2.2556616089224768,6.0085294335300725,15.660714285700422,-5.8928673178680535,-0.50582419439819848,4.8540301277944566
equal_symbol,ALL,10,confirmation,bearish,64,6,0.91245164882697338,0.79314370960777236,1.8333333333333333,5.5,0.036710000000000541,0.077936666666669582,0.13847833333333451,0.032500000000003547,0.07317333333333205,0.12732166666666658,-0.081998333333332382,-0.0082316666666677283,0.070173333333333546,12.349999999999758,26.966666666667265,46.633333333333546,13.150000000000182,27.183333333332921,45.616666666666106,-26.333333333332778,-1.466666666666409,23.583333333333254,4.0133493050161384,11.679338497755374,32.326666666692276,4.4072005563582115,12.428527336861029,31.576019813526258,-11.342434507672772,-0.46295952079507613,10.515226751746996
equal_symbol,ALL,10,confirmation,bullish,4,6,0.68206074557826757,0.34079114409151462,1,2,0.00719000000000027,0.015753333333330694,0.02932500000000347,0.0073966666666677354,0.015470000000000575,0.028353333333332027,-0.015118333333332346,-3.6666666666721838e-05,0.016576666666668072,2.6000000000000765,5.7333333333324648,11.100000000000547,3.0166666666668527,6.2000000000001307,11.283333333333408,-5.9833333333335856,-0.36666666666721842,5.7166666666668364,1.0098655928384386,2.5728044332223865,7.187991530544739,1.1480972730972148,2.9244099038216671,7.7008928571441357,-2.9155751753121746,-0.17860619772357478,2.4332620832036365
equal_symbol,ALL,10,confirmation,bullish,16,6,0.82295586433289669,0.58959823058012195,1,3.8333333333333335,0.015720000000002104,0.035025000000002117,0.059461666666663339,0.014933333333331503,0.031086666666663838,0.054863333333331432,-0.025231666666664394,0.0019900000000000841,0.034848333333329873,5.3999999999996424,12.00000000000056,22.066666666666425,5.7833333333330446,12.21666666666615,22.283333333333456,-11.416666666666083,0.10000000000009261,11.883333333332869,2.053056115340679,5.5773959354923237,14.856902356903047,2.1830243888174388,5.6303030303014765,15.02725661871483,-5.1161054994371584,-0.043929636666624382,5.3522173489290674
equal_symbol,ALL,10,confirmation,bullish,64,6,0.90756604261008411,0.77091337430282136,1.5,5.833333333333333,0.037049999999997398,0.071921666666669326,0.12543499999999988,0.028044999999997083,0.063671666666668181,0.12444333333333318,-0.060984999999998256,0.01171166666666551,0.076503333333333798,12.449999999999511,26.216666666666999,46.550000000000011,11.499999999999702,24.566666666666425,46.533333333333339,-24.099999999999415,1.6166666666663554,27.48333333333343,4.5288079621531008,12.370028133380508,33.911832611846812,4.2589008579132326,11.82192982455917,32.427248677273226,-11.217302568874475,0.44532273041883047,13.373076423026165
equal_symbol,ALL,15,confirmation,bearish,4,6,0.68319293535656744,0.35818809168176885,1,2,0.0085216666666685925,0.020283333333333337,0.037908333333334765,0.0095633333333352555,0.019329999999999903,0.03374833333333379,-0.021018333333331734,-0.0017633333333318772,0.018889999999998297,2.7166666666671673,6.4833333333337579,12.78333333333377,3.2333333333334213,6.8499999999997785,12.433333333333371,-7.2333333333330847,-1.1333333333337785,5.7499999999994778,0.95816292625508981,2.6239073249146214,6.9354527031598936,1.1134110843721479,2.8912698412717419,7.5950226244356962,-3.3893467643474349,-0.39480101328353917,2.1151687654355427
equal_symbol,ALL,15,confirmation,bearish,16,6,0.82928593454407096,0.61676922733652828,1,3.6666666666666665,0.017388333333333988,0.03854499999999985,0.06916000000000018,0.018979999999998332,0.039010000000001488,0.064626666666663571,-0.035820000000000574,-0.0044533333333350855,0.035136666666664852,5.5833333333334885,12.549999999999978,23.349999999999966,6.6499999999998236,13.900000000000622,24.216666666666896,-13.350000000000483,-1.6333333333335975,11.46666666666693,1.8741208002732492,5.1139430014478178,13.994047619027866,2.2354708041031208,5.8393466982738067,15.346777296790201,-6.0119708994681247,-0.55333707789208997,4.5621646989945495
equal_symbol,ALL,15,confirmation,bearish,64,6,0.91290084257339554,0.7914044417229037,1.8333333333333333,5.5,0.036048333333335493,0.074919999999998058,0.13646666666666779,0.03367666666666632,0.075176666666665462,0.12731666666666661,-0.085944999999999258,-0.010761666666665467,0.069486666666668417,12.333333333333945,26.500000000000131,46.316666666667025,13.366666666666555,27.416666666666298,45.566666666666343,-26.200000000000035,-2.0166666666662967,23.316666666666539,3.8863401473447698,10.993894123938176,30.443915343906735,4.275214370741379,11.716876750701928,30.145366479914347,-11.021693717357996,-0.6026619830577673,9.5154168947290447
equal_symbol,ALL,15,confirmation,bullish,4,6,0.68021342737265511,0.3412702040777979,1,2,0.007694999999997898,0.015926666666669587,0.030513333333332893,0.0075666666666684796,0.015818333333330731,0.02853166666666614,-0.015141666666665629,-3.8333333333343912e-05,0.017249999999999894,2.6999999999996138,5.8166666666666034,11.433333333333428,3.0666666666664106,6.3833333333328381,11.416666666666659,-6.2166666666664119,-0.38333333333343916,5.8500000000004517,1.0329491799598032,2.5741254773161573,7.0702224310667665,1.1168864037711754,2.8960858585849309,7.7221857249016912,-2.9354086229091165,-0.18574367654741844,2.3680580312925277
equal_symbol,ALL,15,confirmation,bullish,16,6,0.81962959829733795,0.58715969155930459,1,3.8333333333333335,0.016559999999996671,0.035884999999996579,0.059984999999999032,0.014606666666667953,0.030763333333333698,0.054198333333332994,-0.023906666666667537,0.0016583333333365553,0.035686666666667255,5.5499999999997138,12.349999999999534,22.349999999999678,5.8166666666663884,12.283333333333601,22.233333333333718,-11.366666666666754,0.083333333333664619,12.016666666667298,2.0277676392694794,5.510239866696991,14.82190652914533,2.1291628461396859,5.6037665493538675,14.90533942178685,-5.2241161616174852,-0.072609518483953653,5.2858791208800495
equal_symbol,ALL,15,confirmation,bullish,64,6,0.90277698245016147,0.76303706494738277,1.5,5.833333333333333,0.038048333333335516,0.073771666666668664,0.12683333333333482,0.025861666666667633,0.063303333333333267,0.12341499999999984,-0.06028333333333321,0.011903333333332988,0.080161666666665646,12.533333333333395,26.566666666667462,47.333333333333144,11.116666666666958,24.183333333333042,46.150000000000368,-23.683333333333575,1.8833333333332591,27.766666666666257,4.4955754734831803,12.073241068690427,33.851121463072538,4.1338016177104278,11.221230158734832,32.095805109937125,-11.212105937383535,0.53582212313664301,12.840787027062078
equal_symbol,ALL,20,confirmation,bearish,4,6,0.6784190841446508,0.35222710913021821,1,2,0.0088633333333320574,0.020800000000002299,0.038915000000001421,0.0097283333333313404,0.019501666666667378,0.034753333333333802,-0.021199999999999237,-0.0020866666666667553,0.018908333333331639,2.8333333333329542,6.6999999999997213,12.949999999999951,3.2333333333332881,6.916666666666667,12.583333333333146,-7.4000000000002588,-1.0666666666668008,5.933333333332901,0.97220365455183,2.6134630858554888,6.9473026972975793,1.0907311437161757,2.886485890652676,7.5051645658172781,-3.3800064889693799,-0.38043663136655592,2.1508396218228252
equal_symbol,ALL,20,confirmation,bearish,16,6,0.8264753497845182,0.61076972751416836,1,3.5,0.017734999999997503,0.039249999999998265,0.069208333333333497,0.019309999999999921,0.040840000000000744,0.064329999999999998,-0.035816666666667184,-0.0044350000000017058,0.035670000000000535,5.7499999999997895,12.999999999999559,23.833333333333133,6.6499999999999488,14.050000000000333,24.549999999999983,-13.316666666666562,-1.4499999999998032,11.850000000000094,1.8883441055489041,5.1137596332062163,14.176413255352559,2.1504649542080383,5.7125380066569251,15.293981481478712,-6.0153464135549903,-0.48160091542438943,4.4930999066304258
equal_symbol,ALL,20,confirmation,bearish,64,6,0.91100717776785745,0.78799248141239842,1.6666666666666667,5.5,0.03654666666666645,0.074568333333334555,0.13730333333333364,0.032989999999996522,0.076213333333336963,0.13033833333333339,-0.089496666666663671,-0.010445000000001961,0.069130000000000177,12.366666666666747,26.283333333333871,46.433333333333088,13.100000000000113,27.883333333333994,46.083333333333144,-27.06666666666635,-2.1500000000001109,23.049999999999851,3.7871207491815615,10.891582896270629,29.894248365994212,4.1681370801106947,11.351597118562752,30.280555555541738,-10.978721417238363,-0.61986125470230802,9.2582525460992802
equal_symbol,ALL,20,confirmation,bullish,4,6,0.68176192381827239,0.34607741730089664,1,2,0.0073633333333343693,0.015756666666668844,0.030341666666665452,0.0074083333333296491,0.016005000000002972,0.02889000000000112,-0.015173333333332281,0.00011833333333409006,0.016561666666668123,2.6833333333331857,5.766666666667045,11.366666666666911,3.1333333333328848,6.600000000000442,11.70000000000068,-6.5333333333329309,-0.46666666666697793,5.5666666666673335,1.0143728223000386,2.5494181623270702,6.8583333333335608,1.1635776869645944,3.0153363997118654,7.8445930663110346,-3.0867464377059597,-0.24596873506670539,2.1898524181122663
equal_symbol,ALL,20,confirmation,bullish,16,6,0.82172077938473109,0.59558457646256124,1,3.8333333333333335,0.015890000000002995,0.035214999999998144,0.058808333333331519,0.014964999999998193,0.030124999999997199,0.053724999999997268,-0.023431666666669848,0.00063666666666513849,0.035171666666669564,5.4500000000006805,12.249999999999842,22.133333333332828,6.0999999999999348,12.50000000000014,22.450000000000045,-11.566666666666592,-0.23333333333323361,11.816666666667103,1.9850935702793722,5.3445468166950016,14.478240740748994,2.1686199693560577,5.6578544061303555,15.301353124830593,-5.6596139971141062,-0.12866313495440973,4.9589208923050512
equal_symbol,ALL,20,confirmation,bullish,64,6,0.90203473379465426,0.76273627633796048,1.5,5.666666666666667,0.037029999999997398,0.072591666666667776,0.12446999999999984,0.025861666666667615,0.063306666666666581,0.11842833333333773,-0.060134999999999085,0.011408333333335371,0.076626666666667939,12.249999999999494,26.31666666666688,46.799999999999898,11.116666666666775,24.216666666666224,45.783333333334099,-23.85000000000025,1.8833333333338216,27.066666666666965,4.448770445094655,11.69182007339044,32.864357864389135,4.1811673280412798,11.138629013625817,32.435544871791876,-11.023650696508666,0.51211383891690099,12.616725005203806
