aggregation,symbol,lookback,partition,direction,horizon,eligible,complete,censored,touches,closes,touch_rate,close_rate,touch_median_bars,touch_p25_bars,touch_p75_bars,fill_median_bars,fill_p25_bars,fill_p75_bars,mfe_p25_price,mfe_median_price,mfe_p75_price,mae_p25_price,mae_median_price,mae_p75_price,directional_close_return_p25_price,directional_close_return_median_price,directional_close_return_p75_price,mfe_p25_pips,mfe_median_pips,mfe_p75_pips,mae_p25_pips,mae_median_pips,mae_p75_pips,directional_close_return_p25_pips,directional_close_return_median_pips,directional_close_return_p75_pips,mfe_p25_widths,mfe_median_widths,mfe_p75_widths,mae_p25_widths,mae_median_widths,mae_p75_widths,directional_close_return_p25_widths,directional_close_return_median_widths,directional_close_return_p75_widths,race_continuation_first,race_revisit_first,race_same_bar_intrabar_order_indeterminate,race_neither,race_censored,censor_gap,censor_boundary,censor_tail,censor_invalid_input
event_weighted,AUDCAD,10,confirmation,bearish,4,680,677,3,448,251,0.66174298375184637,0.37075332348596751,1,1,2,2,1,3,0.00017999999999995797,0.00046000000000001595,0.0008799999999999919,0.00025999999999992696,0.00055000000000005045,0.0010099999999999554,-0.00057999999999991392,-0.00014999999999998348,0.00039000000000000146,1.7999999999995797,4.6000000000001595,8.799999999999919,2.5999999999992696,5.5000000000005045,10.099999999999554,-5.7999999999991392,-1.4999999999998348,3.9000000000000146,0.92307692307725153,2.6666666666691339,6.8888888888942343,1.2307692307689022,3.2978723404258488,7.6666666666753018,-3.7333333333323959,-0.59340659340652635,1.9250000000003331,0,0,0,0,0,3,0,0,0
event_weighted,AUDCAD,10,confirmation,bearish,16,680,668,12,552,416,0.82634730538922152,0.6227544910179641,1,1,3,4,2,7,0.00040000000000006697,0.0009200000000000319,0.0016899999999999693,0.00054999999999993943,0.0011700000000000044,0.0019799999999999818,-0.00095999999999996088,-6.0000000000060005e-05,0.00082000000000004292,4.0000000000006697,9.200000000000319,16.899999999999693,5.4999999999993943,11.700000000000044,19.799999999999816,-9.5999999999996088,-0.60000000000060005,8.2000000000004292,1.9642857142858747,5.2413793103445805,13.800000000001999,2.5494505494506314,6.1142857142864759,15.499999999984734,-5.6500000000009996,-0.22142857142859559,4.7681159420288424,0,0,0,0,0,12,0,0,0
event_weighted,AUDCAD,10,confirmation,bearish,64,680,582,98,526,467,0.90378006872852235,0.80240549828178698,2,1,5,5,2,14,0.0009000000000000119,0.0019799999999999818,0.0032400000000000206,0.0011499999999999844,0.0021800000000000708,0.0033999999999999586,-0.0018700000000000383,-0.00025999999999992696,0.0015199999999999658,9.000000000000119,19.799999999999816,32.400000000000205,11.499999999999844,21.800000000000708,33.999999999999588,-18.700000000000383,-2.5999999999992696,15.199999999999658,4.0909090909117518,11.300000000000889,29.000000000049962,4.800000000000888,13.111111111114331,31.153846153828287,-10.926829268292208,-1.1666666666665124,7.9615384615407612,281,185,116,0,98,97,0,1,0
event_weighted,AUDCAD,10,confirmation,bullish,4,790,783,7,557,301,0.71136653895274582,0.38441890166028098,1,1,2,2,1,3,0.00017000000000000348,0.00041999999999997595,0.00078000000000000291,0.00028000000000005798,0.00054000000000009596,0.00095000000000000639,-0.00056999999999995943,-0.00014000000000002899,0.00035999999999991594,1.7000000000000348,4.1999999999997595,7.8000000000000291,2.8000000000005798,5.4000000000009596,9.5000000000000639,-5.6999999999995943,-1.4000000000002899,3.5999999999991594,0.850000000000111,2.3333333333327166,6.7499999999930616,1.3157894736839031,3.1818181818194664,8.0624999999976144,-3.5599999999985967,-0.649999999999889,1.9375000000009541,0,0,0,0,0,7,0,0,0
event_weighted,AUDCAD,10,confirmation,bullish,16,790,768,22,646,499,0.84114583333333337,0.64973958333333337,1,1,3,4,2,7,0.00033000000000005247,0.00079000000000006843,0.0015200000000000768,0.00053999999999998494,0.0010400000000000409,0.0018000000000000238,-0.0010400000000000409,-0.00018999999999991246,0.00066999999999994841,3.3000000000005247,7.9000000000006843,15.200000000000768,5.3999999999998494,10.400000000000409,18.000000000000238,-10.400000000000409,-1.8999999999991246,6.6999999999994841,1.5624999999993494,4.5000000000009255,12.583333333332485,2.5121951219510281,5.7272727272700665,15.555555555550347,-5.9259259259262613,-0.92452830188678592,3.4999999999972244,0,0,0,0,0,22,0,0,0
event_weighted,AUDCAD,10,confirmation,bullish,64,790,685,105,638,565,0.93138686131386861,0.82481751824817517,1,1,4,5,2,13,0.0008399999999999519,0.0017700000000000493,0.0030499999999999972,0.0010799999999999699,0.0019799999999999818,0.0036000000000000476,-0.0019000000000000128,-6.0000000000060005e-05,0.0015699999999999603,8.399999999999519,17.700000000000493,30.499999999999972,10.799999999999699,19.799999999999816,36.000000000000476,-19.000000000000128,-0.60000000000060005,15.699999999999603,3.7254901960783799,9.8928571428552736,27.909090909105405,5.0384615384609308,11.999999999998057,30.000000000025906,-10.59090909090893,-0.19831223628690875,10.750000000003816,278,261,146,0,105,104,0,1,0
event_weighted,AUDCAD,15,confirmation,bearish,4,538,536,2,355,210,0.66231343283582089,0.39179104477611942,1,1,2,2,1,3,0.00017999999999995797,0.00047000000000008146,0.00088999999999994639,0.00026000000000003798,0.00058000000000002494,0.0010499999999999954,-0.00061999999999995392,-0.00019000000000002348,0.00039000000000000146,1.7999999999995797,4.7000000000008146,8.8999999999994639,2.6000000000003798,5.8000000000002494,10.499999999999954,-6.1999999999995392,-1.9000000000002348,3.9000000000000146,0.90476190476130058,2.6458333333331212,6.7692307692326086,1.2857142857146633,3.3333333333358004,7.5000000000055511,-3.8333333333358004,-0.77777777777764068,2.0000000000006941,0,0,0,0,0,2,0,0,0
event_weighted,AUDCAD,15,confirmation,bearish,16,538,530,8,436,330,0.8226415094339623,0.62264150943396224,1,1,3,3,2,7,0.00041000000000002146,0.00092999999999998639,0.0016899999999999693,0.00056999999999995943,0.0011700000000000044,0.0019900000000000473,-0.00095999999999996088,-5.9999999999948983e-05,0.00085000000000001741,4.1000000000002146,9.2999999999998639,16.899999999999693,5.6999999999995943,11.700000000000044,19.900000000000471,-9.5999999999996088,-0.59999999999948983,8.5000000000001741,1.9902439024390146,4.8333333333376505,14.250000000001666,2.5494505494506314,6.1212121212132731,15.772727272727296,-5.8749999999937552,-0.18181818181833473,4.7681159420288424,0,0,0,0,0,8,0,0,0
event_weighted,AUDCAD,15,confirmation,bearish,64,538,460,78,420,369,0.91304347826086951,0.80217391304347829,2,1,5,5,2,14,0.0009000000000000119,0.0019599999999999618,0.0031699999999998951,0.0011999999999999789,0.0021800000000000708,0.0034899999999999931,-0.0019100000000000783,-0.00041999999999997595,0.0014500000000000624,9.000000000000119,19.599999999999618,31.699999999998951,11.999999999999789,21.800000000000708,34.899999999999928,-19.100000000000783,-4.1999999999997595,14.500000000000624,4.1764705882365041,10.684210526314928,28.111111111099461,4.7704918032788228,12.857142857140365,31.999999999997225,-11.727272727270984,-1.6483516483517107,7.4482758620688205,221,142,97,0,78,77,0,1,0
event_weighted,AUDCAD,15,confirmation,bullish,4,604,599,5,430,232,0.71786310517529217,0.38731218697829717,1,1,2,2,1,3,0.00017000000000000348,0.00041000000000002146,0.00078000000000000291,0.00028999999999990145,0.00054000000000009596,0.00093999999999994088,-0.00058000000000002494,-0.0001300000000000745,0.00036999999999998145,1.7000000000000348,4.1000000000002146,7.8000000000000291,2.8999999999990145,5.4000000000009596,9.3999999999994088,-5.8000000000002494,-1.300000000000745,3.6999999999998145,0.87499999999913258,2.3684210526310254,6.5999999999995556,1.2812500000001192,3.4166666666665897,8.5000000000074021,-3.7500000000010409,-0.66233766233763425,1.7499999999998266,0,0,0,0,0,5,0,0,0
event_weighted,AUDCAD,15,confirmation,bullish,16,604,589,15,495,387,0.84040747028862484,0.65704584040747027,1,1,3,4,2,7,0.00031999999999998696,0.00078000000000000291,0.0015000000000000568,0.00051000000000001044,0.0010400000000000409,0.0017900000000000693,-0.0010499999999999954,-0.00020999999999993246,0.00064000000000008495,3.1999999999998696,7.8000000000000291,15.000000000000568,5.1000000000001044,10.400000000000409,17.900000000000691,-10.499999999999954,-2.0999999999993246,6.4000000000008495,1.6052631578950058,4.3529411764709343,12.428571428567803,2.5121951219510281,5.9999999999975326,16.363636363636729,-7.0000000000027756,-1.1290322580646548,3.0000000000037006,0,0,0,0,0,15,0,0,0
event_weighted,AUDCAD,15,confirmation,bullish,64,604,524,80,486,430,0.9274809160305344,0.82061068702290074,1,1,4,5,2,12,0.00078000000000000291,0.0016599999999999948,0.0029000000000000137,0.0010999999999999899,0.0019799999999999818,0.0035400000000000986,-0.0018399999999999528,-0.00018000000000006899,0.0014699999999999713,7.8000000000000291,16.599999999999948,29.000000000000135,10.999999999999899,19.799999999999816,35.400000000000986,-18.399999999999526,-1.8000000000006899,14.699999999999713,3.7254901960783799,9.7499999999902851,26.600000000002886,5.0000000000004441,12.214285714283109,31.999999999995303,-12.000000000002414,-0.78048780487797609,7.5555555555562961,211,197,116,0,80,80,0,0,0
event_weighted,AUDCAD,20,confirmation,bearish,4,457,455,2,299,167,0.65714285714285714,0.36703296703296701,1,1,2,2,1,3,0.00019999999999997797,0.00051999999999996493,0.0009000000000000119,0.00024000000000001798,0.00057000000000007045,0.0010000000000000009,-0.00058999999999997943,-0.00012999999999996348,0.00043999999999999595,1.9999999999997797,5.1999999999996493,9.000000000000119,2.4000000000001798,5.7000000000007045,10.000000000000009,-5.8999999999997943,-1.2999999999996348,4.3999999999999595,1.0000000000015861,2.6666666666691339,6.8571428571403645,1.1315789473684288,3.0999999999972245,7.3333333333259318,-3.7499999999958367,-0.55555555555562408,2.2786885245901698,0,0,0,0,0,2,0,0,0
event_weighted,AUDCAD,20,confirmation,bearish,16,457,450,7,369,272,0.81999999999999995,0.60444444444444445,1,1,4,3,2,7,0.00043999999999999595,0.0010099999999999554,0.0017599999999999838,0.00053999999999998494,0.0010899999999999244,0.0019299999999999873,-0.00082999999999999741,2.9999999999974492e-05,0.00095000000000000639,4.3999999999999595,10.099999999999554,17.599999999999838,5.3999999999998494,10.899999999999244,19.299999999999873,-8.2999999999999741,0.29999999999974492,9.5000000000000639,2.0599999999999423,5.2139303482585539,13.833333333319455,2.1250000000008673,5.2222222222227153,14.900000000001555,-5.3823529411763555,0.083333333333423285,4.7142857142860315,0,0,0,0,0,7,0,0,0
event_weighted,AUDCAD,20,confirmation,bearish,64,457,392,65,357,313,0.9107142857142857,0.79846938775510201,2,1,5,5,2,15,0.00095000000000000639,0.0020000000000000018,0.0032599999999999296,0.0011200000000000099,0.0021400000000000308,0.0033699999999999841,-0.0019099999999999673,-0.00031000000000003247,0.0015000000000000568,9.5000000000000639,20.000000000000018,32.599999999999298,11.200000000000099,21.400000000000308,33.699999999999839,-19.099999999999671,-3.1000000000003247,15.000000000000568,4.3642384105959833,11.300000000000889,27.000000000002959,4.5047619047619358,11.739130434779524,30.999999999969468,-11.965517241378704,-1.1750000000001943,7.4166666666659724,193,118,81,0,65,64,0,1,0
event_weighted,AUDCAD,20,confirmation,bullish,4,484,480,4,350,195,0.72916666666666663,0.40625,1,1,2,2,1,3,0.00014999999999998348,0.00038000000000004697,0.00073999999999996291,0.00031999999999998696,0.00059000000000009045,0.00096000000000007191,-0.00060999999999999943,-0.00017000000000000348,0.00026000000000003798,1.4999999999998348,3.8000000000004697,7.3999999999996291,3.1999999999998696,5.9000000000009045,9.6000000000007191,-6.0999999999999943,-1.7000000000000348,2.6000000000003798,0.85714285714353688,2.1666666666665124,6.1250000000022551,1.4237288135592103,3.8571428571439901,9.2499999999930616,-4.321428571429152,-0.87499999999965306,1.299999999999778,0,0,0,0,0,4,0,0,0
event_weighted,AUDCAD,20,confirmation,bullish,16,484,471,13,403,319,0.85562632696390661,0.67728237791932056,1,1,3,4,2,8,0.00030000000000007798,0.00073999999999996291,0.0013999999999999568,0.00058000000000002494,0.0011199999999998989,0.0018200000000000438,-0.0010900000000000354,-0.00026999999999999247,0.00058000000000002494,3.0000000000007798,7.3999999999996291,13.999999999999568,5.8000000000002494,11.199999999998989,18.200000000000436,-10.900000000000354,-2.6999999999999247,5.8000000000002494,1.5806451612901262,4.0526315789465377,11.666666666665433,2.6000000000000001,6.300000000000888,17.571428571424267,-8.7857142857121335,-1.2857142857139836,2.6666666666658441,0,0,0,0,0,13,0,0,0
event_weighted,AUDCAD,20,confirmation,bullish,64,484,420,64,389,346,0.92619047619047623,0.82380952380952377,1,1,3,5,2,11,0.0007299999999998974,0.0016399999999999748,0.0027899999999999592,0.0010999999999999899,0.0020799999999999708,0.0036000000000000476,-0.0019500000000000073,-0.00018999999999991246,0.0013299999999999423,7.299999999998974,16.399999999999746,27.89999999999959,10.999999999999899,20.799999999999706,36.000000000000476,-19.500000000000071,-1.8999999999991246,13.299999999999423,3.5106382978718176,9.363636363636731,27.42424242423807,5.3333333333277819,13.250000000004972,33.687499999989718,-12.368421052633471,-0.74468085106379456,7.2727272727287717,168,158,94,0,64,64,0,0,0
event_weighted,AUDUSD,10,confirmation,bearish,4,799,794,5,540,267,0.68010075566750627,0.33627204030226698,1,1,2,2,1,3,0.00019999999999997797,0.00047999999999992493,0.00088999999999994639,0.00024999999999997247,0.00046999999999997044,0.00085000000000001741,-0.00048000000000003595,-9.0000000000034497e-05,0.00041000000000002146,1.9999999999997797,4.7999999999992493,8.8999999999994639,2.4999999999997247,4.6999999999997044,8.5000000000001741,-4.8000000000003595,-0.90000000000034497,4.1000000000002146,1,2.6304347826088321,7.0000000000027756,1.122448979591735,2.9655172413790858,7.0833333333351325,-3.3333333333358004,-0.44444444444449011,2,0,0,0,0,0,5,0,0,0
event_weighted,AUDUSD,10,confirmation,bearish,16,799,776,23,647,481,0.83376288659793818,0.61984536082474229,1,1,4,4,2,8,0.00036000000000002697,0.00089000000000005741,0.0016399999999999748,0.00047000000000008146,0.00097999999999998089,0.0016899999999999693,-0.00093999999999994088,-0.00016000000000004899,0.00086000000000008292,3.6000000000002697,8.9000000000005741,16.399999999999746,4.7000000000008146,9.7999999999998089,16.899999999999693,-9.3999999999994088,-1.6000000000004899,8.6000000000008292,1.700000000000222,5.1666666666646108,15.235294117646637,2.2272727272727044,5.8444444444434467,15.00000000000222,-5.4285714285709759,-0.70212765957422185,4.7130434782605581,0,0,0,0,0,23,0,0,0
event_weighted,AUDUSD,10,confirmation,bearish,64,799,687,112,625,544,0.90975254730713251,0.79184861717612809,2,1,5,6,2,14,0.0009000000000000119,0.0018799999999999928,0.0030700000000000172,0.00091000000000007741,0.0017899999999999583,0.0030799999999999716,-0.0017399999999999638,-0.00014999999999998348,0.0013800000000000479,9.000000000000119,18.799999999999926,30.70000000000017,9.1000000000007741,17.899999999999583,30.799999999999716,-17.399999999999636,-1.4999999999998348,13.800000000000479,3.8888888888882036,10.421052631580608,30.999999999972246,4.032258064515621,11.607142857142032,28.249999999997918,-11.33333333330126,-0.80833333333336954,9.333333333331792,320,223,144,0,112,110,0,2,0
event_weighted,AUDUSD,10,confirmation,bullish,4,896,889,7,587,300,0.66029246344206971,0.33745781777277839,1,1,2,2,1,3,0.00017999999999995797,0.00037999999999993594,0.00073000000000000842,0.00021999999999999797,0.00043000000000004146,0.00075999999999998291,-0.00041000000000002146,-4.0000000000040004e-05,0.00036000000000002697,1.7999999999995797,3.7999999999993594,7.3000000000000842,2.1999999999999797,4.3000000000004146,7.5999999999998291,-4.1000000000002146,-0.40000000000040004,3.6000000000002697,0.93617021276600776,2.2962962962961897,6.4999999999944489,1.1842105263155127,2.6470588235290662,7.1428571428548775,-2.7777777777798338,-0.26923076923078565,2.1333333333334812,0,0,0,0,0,7,0,0,0
event_weighted,AUDUSD,10,confirmation,bullish,16,896,872,24,718,512,0.82339449541284404,0.58715596330275233,1,1,3,4,2,7,0.00034999999999996145,0.00078000000000000291,0.0014100000000000223,0.00041000000000002146,0.00085000000000001741,0.0016399999999999748,-0.00084999999999990639,-1.9999999999908979e-05,0.00077000000000004842,3.4999999999996145,7.8000000000000291,14.100000000000223,4.1000000000002146,8.5000000000001741,16.399999999999746,-8.4999999999990639,-0.19999999999908979,7.7000000000004842,1.8571428571424795,5.000000000001708,13.100000000001776,2.0810810810813161,5.5000000000011102,14.999999999996827,-5.4000000000026649,-0.058823529411767904,4.6250000000029488,0,0,0,0,0,24,0,0,0
event_weighted,AUDUSD,10,confirmation,bullish,64,896,784,112,700,598,0.8928571428571429,0.76275510204081631,2,1,4,6,2,15,0.0008799999999999919,0.0018599999999999728,0.0032900000000000151,0.00073000000000000842,0.0016599999999999948,0.0032400000000000206,-0.0014899999999999913,0.00039999999999995595,0.0020999999999999908,8.799999999999919,18.599999999999728,32.900000000000148,7.3000000000000842,16.599999999999948,32.400000000000205,-14.899999999999913,3.9999999999995595,20.999999999999908,4.4666666666668151,11.87037037037075,31.428571428564631,4.0166666666664046,10.200000000001332,32.500000000059671,-9.0833333333371495,1.6666666666679002,14.463414634145563,371,268,145,0,112,112,0,0,0
event_weighted,AUDUSD,15,confirmation,bearish,4,624,622,2,426,204,0.68488745980707399,0.32797427652733119,1,1,2,2,1,3,0.00019999999999997797,0.00048000000000003595,0.0009000000000000119,0.00024999999999997247,0.00047999999999992493,0.0008399999999999519,-0.00048999999999999044,-0.0001100000000000545,0.00041999999999997595,1.9999999999997797,4.8000000000003595,9.000000000000119,2.4999999999997247,4.7999999999992493,8.399999999999519,-4.8999999999999044,-1.100000000000545,4.1999999999997595,0.98750000000019433,2.821428571428954,6.8571428571411577,1.1052631578948291,3,6.4999999999992069,-3.214285714284959,-0.45000000000008789,2,0,0,0,0,0,2,0,0,0
event_weighted,AUDUSD,15,confirmation,bearish,16,624,608,16,509,381,0.83717105263157898,0.62664473684210531,1,1,4,4,2,8,0.00036000000000002697,0.0008799999999999919,0.0015899999999999803,0.00048000000000003595,0.0010099999999999554,0.0017200000000000548,-0.0010200000000000209,-0.00017000000000000348,0.00079000000000006843,3.6000000000002697,8.799999999999919,15.899999999999803,4.8000000000003595,10.099999999999554,17.200000000000546,-10.200000000000209,-1.7000000000000348,7.9000000000006843,1.7070707070705962,5.0000000000222045,14.142857142854877,2.2272727272727044,5.8444444444434467,14.500000000003393,-5.7857142857147199,-0.8500000000000324,3.7777777777764072,0,0,0,0,0,16,0,0,0
event_weighted,AUDUSD,15,confirmation,bearish,64,624,540,84,494,430,0.91481481481481486,0.79629629629629628,2,1,4,6,2,14,0.00087000000000003741,0.0017899999999999583,0.0029299999999999882,0.00095999999999996088,0.0017999999999999128,0.0030399999999999316,-0.0017399999999999638,-0.00026999999999999247,0.0013099999999999223,8.7000000000003741,17.899999999999583,29.29999999999988,9.5999999999996088,17.999999999999126,30.399999999999316,-17.399999999999636,-2.6999999999999247,13.099999999999223,3.6136363636363522,9.1176470588229908,28.400000000002663,3.9482758620695759,11.150000000000999,27.416666666664739,-11.705882352941215,-1.0649350649349094,8.3055555555547596,250,181,109,0,84,83,0,1,0
event_weighted,AUDUSD,15,confirmation,bullish,4,737,733,4,475,244,0.64802182810368347,0.33287858117326058,1,1,2,2,1,3,0.00018000000000006899,0.00037999999999993594,0.00071999999999994291,0.00021999999999999797,0.00043999999999999595,0.00078000000000000291,-0.00041999999999997595,-2.9999999999974492e-05,0.00036000000000002697,1.8000000000006899,3.7999999999993594,7.1999999999994291,2.1999999999999797,4.3999999999999595,7.8000000000000291,-4.1999999999997595,-0.29999999999974492,3.6000000000002697,0.96385542168677762,2.3333333333348754,6.4285714285693896,1.0714285714290812,2.599999999999556,7.3750000000026024,-2.9333333333314582,-0.17857142857137193,2.1333333333334812,0,0,0,0,0,4,0,0,0
event_weighted,AUDUSD,15,confirmation,bullish,16,737,719,18,582,414,0.80945757997218359,0.57579972183588313,1,1,3,4,2,7,0.00035000000000007248,0.00078000000000000291,0.0013900000000000023,0.00041000000000002146,0.0008599999999999719,0.0016300000000000203,-0.0008599999999999719,1.9999999999908979e-05,0.00076000000000009393,3.5000000000007248,7.8000000000000291,13.900000000000023,4.1000000000002146,8.599999999999719,16.300000000000203,-8.599999999999719,0.19999999999908979,7.6000000000009393,1.8867924528298725,4.9565217391291965,13.125000000005031,2,5.4000000000008139,14.857142857139571,-5.4000000000026649,0.071428571428495902,4.8000000000004439,0,0,0,0,0,18,0,0,0
event_weighted,AUDUSD,15,confirmation,bullish,64,737,644,93,568,485,0.88198757763975155,0.75310559006211175,2,1,5,6,2,16,0.0009000000000000119,0.0018500000000000183,0.0032900000000000151,0.00071999999999994291,0.0016399999999999748,0.0032800000000000606,-0.0014500000000000624,0.00047000000000008146,0.0020600000000000618,9.000000000000119,18.500000000000181,32.900000000000148,7.1999999999994291,16.399999999999746,32.800000000000608,-14.500000000000624,4.7000000000008146,20.600000000000616,4.5652173913030678,12.416666666665664,32.285714285706582,3.9142857142860947,9.8750000000037588,32.090909090892481,-9.0476190476196265,2.0000000000010094,14.764705882352711,307,211,126,0,93,93,0,0,0
event_weighted,AUDUSD,20,confirmation,bearish,4,534,533,1,359,170,0.67354596622889307,0.31894934333958724,1,1,2,2,1,3,0.00020999999999993246,0.00048999999999999044,0.0009200000000000319,0.00025000000000008349,0.00048999999999999044,0.00085000000000001741,-0.00051000000000001044,-0.0001100000000000545,0.00042999999999993044,2.0999999999993246,4.8999999999999044,9.200000000000319,2.5000000000008349,4.8999999999999044,8.5000000000001741,-5.1000000000001044,-1.100000000000545,4.2999999999993044,0.94736842105229324,2.7272727272748378,6.666666666646929,1.1052631578948291,2.8750000000005205,6.1666666666734518,-3.2000000000013324,-0.46666666666681472,2,0,0,0,0,0,1,0,0,0
event_weighted,AUDUSD,20,confirmation,bearish,16,534,523,11,436,322,0.83365200764818359,0.61567877629063095,1,1,4,4,2,7,0.00035000000000007248,0.00086999999999992639,0.0015899999999999803,0.00048999999999999044,0.0010600000000000609,0.0018000000000000238,-0.0010499999999999954,-0.00017000000000000348,0.00079000000000006843,3.5000000000007248,8.6999999999992639,15.899999999999803,4.8999999999999044,10.600000000000609,18.000000000000238,-10.499999999999954,-1.7000000000000348,7.9000000000006843,1.662222222222226,4.7500000000010409,13.499999999986123,2.0909090909107424,5.8039215686272589,14.600000000001776,-5.9841269841268803,-0.85714285714282479,3.5750000000004998,0,0,0,0,0,11,0,0,0
event_weighted,AUDUSD,20,confirmation,bearish,64,534,466,68,425,367,0.91201716738197425,0.78755364806866957,2,1,5,6,2,14,0.00081000000000008843,0.0017500000000000293,0.0029399999999999427,0.00096000000000007191,0.0018900000000000583,0.0031200000000000117,-0.0017800000000000038,-0.00031000000000003247,0.0013099999999999223,8.1000000000008843,17.500000000000291,29.399999999999427,9.6000000000007191,18.900000000000581,31.200000000000117,-17.800000000000036,-3.1000000000003247,13.099999999999223,3.5000000000011102,8.9230769230755769,26.333333333341969,3.8837209302330686,10.33333333330496,26.750000000010754,-11.411764705881776,-1.1933962264151035,6.7894736842097574,220,161,85,0,68,67,0,1,0
event_weighted,AUDUSD,20,confirmation,bullish,4,642,640,2,415,214,0.6484375,0.33437499999999998,1,1,2,2,1,3,0.00018999999999991246,0.00037999999999993594,0.00069000000000007944,0.00023000000000006349,0.00043999999999999595,0.00079000000000006843,-0.00043000000000004146,-3.0000000000085514e-05,0.00034000000000000696,1.8999999999991246,3.7999999999993594,6.9000000000007944,2.3000000000006349,4.3999999999999595,7.9000000000006843,-4.3000000000004146,-0.30000000000085514,3.4000000000000696,1,2.4117647058824296,6.5833333333324848,1.1967213114752429,2.7272727272710755,7.600000000001776,-2.9333333333336293,-0.17857142857137193,2.1739130434789535,0,0,0,0,0,2,0,0,0
event_weighted,AUDUSD,20,confirmation,bullish,16,642,629,13,510,370,0.81081081081081086,0.58823529411764708,1,1,4,4,2,7,0.00036000000000002697,0.00078000000000000291,0.0013600000000000279,0.00041000000000002146,0.0008799999999999919,0.0016599999999999948,-0.00086999999999992639,-1.0000000000065512e-05,0.00075000000000002842,3.6000000000002697,7.8000000000000291,13.600000000000279,4.1000000000002146,8.799999999999919,16.599999999999948,-8.6999999999992639,-0.10000000000065512,7.5000000000002842,1.8867924528298725,4.9117647058821037,13.200000000001332,2.1111111111110197,5.4166666666665897,16.545454545445736,-5.8181818181845708,-0.051282051282102378,4.709677419356086,0,0,0,0,0,13,0,0,0
event_weighted,AUDUSD,20,confirmation,bullish,64,642,561,81,499,429,0.88948306595365423,0.76470588235294112,2,1,5,6,2,16,0.00088000000000010292,0.0018000000000000238,0.0031900000000000261,0.00073999999999996291,0.0016399999999999748,0.0033900000000000041,-0.0015100000000000113,0.00040000000000006697,0.0019299999999999873,8.8000000000010292,18.000000000000238,31.900000000000261,7.3999999999996291,16.399999999999746,33.900000000000041,-15.100000000000113,4.0000000000006697,19.299999999999873,4.6578947368423718,12.272727272727549,31.428571428564631,4.111111111109329,9.9999999999888978,35.375000000013706,-9.0750000000007773,1.6666666666679002,14.58823529411757,279,177,105,0,81,81,0,0,0
event_weighted,EURUSD,10,confirmation,bearish,4,826,818,8,585,303,0.71515892420537897,0.3704156479217604,1,1,2,2,1,3,0.00022999999999995246,0.00052999999999991942,0.0011399999999999189,0.00029999999999996696,0.00063000000000013046,0.0011699999999998933,-0.00065000000000003944,-0.00012999999999996348,0.00043999999999999595,2.2999999999995246,5.2999999999991942,11.399999999999189,2.9999999999996696,6.3000000000013046,11.699999999998933,-6.5000000000003944,-1.2999999999996348,4.3999999999999595,0.89473684210569371,2.5833333333310202,7.4285714285678033,1.1052631578950445,2.8181818181864058,7.9000000000015547,-3.5384615384596332,-0.46666666666669954,2.1162790697666134,0,0,0,0,0,8,0,0,0
event_weighted,EURUSD,10,confirmation,bearish,16,826,800,26,684,504,0.85499999999999998,0.63,1,1,3,4,2,7,0.00044999999999983942,0.0010700000000001264,0.0020700000000000163,0.0006199999999998429,0.0012199999999999989,0.0021800000000000708,-0.0012400000000001299,-0.00017999999999984695,0.00097000000000013742,4.4999999999983942,10.700000000001264,20.700000000000163,6.199999999998429,12.199999999999989,21.800000000000708,-12.400000000001299,-1.7999999999984695,9.7000000000013742,1.7777777777742141,5.1935483870965893,14.181818181839835,2.2499999999958367,5.7727272727307133,15.499999999986123,-5.9230769230781055,-0.58620689655171099,4.7142857142988559,0,0,0,0,0,26,0,0,0
event_weighted,EURUSD,10,confirmation,bearish,64,826,728,98,677,582,0.92994505494505497,0.7994505494505495,1,1,4,5,2,15,0.0010799999999999699,0.0025200000000000777,0.004289999999999905,0.0012499999999999734,0.0026100000000000012,0.004349999999999854,-0.0024899999999998812,-0.00015999999999993797,0.0019800000000000928,10.799999999999699,25.200000000000777,42.899999999999046,12.499999999999734,26.100000000000012,43.499999999998536,-24.899999999998812,-1.5999999999993797,19.800000000000928,3.7954545454547173,11.212121212115768,33.100000000002886,4.3333333333322761,11.666666666667407,31.50000000013878,-9.7499999999993054,-0.44680851063841848,10.74074074074068,320,247,161,0,98,95,0,3,0
event_weighted,EURUSD,10,confirmation,bullish,4,910,904,6,621,292,0.68694690265486724,0.32300884955752213,1,1,2,2,1,3,0.00024000000000001798,0.00053999999999998494,0.0011700000000001154,0.00028999999999990145,0.00062999999999990841,0.0011499999999999844,-0.00055000000000005045,9.9999999998434674e-06,0.00059000000000009045,2.4000000000001798,5.3999999999998494,11.700000000001154,2.8999999999990145,6.2999999999990841,11.499999999999844,-5.5000000000005045,0.099999999998434674,5.9000000000009045,0.94736842105343122,2.4375000000002602,7.4999999999796456,1.1666666666665295,2.9428571428567802,7.6666666666790029,-2.4545454545441698,0.029411764706074432,2.7692307692309006,0,0,0,0,0,6,0,0,0
event_weighted,EURUSD,10,confirmation,bullish,16,910,889,21,716,490,0.8053993250843644,0.55118110236220474,1,1,3,3,1,7,0.00049999999999994493,0.0011900000000000244,0.0022599999999999287,0.00053999999999998494,0.0012099999999999334,0.0022999999999999687,-0.0011799999999999589,4.9999999999883471e-05,0.0011699999999998933,4.9999999999994493,11.900000000000244,22.599999999999287,5.3999999999998494,12.099999999999334,22.999999999999687,-11.799999999999589,0.49999999999883471,11.699999999998933,2.0517241379317737,5.7826086956536011,15.500000000003331,2,5.4285714285709759,14.560975609755411,-4.6666666666632128,0.1999999999994671,5.9605263157886359,0,0,0,0,0,19,0,2,0
event_weighted,EURUSD,10,confirmation,bullish,64,910,796,114,714,591,0.89698492462311563,0.74246231155778897,1,1,4,6,2,18,0.0011499999999999844,0.0026399999999999757,0.0050099999999999589,0.0010799999999999699,0.0024800000000000377,0.0048399999999999554,-0.0024800000000000377,5.9999999999948983e-05,0.0030499999999999972,11.499999999999844,26.399999999999757,50.099999999999589,10.799999999999699,24.800000000000377,48.399999999999551,-24.800000000000377,0.59999999999948983,30.499999999999972,4.5862068965534668,12.833333333328605,36.45000000000411,3.6842105263149283,12.131578947374019,35.444444444474875,-12.499999999911182,0.21518987341770729,14.534883720932275,354,271,171,0,114,109,0,5,0
event_weighted,EURUSD,15,confirmation,bearish,4,635,631,4,452,232,0.71632329635499203,0.36767036450079238,1,1,2,2,1,3,0.000220000000000109,0.00052999999999991942,0.0011300000000000754,0.00028999999999990145,0.00066999999999994841,0.0012000000000000899,-0.00070999999999998842,-0.00014000000000002899,0.00041999999999986493,2.20000000000109,5.2999999999991942,11.300000000000754,2.8999999999990145,6.6999999999994841,12.000000000000899,-7.0999999999998842,-1.4000000000002899,4.1999999999986493,0.8181818181815429,2.3478260869569416,6.5925925925932019,1.0370370370372808,2.6000000000053292,7.1538461538489129,-3.5384615384596332,-0.48571428571434916,1.9361702127664802,0,0,0,0,0,4,0,0,0
event_weighted,EURUSD,15,confirmation,bearish,16,635,622,13,531,391,0.8536977491961415,0.62861736334405149,1,1,3,4,2,7,0.00042999999999993044,0.0010300000000000864,0.0020400000000000418,0.00062000000000006494,0.0012700000000001044,0.0022200000000001108,-0.0013700000000000934,-0.00025000000000008349,0.00089000000000005741,4.2999999999993044,10.300000000000864,20.400000000000418,6.2000000000006494,12.700000000001044,22.200000000001108,-13.700000000000934,-2.5000000000008349,8.9000000000005741,1.5394736842104879,4.4999999999998082,13.000000000007402,2.1250000000008673,5.1818181818172642,14.055555555559016,-6.2000000000005917,-0.76326530612244492,4.2000000000004443,0,0,0,0,0,13,0,0,0
event_weighted,EURUSD,15,confirmation,bearish,64,635,569,66,527,452,0.92618629173989453,0.79437609841827772,1,1,4,5,2,15,0.0010699999999999044,0.0025200000000000777,0.0042999999999999705,0.0012600000000000389,0.0026200000000000667,0.004210000000000047,-0.0022899999999999032,-0.00014000000000002899,0.0020100000000000673,10.699999999999044,25.200000000000777,42.999999999999702,12.600000000000389,26.200000000000667,42.10000000000047,-22.899999999999032,-1.4000000000002899,20.100000000000673,3.1777777777790059,10.130434782601728,28.952380952375364,3.9545454545456611,10.499999999996827,25.095238095232354,-7.9215686274509034,-0.34782608695629086,10.28571428572924,248,201,120,0,66,63,0,3,0
event_weighted,EURUSD,15,confirmation,bullish,4,756,753,3,519,246,0.68924302788844627,0.32669322709163345,1,1,2,2,1,3,0.00024999999999986144,0.00055999999999989392,0.0011900000000000244,0.00028999999999990145,0.00064999999999981739,0.0011499999999999844,-0.00058000000000002494,0,0.00060000000000015596,2.4999999999986144,5.5999999999989392,11.900000000000244,2.8999999999990145,6.4999999999981739,11.499999999999844,-5.8000000000002494,0,6.0000000000015596,1,2.4999999999995373,7.5999999999804597,1.1764705882351405,2.8749999999993063,7.6666666666617322,-2.5945945945949189,0,2.4545454545466474,0,0,0,0,0,3,0,0,0
event_weighted,EURUSD,15,confirmation,bullish,16,756,743,13,600,411,0.80753701211305517,0.55316285329744275,1,1,3,3,1,7,0.00049999999999994493,0.0011900000000000244,0.0023099999999998122,0.00055999999999989392,0.0012300000000000644,0.0022999999999999687,-0.0012300000000000644,-9.9999999998434674e-06,0.0011700000000001154,4.9999999999994493,11.900000000000244,23.099999999998122,5.5999999999989392,12.300000000000644,22.999999999999687,-12.300000000000644,-0.099999999998434674,11.700000000001154,2.0517241379317737,5.7499999999944489,15.888888888861201,1.9342105263162239,5.4166666666716008,15.374999999982652,-4.8333333333376505,-0.013333333333124118,6,0,0,0,0,0,12,0,1,0
event_weighted,EURUSD,15,confirmation,bullish,64,756,661,95,595,491,0.9001512859304085,0.74281391830559762,1,1,4,6,2,18,0.0011200000000000099,0.0027200000000000557,0.0052900000000000169,0.0011099999999999444,0.0024899999999998812,0.0049000000000001265,-0.0025800000000000267,9.9999999999988987e-05,0.0031399999999999206,11.200000000000099,27.200000000000557,52.900000000000169,11.099999999999444,24.899999999998812,49.000000000001265,-25.800000000000267,0.99999999999988987,31.399999999999206,4.500000000003701,12.444444444447459,36.812500000013962,3.6190476190462597,12.095238095235528,37.47058823529327,-12.470588235294578,0.40000000000044411,14.952380952378535,299,219,143,0,95,91,0,4,0
event_weighted,EURUSD,20,confirmation,bearish,4,544,541,3,386,202,0.71349353049907582,0.3733826247689464,1,1,2,2,1,3,0.00021999999999988695,0.00053999999999998494,0.0011499999999999844,0.00029000000000012349,0.00066999999999994841,0.0012199999999999989,-0.00076000000000009393,-0.00014000000000002899,0.00043999999999999595,2.1999999999988695,5.3999999999998494,11.499999999999844,2.9000000000012349,6.6999999999994841,12.199999999999989,-7.6000000000009393,-1.4000000000002899,4.3999999999999595,0.7833333333333703,2.2799999999990761,6.4999999999995373,1.0000000000001532,2.7142857142897925,7.5714285714266456,-3.4722222222229591,-0.44565217391298445,1.9199999999995025,0,0,0,0,0,3,0,0,0
event_weighted,EURUSD,20,confirmation,bearish,16,544,536,8,456,340,0.85074626865671643,0.63432835820895528,1,1,3,3,2,7,0.00042999999999993044,0.0010600000000000609,0.0020400000000000418,0.00062000000000006494,0.0012700000000001044,0.0023400000000000087,-0.0013999999999998458,-0.00025999999999992696,0.00089999999999990088,4.2999999999993044,10.600000000000609,20.400000000000418,6.2000000000006494,12.700000000001044,23.400000000000087,-13.999999999998458,-2.5999999999992696,8.9999999999990088,1.5357142857137194,4.5333333333323136,13.277777777773323,2.1250000000008673,5.6428571428654131,14.666666666624725,-6.8260869565234596,-0.79999999999972671,4.1176470588242982,0,0,0,0,0,8,0,0,0
event_weighted,EURUSD,20,confirmation,bearish,64,544,491,53,454,396,0.92464358452138495,0.80651731160896134,1,1,4,5,2,15,0.00095000000000000639,0.0023300000000001653,0.0041999999999999815,0.0012600000000000389,0.0027399999999999647,0.004369999999999985,-0.0025699999999999612,-0.00036999999999998145,0.0019500000000001183,9.5000000000000639,23.300000000001653,41.999999999999815,12.600000000000389,27.399999999999647,43.699999999999847,-25.699999999999612,-3.6999999999998145,19.500000000001183,2.920634920634932,9.2045454545452827,28.59999999998135,4.0833333333338926,11.041666666666011,26.866666666649593,-8.3787878787865999,-1.1428571428566394,10.035294117646767,212,175,104,0,53,52,0,1,0
event_weighted,EURUSD,20,confirmation,bullish,4,649,647,2,452,212,0.69860896445131371,0.32766615146831529,1,1,2,2,1,3,0.00025000000000008349,0.00055999999999989392,0.0011900000000000244,0.00029999999999996696,0.00066999999999994841,0.0011799999999999589,-0.00062999999999990841,-1.0000000000065512e-05,0.00059000000000009045,2.5000000000008349,5.5999999999989392,11.900000000000244,2.9999999999996696,6.6999999999994841,11.799999999999589,-6.2999999999990841,-0.10000000000065512,5.9000000000009045,1,2.5833333333339503,7.6249999999994218,1.191011235954923,3.000000000002379,7.6666666666645522,-2.705882352940562,-0.029850746268854571,2.3999999999928945,0,0,0,0,0,2,0,0,0
event_weighted,EURUSD,20,confirmation,bullish,16,649,640,9,519,357,0.81093749999999998,0.55781250000000004,1,1,3,3,1,7,0.00049000000000010147,0.0012000000000000899,0.0022799999999998377,0.00056999999999995943,0.0012400000000001299,0.0023300000000001653,-0.0012999999999998568,-1.9999999999908979e-05,0.0011699999999998933,4.9000000000010147,12.000000000000899,22.799999999998377,5.6999999999995943,12.400000000001299,23.300000000001653,-12.999999999998568,-0.19999999999908979,11.699999999998933,2,5.7999999999958556,16.000000000077716,1.9411764705878511,5.4137931034462161,15.562499999985082,-5.0000000000049347,-0.064989517819714113,5.7037037037033995,0,0,0,0,0,9,0,0,0
event_weighted,EURUSD,20,confirmation,bullish,64,649,570,79,513,417,0.90000000000000002,0.73157894736842111,1,1,4,6,2,17,0.0011399999999999189,0.0027500000000000302,0.0052499999999999769,0.0010600000000000609,0.0023999999999999577,0.0048200000000000465,-0.0024699999999999722,0.00026999999999999247,0.0031400000000001427,11.399999999999189,27.500000000000302,52.499999999999766,10.600000000000609,23.999999999999577,48.200000000000465,-24.699999999999722,2.6999999999999247,31.400000000001427,4.7619047619037804,11.959999999996199,38.000000000166537,3.4285714285709754,11.153846153850621,37.230769230779345,-10.999999999997804,0.91139240506353658,16.374999999982652,259,189,122,0,79,76,0,3,0
event_weighted,GBPUSD,10,confirmation,bearish,4,834,827,7,543,289,0.65659008464328905,0.34945586457073763,1,1,2,2,1,3,0.000300000000000189,0.00069999999999992291,0.0014099999999999113,0.00031999999999987594,0.00066999999999994841,0.0012699999999998823,-0.00070999999999998842,-0.0001100000000000545,0.00060999999999999943,3.00000000000189,6.9999999999992291,14.099999999999113,3.1999999999987594,6.6999999999994841,12.699999999998823,-7.0999999999998842,-1.100000000000545,6.0999999999999943,1,2.7051282051279824,6.7619047619032511,0.99999999999876643,2.5128205128211696,7.312500000002168,-3.0000000000040372,-0.28846153846167805,2.1258741258743452,0,0,0,0,0,7,0,0,0
event_weighted,GBPUSD,10,confirmation,bearish,16,834,818,16,659,495,0.80562347188264061,0.60513447432762835,1,1,3,4,2,7,0.00062000000000006494,0.0014199999999999768,0.0026600000000001067,0.00062000000000006494,0.0014400000000001079,0.0026299999999999102,-0.0015099999999999003,-0.00013999999999980695,0.0013799999999999368,6.2000000000006494,14.199999999999768,26.600000000001067,6.2000000000006494,14.400000000001079,26.299999999999102,-15.099999999999003,-1.3999999999980695,13.799999999999368,2.000000000001708,5.4210526315807313,14.333333333343202,2.0000000000007656,5.8205128205111274,14.047619047616177,-6.6111111111114313,-0.53125000000003253,5.5999999999893415,0,0,0,0,0,16,0,0,0
event_weighted,GBPUSD,10,confirmation,bearish,64,834,719,115,639,563,0.88873435326842842,0.78303198887343528,2,1,5,6,2,17,0.0014199999999999768,0.0030200000000000227,0.0052600000000000424,0.0014199999999999768,0.0029999999999998916,0.0050099999999999589,-0.0027299999999998992,0.00011999999999989797,0.0027399999999999647,14.199999999999768,30.200000000000227,52.600000000000421,14.199999999999768,29.999999999998916,50.099999999999589,-27.299999999998992,1.1999999999989797,27.399999999999647,4.0740740740735619,12.142857142854877,30.499999999969468,3.9999999999995066,12.142857142854877,31.199999999934274,-11.111111111106862,0.28033472803346388,10.517857142859048,347,239,133,0,115,108,0,7,0
event_weighted,GBPUSD,10,confirmation,bullish,4,908,900,8,595,277,0.66111111111111109,0.30777777777777776,1,1,2,2,1,3,0.00032999999999994145,0.0006599999999998829,0.0012799999999999478,0.00032000000000009798,0.00066000000000010495,0.0012000000000000899,-0.00059000000000009045,2.9999999999974492e-05,0.00070999999999998842,3.2999999999994145,6.599999999998829,12.799999999999478,3.2000000000009798,6.6000000000010495,12.000000000000899,-5.9000000000009045,0.29999999999974492,7.0999999999998842,1.1219512195119046,2.6363636363645537,7.7499999999930616,0.98290598290605913,2.8461538461545031,8.3809523809505677,-2.3684210526318248,0.15151515151549813,2.6969696969678618,0,0,0,0,0,8,0,0,0
event_weighted,GBPUSD,10,confirmation,bullish,16,908,884,24,706,494,0.79864253393665163,0.55882352941176472,1,1,3,4,2,8,0.00067999999999979188,0.0014000000000000679,0.0026899999999998592,0.00060999999999999943,0.0012999999999998568,0.0024300000000001543,-0.0012699999999998823,9.9999999999988987e-05,0.0014799999999999258,6.7999999999979188,14.000000000000679,26.899999999998592,6.0999999999999943,12.999999999998568,24.300000000001543,-12.699999999998823,0.99999999999988987,14.799999999999258,2.3333333333337034,5.9750000000009438,16.150000000002109,2.0000000000024674,5.399999999988454,14.769230769234317,-4.7999999999902299,0.33333333333314358,5.5000000000020819,0,0,0,0,0,21,0,3,0
event_weighted,GBPUSD,10,confirmation,bullish,64,908,787,121,703,599,0.89326556543837354,0.76111817026683604,2,1,5,7,2,18,0.0014499999999999513,0.0030499999999999972,0.0055499999999999439,0.0012700000000001044,0.0028199999999998226,0.0051200000000000134,-0.0029899999999998261,7.0000000000014495e-05,0.0033700000000000951,14.499999999999513,30.499999999999972,55.499999999999439,12.700000000001044,28.199999999998226,51.200000000000131,-29.899999999998261,0.70000000000014495,33.700000000000948,5.0681818181822651,13.61290322581514,36.59999999992273,4.0789473684203914,12.499999999987972,33.071428571421094,-12.263157894742193,0.19999999999996584,12.521739130437343,383,256,148,0,121,116,0,5,0
event_weighted,GBPUSD,15,confirmation,bearish,4,665,661,4,439,235,0.66414523449319218,0.3555219364599092,1,1,2,2,1,3,0.000300000000000189,0.00070000000000014495,0.0014100000000001334,0.00034000000000000696,0.00068000000000001393,0.0012699999999998823,-0.00069000000000007944,-9.0000000000145519e-05,0.00059999999999993392,3.00000000000189,7.0000000000014495,14.100000000001334,3.4000000000000696,6.8000000000001393,12.699999999998823,-6.9000000000007944,-0.90000000000145519,5.9999999999993392,0.98496240601493967,2.5245098039217857,6.593749999998157,0.99999999999959632,2.5000000000011102,7.6153846153806084,-2.9375000000009539,-0.18987341772162217,2.1258741258743452,0,0,0,0,0,4,0,0,0
event_weighted,GBPUSD,15,confirmation,bearish,16,665,654,11,525,393,0.80275229357798161,0.6009174311926605,1,1,3,4,2,7,0.00066000000000010495,0.0014199999999999768,0.0026800000000000157,0.00062000000000006494,0.0014400000000001079,0.0026100000000000012,-0.0015300000000000313,-9.9999999999988987e-05,0.0013700000000000934,6.6000000000010495,14.199999999999768,26.800000000000157,6.2000000000006494,14.400000000001079,26.100000000000012,-15.300000000000313,-0.99999999999988987,13.700000000000934,2.0079365079363836,5.3181818181840663,13.999999999973355,1.9672131147538836,5.6666666666656091,14.666666666679003,-6.2999999999997778,-0.3658536585364533,5.4545454545469596,0,0,0,0,0,11,0,0,0
event_weighted,GBPUSD,15,confirmation,bearish,64,665,573,92,509,446,0.88830715532286209,0.77835951134380454,2,1,5,6,2,17,0.0014900000000002134,0.0030300000000000882,0.0053700000000000969,0.0013499999999999623,0.0029799999999999827,0.0049399999999999444,-0.0025900000000000922,0.00016000000000016001,0.0027299999999998992,14.900000000002134,30.300000000000882,53.700000000000969,13.499999999999623,29.799999999999827,49.399999999999444,-25.900000000000922,1.6000000000016001,27.299999999998992,4.2794117647057481,11.538461538454509,29.499999999969468,3.7721518987338287,10.58823529411757,29.37499999997155,-9.8421052631626313,0.28205128205150104,9.517241379313143,272,191,110,0,92,86,0,6,0
event_weighted,GBPUSD,15,confirmation,bullish,4,723,717,6,478,221,0.66666666666666663,0.30822873082287311,1,1,2,2,1,3,0.00034999999999985043,0.00068999999999985739,0.0013300000000000534,0.00032999999999994145,0.00069999999999992291,0.0012100000000001554,-0.00060999999999999943,2.9999999999974492e-05,0.00072000000000005393,3.4999999999985043,6.8999999999985739,13.300000000000534,3.2999999999994145,6.9999999999992291,12.100000000001554,-6.0999999999999943,0.29999999999974492,7.2000000000005393,1.1891891891892379,2.6388888888891158,7.6875000000033831,0.97058823529457861,2.6666666666629659,8.4285714285709759,-2.3250000000004998,0.15151515151549813,2.6078431372549531,0,0,0,0,0,6,0,0,0
event_weighted,GBPUSD,15,confirmation,bullish,16,723,708,15,567,392,0.80084745762711862,0.5536723163841808,1,1,3,4,2,8,0.00072000000000005393,0.0015000000000000568,0.0027800000000000047,0.00062999999999990841,0.0012900000000000134,0.0024200000000000887,-0.0012300000000000644,0.00019999999999997797,0.0015499999999999403,7.2000000000005393,15.000000000000568,27.800000000000047,6.2999999999990841,12.900000000000134,24.200000000000887,-12.300000000000644,1.9999999999997797,15.499999999999403,2.275000000000444,6.0869565217406834,16.307692307697828,1.8999999999998889,5.2222222222228618,14.222222222236203,-4.636363636361434,0.61764705882364468,5.6538461538480593,0,0,0,0,0,13,0,2,0
event_weighted,GBPUSD,15,confirmation,bullish,64,723,634,89,566,471,0.89274447949526814,0.74290220820189279,2,1,5,7,2,18,0.0015099999999999003,0.0032100000000001572,0.0059399999999998343,0.0011400000000001409,0.0026399999999999757,0.0049899999999998279,-0.0027900000000000702,0.00024000000000001798,0.0035199999999999676,15.099999999999003,32.100000000001572,59.399999999998343,11.400000000001409,26.399999999999757,49.899999999998279,-27.900000000000702,2.4000000000001798,35.199999999999676,5.2127659574472709,12.799999999972467,38.304347826094805,3.8620689655171092,11.00000000003172,32.8333333333212,-11.74074074074068,0.78571428571398361,12.592592592592379,304,205,125,0,89,86,0,3,0
event_weighted,GBPUSD,20,confirmation,bearish,4,573,571,2,375,195,0.65674255691768824,0.34150612959719789,1,1,2,2,1,3,0.00031000000000003247,0.00071999999999983189,0.0014399999999998858,0.00034000000000000696,0.00068000000000001393,0.0012900000000000134,-0.00069000000000007944,-7.0000000000014495e-05,0.00062999999999990841,3.1000000000003247,7.1999999999983189,14.399999999998858,3.4000000000000696,6.8000000000001393,12.900000000000134,-6.9000000000007944,-0.70000000000014495,6.2999999999990841,0.98496240601493967,2.5245098039217857,6.846153846156211,0.97058823529392557,2.5000000000020819,7.312500000002168,-2.7500000000062452,-0.23484848484847209,2.2857142857129262,0,0,0,0,0,2,0,0,0
event_weighted,GBPUSD,20,confirmation,bearish,16,573,567,6,453,336,0.79894179894179895,0.59259259259259256,1,1,3,4,2,7,0.00070000000000014495,0.0014799999999999258,0.0027800000000000047,0.00062000000000006494,0.0014300000000000423,0.0026100000000000012,-0.0015400000000000968,-7.0000000000014495e-05,0.0014300000000000423,7.0000000000014495,14.799999999999258,27.800000000000047,6.2000000000006494,14.300000000000423,26.100000000000012,-15.400000000000968,-0.70000000000014495,14.300000000000423,2.0418250950571406,5.485294117646963,15.0000000000037,1.9615384615384943,5.4999999999995373,14.666666666679003,-6.2999999999997778,-0.20000000000000001,5.4166666666716008,0,0,0,0,0,6,0,0,0
event_weighted,GBPUSD,20,confirmation,bearish,64,573,498,75,441,381,0.88554216867469882,0.76506024096385539,1,1,5,6,2,17,0.0016099999999998893,0.0031499999999999861,0.0054199999999999804,0.0013199999999999878,0.0029799999999999827,0.0049399999999999444,-0.0025800000000000267,0.00025000000000008349,0.0027399999999999647,16.099999999998893,31.499999999999861,54.199999999999804,13.199999999999878,29.799999999999827,49.399999999999444,-25.800000000000267,2.5000000000008349,27.399999999999647,4.0740740740735619,11.593749999996422,28.058823529410844,3.460606060605806,10.076923076917559,31.199999999934274,-9.3647058823527107,0.55339805825234134,9.7777777777799706,236,170,92,0,75,70,0,5,0
event_weighted,GBPUSD,20,confirmation,bullish,4,616,611,5,405,190,0.66284779050736498,0.31096563011456629,1,1,2,2,1,3,0.00035999999999991594,0.00070000000000014495,0.0013400000000001189,0.00032999999999994145,0.00072000000000005393,0.0012700000000001044,-0.00065000000000003944,2.9999999999974492e-05,0.00073000000000011944,3.5999999999991594,7.0000000000014495,13.400000000001189,3.2999999999994145,7.2000000000005393,12.700000000001044,-6.5000000000003944,0.29999999999974492,7.3000000000011944,1.1219512195119046,2.666666666667115,7.2666666666716013,0.97058823529457861,2.6770833333333237,8.4285714285693896,-2.3714285714283903,0.14867256637166881,2.5238095238086173,0,0,0,0,0,5,0,0,0
event_weighted,GBPUSD,20,confirmation,bullish,16,616,607,9,487,339,0.80230642504118621,0.55848434925864909,1,1,3,4,2,8,0.00073999999999996291,0.0015099999999999003,0.0027999999999999137,0.00066999999999994841,0.0013100000000001444,0.0024599999999999067,-0.0012300000000000644,0.000220000000000109,0.0015400000000000968,7.3999999999996291,15.099999999999003,27.999999999999137,6.6999999999994841,13.100000000001444,24.599999999999067,-12.300000000000644,2.20000000000109,15.400000000000968,2.3023255813946402,5.9999999999555911,15.125000000006418,1.9583333333348754,5.1666666666677976,14.599999999967137,-4.5454545454517925,0.7407407407415022,6.0641025641026989,0,0,0,0,0,7,0,2,0
event_weighted,GBPUSD,20,confirmation,bullish,64,616,544,72,485,404,0.89154411764705888,0.74264705882352944,2,1,5,6,2,17,0.0015000000000000568,0.0032300000000000662,0.0060500000000001108,0.0011499999999999844,0.0026399999999999757,0.0048799999999999955,-0.0027900000000000702,0.00025999999999992696,0.0036800000000001276,15.000000000000568,32.300000000000658,60.500000000001108,11.499999999999844,26.399999999999757,48.799999999999955,-27.900000000000702,2.5999999999992696,36.800000000001276,5.1764705882351407,12.910112359552951,35.999999999922288,3.8285714285709753,10.999999999996385,32.062500000012925,-11.710526315787613,0.88636363636294824,12.592592592592379,260,174,110,0,72,70,0,2,0
event_weighted,USDCAD,10,confirmation,bearish,4,932,921,11,633,329,0.68729641693811072,0.35722041259500542,1,1,2,2,1,3,0.00022999999999995246,0.00051000000000001044,0.0010400000000001519,0.00024999999999986144,0.00055000000000005045,0.0010800000000001919,-0.00056999999999995943,-5.0000000000105516e-05,0.00049000000000010147,2.2999999999995246,5.1000000000001044,10.400000000001519,2.4999999999986144,5.5000000000005045,10.800000000001919,-5.6999999999995943,-0.50000000000105516,4.9000000000010147,1,2.7083333333332948,7.1000000000006658,1.0000000000022204,2.833333333325315,8.3333333333358013,-3.6000000000017764,-0.22727272727231437,2.4193548387095158,0,0,0,0,0,11,0,0,0
event_weighted,USDCAD,10,confirmation,bearish,16,932,897,35,749,553,0.83500557413600895,0.6164994425863991,1,1,3,3,2,7,0.00045000000000006146,0.00095999999999984986,0.0019100000000000783,0.00057000000000018147,0.0011499999999999844,0.0021100000000000563,-0.0010200000000000209,-0.00011999999999989797,0.00085000000000001741,4.5000000000006146,9.5999999999984986,19.100000000000783,5.7000000000018147,11.499999999999844,21.100000000000563,-10.200000000000209,-1.1999999999989797,8.5000000000001741,2,5.444444444436769,13.608695652163924,2.3333333333358004,6.1777777777784681,17.999999999948191,-5.8333333333358004,-0.62499999999960354,4.4666666666716006,0,0,0,0,0,35,0,0,0
event_weighted,USDCAD,10,confirmation,bearish,64,932,782,150,724,629,0.92583120204603575,0.80434782608695654,2,1,5,6,2,15,0.00095999999999984986,0.0022200000000001108,0.0040100000000000691,0.0012699999999998823,0.0024599999999999067,0.004089999999999927,-0.0021599999999999397,6.0000000000171028e-05,0.0024199999999998667,9.5999999999984986,22.200000000001108,40.100000000000691,12.699999999998823,24.599999999999067,40.899999999999267,-21.599999999999397,0.60000000000171028,24.199999999998667,4,12.666666666658772,37.000000000166537,4.800000000000888,14.1481481481483,35.999999999993655,-12.333333333322232,0.41176470588242975,13.41176470588243,371,263,148,0,150,149,0,1,0
event_weighted,USDCAD,10,confirmation,bullish,4,895,891,4,624,330,0.70033670033670037,0.37037037037037035,1,1,2,2,1,3,0.000220000000000109,0.00051999999999985391,0.0009900000000000464,0.00026999999999999247,0.00055999999999989392,0.0010600000000000609,-0.00059000000000009045,-8.0000000000080007e-05,0.00043999999999999595,2.20000000000109,5.1999999999985391,9.900000000000464,2.6999999999999247,5.5999999999989392,10.600000000000609,-5.9000000000009045,-0.80000000000080007,4.3999999999999595,1.0370370370364583,2.8000000000071052,7.421052631583068,1.2500000000003471,3.0952380952376419,7.2857142857129267,-3.4642857142854879,-0.33333333333234649,2.3684210526302256,0,0,0,0,0,4,0,0,0
event_weighted,USDCAD,10,confirmation,bullish,16,895,876,19,735,544,0.83904109589041098,0.62100456621004563,1,1,3,4,2,7,0.00045999999999990493,0.0009900000000000464,0.0018900000000001693,0.00049999999999994493,0.0011200000000000099,0.0020100000000000673,-0.0010499999999999954,0,0.0010000000000001119,4.5999999999990493,9.900000000000464,18.900000000001693,4.9999999999994493,11.200000000000099,20.100000000000673,-10.499999999999954,0,10.000000000001119,2.1136363636361,5.9210526315819001,15.444444444457602,2.3571428571424797,5.9545454545491703,14.666666666642817,-5.4318181818184916,0,5.750000000003701,0,0,0,0,0,19,0,0,0
event_weighted,USDCAD,10,confirmation,bullish,64,895,772,123,716,607,0.92746113989637302,0.78626943005181349,1,1,4,5,2,15,0.00097999999999998089,0.0022100000000000453,0.0037100000000001021,0.0011099999999999444,0.0020899999999999253,0.0038599999999999746,-0.0020499999999998852,-0.00019999999999997797,0.0019299999999999873,9.7999999999998089,22.100000000000453,37.100000000001017,11.099999999999444,20.899999999999253,38.599999999999746,-20.499999999998852,-1.9999999999997797,19.299999999999873,4.2173913043483298,12.315789473675538,33.250000000152653,4.7142857142839016,11.800000000000889,31.047619047629421,-12.640000000007213,-0.70967741935511597,11.368421052623214,344,255,173,0,123,121,0,2,0
event_weighted,USDCAD,15,confirmation,bearish,4,761,754,7,514,265,0.6816976127320955,0.35145888594164454,1,1,2,2,1,3,0.00022999999999995246,0.00052000000000007596,0.0011200000000000099,0.00024000000000001798,0.00056999999999995943,0.0011300000000000754,-0.00059999999999993392,-5.0000000000105516e-05,0.00051000000000001044,2.2999999999995246,5.2000000000007596,11.200000000000099,2.4000000000001798,5.6999999999995943,11.300000000000754,-5.9999999999993392,-0.50000000000105516,5.1000000000001044,0.92857142857256147,2.6538461538440843,7.1333333333282019,1.0285714285713017,2.7142857142870738,8.1538461538489138,-3.3124999999997109,-0.2341772151898743,2.3750000000031224,0,0,0,0,0,7,0,0,0
event_weighted,USDCAD,15,confirmation,bearish,16,761,738,23,610,455,0.82655826558265577,0.61653116531165308,1,1,3,3,2,7,0.00046999999999997044,0.0010099999999999554,0.0019599999999999618,0.00058999999999986841,0.0011700000000001154,0.0022200000000001108,-0.0010400000000001519,-0.00014000000000002899,0.0009200000000000319,4.6999999999997044,10.099999999999554,19.599999999999618,5.8999999999986841,11.700000000001154,22.200000000001108,-10.400000000001519,-1.4000000000002899,9.200000000000319,1.9999999999972244,5.3571428571419508,13.999999999911182,2.2830188679247496,5.8749999999937552,16.800000000003109,-5.9999999999888978,-0.65306122448970338,4.4666666666716006,0,0,0,0,0,23,0,0,0
event_weighted,USDCAD,15,confirmation,bearish,64,761,641,120,590,511,0.9204368174726989,0.79719188767550697,2,1,5,5,2,15,0.00096000000000007191,0.0022200000000001108,0.0040300000000002001,0.0012900000000000134,0.0024799999999998157,0.0042199999999998905,-0.0021400000000000308,9.9999999999988987e-05,0.0024199999999998667,9.6000000000007191,22.200000000001108,40.300000000002001,12.900000000000134,24.799999999998157,42.199999999998902,-21.400000000000308,0.99999999999988987,24.199999999998667,3.9913793103455353,12.285714285709755,34.499999999963919,4.5135135135133027,13.500000000011102,34.749999999965304,-11.933333333325537,0.45637583892618649,11.285714285712926,310,220,111,0,120,119,0,1,0
event_weighted,USDCAD,15,confirmation,bullish,4,694,692,2,478,262,0.69075144508670516,0.37861271676300579,1,1,2,2,1,3,0.000220000000000109,0.00052000000000007596,0.0010600000000000609,0.00026999999999999247,0.00058000000000002494,0.0011099999999999444,-0.0006599999999998829,-9.9999999999988987e-05,0.00045000000000006146,2.20000000000109,5.2000000000007596,10.600000000000609,2.6999999999999247,5.8000000000002494,11.099999999999444,-6.599999999998829,-0.99999999999988987,4.5000000000006146,1.0392156862743305,2.7000000000002222,6.9999999999555911,1.2318840579712944,3.0909090909090295,7.3846153846053992,-3.4857142857157721,-0.42506811989100257,2.4444444444440792,0,0,0,0,0,2,0,0,0
event_weighted,USDCAD,15,confirmation,bullish,16,694,680,14,570,428,0.83823529411764708,0.62941176470588234,1,1,3,4,2,7,0.00046999999999997044,0.0010599999999998388,0.0019299999999999873,0.00052999999999991942,0.0011600000000000499,0.0020500000000001073,-0.0010699999999999044,-5.0000000000105516e-05,0.0010000000000001119,4.6999999999997044,10.599999999998388,19.299999999999873,5.2999999999991942,11.600000000000499,20.500000000001073,-10.699999999999044,-0.50000000000105516,10.000000000001119,2.0000000000027756,5.8695652173923536,15.444444444457602,2.4285714285709754,6.2307692307601652,14.947368421059274,-5.4750000000003887,-0.13888888888851197,5.8214285714274387,0,0,0,0,0,14,0,0,0
event_weighted,USDCAD,15,confirmation,bullish,64,694,600,94,552,474,0.92000000000000004,0.79000000000000004,1,1,5,5,2,15,0.00097999999999998089,0.0021900000000001363,0.0035799999999999166,0.0011000000000001009,0.0020700000000000163,0.0037800000000001166,-0.0020400000000000418,-0.00021000000000004349,0.0017799999999998928,9.7999999999998089,21.900000000001363,35.799999999999166,11.000000000001009,20.700000000000163,37.800000000001162,-20.400000000000418,-2.1000000000004349,17.799999999998928,4.0714285714278349,11.7142857142907,31.437500000011362,4.6666666666701211,11.142857142854877,28.500000000127677,-12.296296296296601,-0.75925925925932014,10.333333333326426,271,193,136,0,94,92,0,2,0
event_weighted,USDCAD,20,confirmation,bearish,4,642,637,5,436,231,0.68445839874411307,0.36263736263736263,1,1,2,2,1,3,0.00024000000000001798,0.00052999999999991942,0.0010799999999999699,0.00024999999999986144,0.00059999999999993392,0.0011599999999998278,-0.00065000000000003944,-7.0000000000014495e-05,0.00051000000000001044,2.4000000000001798,5.2999999999991942,10.799999999999699,2.4999999999986144,5.9999999999993392,11.599999999998278,-6.5000000000003944,-0.70000000000014495,5.1000000000001044,0.9338842975206566,2.5666666666655811,6.9090909090863217,1.0869565217397181,2.6111111111099459,7.9999999999444888,-3.4285714285709754,-0.32989690721662462,2.1666666666657415,0,0,0,0,0,5,0,0,0
event_weighted,USDCAD,20,confirmation,bearish,16,642,625,17,516,388,0.8256,0.62080000000000002,1,1,3,3,2,7,0.00048999999999987942,0.0010799999999999699,0.0020799999999998597,0.00058999999999986841,0.0011900000000000244,0.0022999999999999687,-0.0010799999999999699,-0.00013999999999980695,0.00095000000000000639,4.8999999999987942,10.799999999999699,20.799999999998597,5.8999999999986841,11.900000000000244,22.999999999999687,-10.799999999999699,-1.3999999999980695,9.5000000000000639,1.9999999999972244,4.9999999999944489,14.499999999983347,2.2574850299400686,5.6666666666646108,16.374999999984041,-5.5555555555459613,-0.5909090909092285,4.3750000000012141,0,0,0,0,0,17,0,0,0
event_weighted,USDCAD,20,confirmation,bearish,64,642,539,103,496,430,0.92022263450834885,0.79777365491651209,2,1,5,5,2,14,0.00096000000000007191,0.0021800000000000708,0.0040000000000000036,0.0012800000000001699,0.0025300000000001432,0.004229999999999956,-0.0021400000000000308,7.0000000000014495e-05,0.0022799999999998377,9.6000000000007191,21.800000000000708,40.000000000000036,12.800000000001699,25.300000000001432,42.299999999999557,-21.400000000000308,0.70000000000014495,22.799999999998377,3.7058823529408884,12.250000000009251,33.833333333236496,4.3142857142845363,13.31578947368215,33.200000000003556,-12.142857142854083,0.41176470588242975,10.363636363630491,261,184,94,0,103,102,0,1,0
event_weighted,USDCAD,20,confirmation,bullish,4,588,587,1,404,227,0.68824531516183984,0.38671209540034074,1,1,2,2,1,3,0.00022999999999995246,0.00052000000000007596,0.0010900000000000354,0.00026999999999999247,0.00060999999999999943,0.0011400000000001409,-0.00071999999999983189,-0.0001100000000000545,0.00045000000000006146,2.2999999999995246,5.2000000000007596,10.900000000000354,2.6999999999999247,6.0999999999999943,11.400000000001409,-7.1999999999983189,-1.100000000000545,4.5000000000006146,1.0000000000013878,2.6285714285726431,6.9999999999989431,1.2318840579712944,3.1714285714297676,7.3846153846053992,-3.6666666666691339,-0.55555555555528147,2.2285714285716822,0,0,0,0,0,1,0,0,0
event_weighted,USDCAD,20,confirmation,bullish,16,588,577,11,485,370,0.84055459272097055,0.64124783362218374,1,1,3,4,2,7,0.00045000000000006146,0.0010600000000000609,0.0020100000000000673,0.00056000000000011596,0.0012000000000000899,0.0020800000000000818,-0.0010999999999998789,-9.9999999999988987e-05,0.0009900000000000464,4.5000000000006146,10.600000000000609,20.100000000000673,5.6000000000011596,12.000000000000899,20.800000000000818,-10.999999999998789,-0.99999999999988987,9.900000000000464,1.9090909090883399,5.6153846153862581,15.599999999967137,2.5000000000041633,6.4499999999996671,14.666666666642817,-5.8750000000019078,-0.20312499999995121,5.0625000000018217,0,0,0,0,0,11,0,0,0
event_weighted,USDCAD,20,confirmation,bullish,64,588,505,83,464,399,0.91881188118811885,0.79009900990099013,1,1,5,5,2,14,0.00092999999999987537,0.0021299999999999653,0.0035399999999998766,0.0011200000000000099,0.0020799999999998597,0.0038800000000001056,-0.0020900000000001473,-0.00028999999999990145,0.0016799999999999038,9.2999999999987537,21.299999999999653,35.399999999998762,11.200000000000099,20.799999999998597,38.800000000001056,-20.900000000001473,-2.8999999999990145,16.799999999999038,3.900000000000444,10.666666666647751,29.333333333358006,4.7187500000002274,10.833333333321306,27.319999999991332,-12.732142857145414,-0.99999999999930611,8.8717948717974124,230,160,115,0,83,81,0,2,0
event_weighted,USDJPY,10,confirmation,bearish,4,927,924,3,642,337,0.69480519480519476,0.36471861471861472,1,1,2,2,1,3,0.049999999999982947,0.11599999999998545,0.22100000000000364,0.053000000000025693,0.10900000000000887,0.19200000000000728,-0.11700000000001864,-0.0080000000000097771,0.11099999999999,4.9999999999982947,11.599999999998545,22.100000000000364,5.3000000000025693,10.900000000000887,19.200000000000728,-11.700000000001864,-0.80000000000097771,11.099999999999,1.1557788944722391,2.7894736842095815,7.8695652173931308,1.1759259259260162,3.2037037037036158,8.1714285714294075,-3.4081632653056961,-0.16216216216214141,2.4029850746262009,0,0,0,0,0,3,0,0,0
event_weighted,USDJPY,10,confirmation,bearish,16,927,913,14,765,551,0.83789704271631982,0.6035049288061336,1,1,3,3,2,7,0.099999999999994316,0.22399999999998954,0.41999999999998749,0.10600000000002296,0.22399999999998954,0.37399999999999523,-0.20100000000002183,-0.020999999999986585,0.20600000000001728,9.9999999999994316,22.399999999998954,41.999999999998749,10.600000000002296,22.399999999998954,37.399999999999523,-20.100000000002183,-2.0999999999986585,20.600000000001728,2.0000000000004818,5.7692307692283027,15.000000000005167,2.1739130434791205,6.3214285714302028,15.916666666665087,-5.9111111111110057,-0.36893203883502645,4.8620689655175457,0,0,0,0,0,13,0,1,0
event_weighted,USDJPY,10,confirmation,bearish,64,927,828,99,759,644,0.91666666666666663,0.77777777777777779,2,1,4,5,2,15,0.21500000000000341,0.45600000000001728,0.81100000000000705,0.18900000000002137,0.4269999999999925,0.74399999999999977,-0.48099999999999454,-0.049000000000006594,0.41100000000000136,21.500000000000341,45.600000000001728,81.100000000000705,18.900000000002137,42.69999999999925,74.399999999999977,-48.099999999999454,-4.9000000000006594,41.100000000000136,4.2307692307685958,12.333333333321333,33.359999999992539,4.4776119403000907,11.895238095239209,31.35227272726463,-12.600000000014779,-1.0480480480480501,11.126126126127252,388,260,180,0,99,98,0,1,0
event_weighted,USDJPY,10,confirmation,bullish,4,1012,1004,8,675,323,0.67231075697211151,0.32171314741035856,1,1,2,2,1,3,0.042000000000001592,0.091999999999984539,0.17100000000002069,0.043000000000006366,0.090000000000003411,0.16499999999999204,-0.087999999999993861,0,0.097000000000008413,4.2000000000001592,9.1999999999984539,17.100000000002069,4.3000000000006366,9.0000000000003411,16.499999999999204,-8.7999999999993861,0,9.7000000000008413,1.1666666666627192,2.9333333333334912,7.2068965517251522,0.98901098901093754,2.8333333333325439,7.6666666666698244,-2.868421052633134,0,2.6941176470583947,0,0,0,0,0,8,0,0,0
event_weighted,USDJPY,10,confirmation,bullish,16,1012,983,29,816,560,0.83011190233977616,0.5696846388606307,1,1,4,4,2,7,0.09200000000001296,0.20500000000001251,0.34699999999997999,0.086999999999989086,0.18099999999998317,0.3189999999999884,-0.14599999999998658,0.012000000000000455,0.20399999999997931,9.200000000001296,20.500000000001251,34.699999999997999,8.6999999999989086,18.099999999998317,31.89999999999884,-14.599999999998658,1.2000000000000455,20.399999999997931,2.4000000000006687,6.2857142857148656,16.36363636362098,2.1477272727273427,5.7714285714290821,15.611111111109269,-4.4722222222220909,0.18644067796619695,6.7777777777798125,0,0,0,0,0,29,0,0,0
event_weighted,USDJPY,10,confirmation,bullish,64,1012,901,111,814,674,0.90344062153163152,0.74805771365149831,2,1,5,6,2,16,0.21699999999998454,0.42000000000001592,0.73199999999999932,0.16299999999998249,0.37100000000000932,0.72599999999999909,-0.35499999999998977,0.069999999999993179,0.44700000000000273,21.699999999998454,42.000000000001592,73.199999999999932,16.299999999998249,37.100000000000932,72.599999999999909,-35.499999999998977,6.9999999999993179,44.700000000000273,5.1089108910893488,13.694915254237745,37.83333333333136,4.0208333333328401,12.299999999992753,32.500000000028422,-10.226415094340179,1.498069498069434,16.600000000014781,433,291,177,0,111,109,0,2,0
event_weighted,USDJPY,15,confirmation,bearish,4,766,764,2,527,271,0.68979057591623039,0.35471204188481675,1,1,2,2,1,3,0.050000000000011369,0.11899999999999977,0.22200000000000841,0.056000000000011596,0.11299999999999955,0.19700000000000273,-0.12299999999999045,-0.0099999999999909051,0.11099999999999,5.0000000000011369,11.899999999999977,22.200000000000841,5.6000000000011596,11.299999999999955,19.700000000000273,-12.299999999999045,-0.99999999999909051,11.099999999999,1.125,2.7500000000028422,7.6666666666660355,1.2238805970152167,3.200000000001137,8.6470588235309851,-3.5000000000035527,-0.23126338329766097,2.2539682539686119,0,0,0,0,0,2,0,0,0
event_weighted,USDJPY,15,confirmation,bearish,16,766,760,6,633,460,0.83289473684210524,0.60526315789473684,1,1,3,4,2,7,0.10200000000000387,0.22599999999999909,0.40500000000000114,0.11099999999999,0.22800000000000864,0.37699999999998113,-0.20900000000000318,-0.026000000000010459,0.20599999999998886,10.200000000000387,22.599999999999909,40.500000000000114,11.099999999999,22.800000000000864,37.699999999998113,-20.900000000000318,-2.6000000000010459,20.599999999998886,1.9999999999857891,5.6750000000012255,14.571428571418711,2.260869565215887,6.3469387755094937,16.285714285769387,-5.9111111111110057,-0.506024096385571,4.7058823529430454,0,0,0,0,0,6,0,0,0
event_weighted,USDJPY,15,confirmation,bearish,64,766,691,75,632,539,0.91461649782923304,0.78002894356005792,2,1,4,6,2,15,0.21100000000001273,0.43799999999998818,0.79900000000000659,0.19599999999999795,0.43899999999999295,0.74399999999999977,-0.50499999999999545,-0.063999999999992951,0.40700000000001069,21.100000000001273,43.799999999998818,79.900000000000659,19.599999999999795,43.899999999999295,74.399999999999977,-50.499999999999545,-6.3999999999992951,40.700000000001069,4.0793650793654734,12.206896551725151,33.200000000029561,4.6923076923070823,11.705882352944716,32.235294117654924,-12.999999999996705,-1.2932862190813803,10.249999999995381,330,219,142,0,75,75,0,0,0
event_weighted,USDJPY,15,confirmation,bullish,4,810,806,4,539,253,0.66873449131513651,0.31389578163771714,1,1,2,2,1,3,0.044999999999987494,0.093000000000017735,0.17799999999999727,0.044000000000011141,0.091999999999984539,0.16599999999999682,-0.087999999999993861,0,0.10099999999999909,4.4999999999987494,9.3000000000017735,17.799999999999727,4.4000000000011141,9.1999999999984539,16.599999999999682,-8.7999999999993861,0,10.099999999999909,1.1304347826093404,2.904109589042168,7.1052631578922174,0.96969696969683916,2.72727272727214,6.9782608695620336,-2.5238095238110061,0,2.8181818181761806,0,0,0,0,0,4,0,0,0
event_weighted,USDJPY,15,confirmation,bullish,16,810,789,21,648,437,0.82129277566539927,0.55386565272496835,1,1,3,4,2,7,0.096999999999979991,0.20999999999997954,0.34999999999999432,0.085000000000007958,0.17900000000000205,0.31499999999999773,-0.13800000000000523,0.010000000000019327,0.20900000000000318,9.6999999999979991,20.999999999997954,34.999999999999432,8.5000000000007958,17.900000000000205,31.499999999999773,-13.800000000000523,1.0000000000019327,20.900000000000318,2.3478260869570051,6.04545454545433,15.736842105282525,2,5.3529411764702344,13.666666666666666,-4,0.15652173913042833,6.4400000000006514,0,0,0,0,0,21,0,0,0
event_weighted,USDJPY,15,confirmation,bullish,64,810,719,91,643,524,0.89429763560500697,0.72878998609179413,2,1,4,6,2,16,0.22300000000001319,0.4310000000000116,0.74000000000000909,0.15000000000000568,0.36899999999999977,0.71999999999999886,-0.35099999999999909,0.070999999999997954,0.46899999999999409,22.300000000001319,43.10000000000116,74.000000000000909,15.000000000000568,36.899999999999977,71.999999999999886,-35.099999999999909,7.0999999999997954,46.899999999999409,4.8985507246388273,13.314049586775987,37.666666666605614,3.7407407407425342,11,29.679999999992859,-9.717391304347311,1.5689655172417172,16.846153846166121,340,235,144,0,91,89,0,2,0
event_weighted,USDJPY,20,confirmation,bearish,4,688,686,2,470,240,0.685131195335277,0.3498542274052478,1,1,2,2,1,3,0.051999999999992497,0.1220000000000141,0.22800000000000864,0.056999999999987949,0.11400000000000432,0.20300000000000296,-0.12399999999999523,-0.012000000000000455,0.11099999999999,5.1999999999992497,12.20000000000141,22.800000000000864,5.6999999999987949,11.400000000000432,20.300000000000296,-12.399999999999523,-1.2000000000000455,11.099999999999,1.1836734693881339,2.9156626506025192,7.9047619047561044,1.25,3.5185185185164913,8.6470588235309851,-3.6792452830189286,-0.24999999999881575,2.2539682539686119,0,0,0,0,0,2,0,0,0
event_weighted,USDJPY,20,confirmation,bearish,16,688,682,6,566,407,0.8299120234604106,0.59677419354838712,1,1,3,4,2,7,0.10399999999998499,0.22999999999998977,0.40500000000000114,0.11299999999999955,0.23900000000000432,0.375,-0.20900000000000318,-0.026000000000010459,0.20900000000000318,10.399999999998499,22.999999999998977,40.500000000000114,11.299999999999955,23.900000000000432,37.5,-20.900000000000318,-2.6000000000010459,20.900000000000318,2.0303030303031737,5.7000000000039792,14.947368421049404,2.3428571428571892,6.4395604395620119,16.555555555581169,-6.0439560439575128,-0.52488687782797983,4.7599999999989082,0,0,0,0,0,6,0,0,0
event_weighted,USDJPY,20,confirmation,bearish,64,688,620,68,566,479,0.91290322580645167,0.77258064516129032,2,1,4,6,2,15,0.21399999999999864,0.43600000000000705,0.80400000000000205,0.19199999999997885,0.4450000000000216,0.76200000000000045,-0.52599999999998204,-0.062000000000011823,0.40500000000000114,21.399999999999864,43.600000000000705,80.400000000000205,19.199999999997885,44.50000000000216,76.200000000000045,-52.599999999998204,-6.2000000000011823,40.500000000000114,4.1578947368428922,12.07812499999635,35.539999999991657,4.762114537444929,11.60273972602632,32.666666666682808,-12.608695652176303,-1.1730769230766813,11.166666666662719,302,184,134,0,68,68,0,0,0
event_weighted,USDJPY,20,confirmation,bullish,4,690,686,4,455,213,0.66326530612244894,0.31049562682215742,1,1,2,2,1,3,0.043000000000006366,0.09200000000001296,0.1769999999999925,0.042999999999977945,0.093000000000017735,0.16800000000000637,-0.087999999999993861,0.0010000000000047748,0.097000000000008413,4.3000000000006366,9.200000000001296,17.69999999999925,4.2999999999977945,9.3000000000017735,16.800000000000637,-8.7999999999993861,0.10000000000047748,9.7000000000008413,1.107142857143401,2.8395061728397706,6.5499999999966603,0.9675324675323177,2.6590909090906596,6.7377049180320308,-2.5217391304348902,0.014492753623260041,2.5128205128216714,0,0,0,0,0,4,0,0,0
event_weighted,USDJPY,20,confirmation,bullish,16,690,674,16,546,371,0.81008902077151335,0.55044510385756673,1,1,3,4,2,8,0.093000000000017735,0.20599999999998886,0.34299999999998931,0.086999999999989086,0.17499999999998295,0.3119999999999834,-0.13500000000001933,0.0039999999999906777,0.20600000000001728,9.3000000000017735,20.599999999998886,34.299999999998931,8.6999999999989086,17.499999999998295,31.19999999999834,-13.500000000001933,0.39999999999906777,20.600000000001728,2.2317073170732553,5.6875000000036637,15.277777777775936,1.9010989010984378,5.2000000000009745,12.862068965518526,-3.933333333329291,0.092391304347790831,5.5468750000004512,0,0,0,0,0,16,0,0,0
event_weighted,USDJPY,20,confirmation,bullish,64,690,615,75,545,445,0.88617886178861793,0.72357723577235777,2,1,5,6,2,15,0.21699999999998454,0.42400000000000659,0.72599999999999909,0.15000000000000568,0.36899999999999977,0.69000000000002615,-0.34999999999999432,0.068000000000012051,0.4480000000000075,21.699999999998454,42.400000000000659,72.599999999999909,15.000000000000568,36.899999999999977,69.000000000002615,-34.999999999999432,6.8000000000012051,44.80000000000075,4.6857142857143783,12.977777777781455,35.000000000085265,3.6666666666683891,10.594594594592726,28.937499999964253,-9.2558139534869124,1.3529411764701211,16.000000000004061,300,196,119,0,75,73,0,2,0
