symbol,lookback,partition,emitted_eligible,bullish,bearish,bullish_share,bearish_share,width_median_price,width_median_pips,confirmation_spacing_median_bars,confirmation_spacing_median_seconds,simultaneous_observations,temporal_overlap_pairs_64,price_range_overlap_pairs_64,repeated_same_direction_within_64,utc_week_cluster_max,utc_week_cluster_p25,utc_week_cluster_median,utc_week_cluster_p75,greedy_temporal_thinned_64
AUDCAD,10,confirmation,1470,790,680,0.5374149659863946,0.46258503401360546,0.00016000000000004899,1.6000000000004899,12,10800,0,5805,450,3317,50,23,27,33,306
AUDCAD,15,confirmation,1142,604,538,0.52889667250437833,0.47110332749562173,0.00016000000000004899,1.6000000000004899,15,13500,0,3533,225,2110,44,17,20,26,284
AUDCAD,20,confirmation,941,484,457,0.51434643995749207,0.48565356004250798,0.00016000000000004899,1.6000000000004899,18,16200,0,2422,121,1527,36,14,17,20,266
AUDUSD,10,confirmation,1695,896,799,0.52861356932153392,0.47138643067846608,0.00014999999999998348,1.4999999999998348,10,9000,0,7465,495,4367,48,27,33,37,314
AUDUSD,15,confirmation,1361,737,624,0.54151359294636292,0.45848640705363702,0.0001500000000000945,1.500000000000945,11,10800,0,4846,243,3048,40,21,26,31,298
AUDUSD,20,confirmation,1176,642,534,0.54591836734693877,0.45408163265306123,0.00015999999999993797,1.5999999999993797,12,11700,0,3707,158,2403,37,18,22,28,282
EURUSD,10,confirmation,1736,910,826,0.52419354838709675,0.47580645161290325,0.00019999999999997797,1.9999999999997797,10,9000,0,7539,481,4220,55,29,33,36,311
EURUSD,15,confirmation,1391,756,635,0.5434938892882818,0.4565061107117182,0.00021999999999988695,2.1999999999988695,12,10800,0,4773,233,2841,46,24,26,29,299
EURUSD,20,confirmation,1193,649,544,0.54400670578373844,0.4559932942162615,0.00021000000000004349,2.1000000000004349,13,11700,0,3538,140,2185,42,20,23,26,284
GBPUSD,10,confirmation,1742,908,834,0.52123995407577495,0.47876004592422505,0.000220000000000109,2.20000000000109,10,9000,0,7747,519,4447,49,28,35,37,310
GBPUSD,15,confirmation,1388,723,665,0.52089337175792505,0.47910662824207495,0.00024000000000001798,2.4000000000001798,12,10800,0,4906,249,3033,38,23,26,31,295
GBPUSD,20,confirmation,1189,616,573,0.5180824222035324,0.4819175777964676,0.00024000000000001798,2.4000000000001798,12,10800,0,3649,146,2406,32,20,23,27,277
USDCAD,10,confirmation,1827,895,932,0.48987411056376573,0.51012588943623427,0.00017000000000000348,1.7000000000000348,9,8100,0,8487,535,5030,50,30,36,40,317
USDCAD,15,confirmation,1455,694,761,0.47697594501718216,0.5230240549828179,0.00017000000000000348,1.7000000000000348,10,9000,0,5347,272,3384,40,23,28,32,294
USDCAD,20,confirmation,1230,588,642,0.47804878048780486,0.52195121951219514,0.00018000000000006899,1.8000000000006899,10,9900,0,3822,157,2557,36,18,24,28,281
USDJPY,10,confirmation,1939,1012,927,0.52191851469829809,0.47808148530170191,0.033000000000015461,3.3000000000015461,8,7200,0,9672,579,5527,54,34,36,40,322
USDJPY,15,confirmation,1576,810,766,0.51395939086294418,0.48604060913705582,0.034999999999996589,3.4999999999996589,8,8100,0,6436,318,3892,46,27,29,34,304
USDJPY,20,confirmation,1378,690,688,0.50072568940493467,0.49927431059506533,0.034999999999996589,3.4999999999996589,9,8100,0,4945,187,3133,39,23,26,29,296
