lTid,cDealable,CurrencyPair,RateDateTime,RateBid,RateAsk
6345119492,D,COR/USD,2018-01-15 20:00:01.047000000,3.470000,3.472500
6345119520,D,COR/USD,2018-01-15 20:00:01.297000000,3.471300,3.473800
6345119551,D,COR/USD,2018-01-15 20:00:01.547000000,3.472500,3.475000
6345119947,D,COR/USD,2018-01-15 20:00:11.297000000,3.473800,3.476300
6345119952,D,COR/USD,2018-01-15 20:00:11.547000000,3.475000,3.477500
6345121060,D,COR/USD,2018-01-15 20:00:30.547000000,3.477500,3.480000
6345121501,D,COR/USD,2018-01-15 20:00:44.047000000,3.478800,3.481300
6345121509,D,COR/USD,2018-01-15 20:00:44.310000000,3.480000,3.482500
6345122291,D,COR/USD,2018-01-15 20:01:19.797000000,3.481300,3.483800
6345122296,D,COR/USD,2018-01-15 20:01:20.047000000,3.482500,3.485000
6345122432,D,COR/USD,2018-01-15 20:01:33.297000000,3.483800,3.486300
6345122438,D,COR/USD,2018-01-15 20:01:33.547000000,3.485000,3.487500
6345123183,D,COR/USD,2018-01-15 20:02:09.297000000,3.486300,3.488800
6345123185,D,COR/USD,2018-01-15 20:02:09.547000000,3.487500,3.490000
6345123213,D,COR/USD,2018-01-15 20:02:11.047000000,3.488800,3.491300
6345123240,D,COR/USD,2018-01-15 20:02:11.297000000,3.490000,3.492500
6345123268,D,COR/USD,2018-01-15 20:02:11.797000000,3.487500,3.490000
6345123276,D,COR/USD,2018-01-15 20:02:12.297000000,3.490000,3.492500
6345123298,D,COR/USD,2018-01-15 20:02:14.047000000,3.487500,3.490000
6345126082,D,COR/USD,2018-01-15 20:04:07.547000000,3.490000,3.492500
6345128205,D,COR/USD,2018-01-15 20:05:54.297000000,3.487500,3.490000
6345128468,D,COR/USD,2018-01-15 20:06:02.810000000,3.485000,3.487500
6345128640,D,COR/USD,2018-01-15 20:06:06.297000000,3.487500,3.490000
6345128741,D,COR/USD,2018-01-15 20:06:08.547000000,3.485000,3.487500
6345130604,D,COR/USD,2018-01-15 20:07:01.297000000,3.487500,3.490000
6345133608,D,COR/USD,2018-01-15 20:08:08.047000000,3.486300,3.488800
6345133618,D,COR/USD,2018-01-15 20:08:08.297000000,3.485000,3.487500
6345141853,D,COR/USD,2018-01-15 20:13:03.543000000,3.482500,3.485000
6345151837,D,COR/USD,2018-01-15 20:16:51.543000000,3.480000,3.482500
6345160201,D,COR/USD,2018-01-15 20:20:43.043000000,3.481300,3.483800
6345160231,D,COR/USD,2018-01-15 20:20:43.293000000,3.482500,3.485000
6345161939,D,COR/USD,2018-01-15 20:21:30.543000000,3.480000,3.482500
6345162100,D,COR/USD,2018-01-15 20:21:34.043000000,3.481300,3.483800
6345162103,D,COR/USD,2018-01-15 20:21:34.293000000,3.482500,3.485000
6345172823,D,COR/USD,2018-01-15 20:29:27.790000000,3.480000,3.482500
6345173636,D,COR/USD,2018-01-15 20:29:56.040000000,3.482500,3.485000
6345225898,D,COR/USD,2018-01-15 21:04:20.787000000,3.485000,3.487500
6345227737,D,COR/USD,2018-01-15 21:05:49.037000000,3.487500,3.490000
6345228345,D,COR/USD,2018-01-15 21:06:28.033000000,3.486300,3.488800
6345228371,D,COR/USD,2018-01-15 21:06:28.283000000,3.485000,3.487500
6345242231,D,COR/USD,2018-01-15 21:13:29.783000000,3.483800,3.486300
6345242235,D,COR/USD,2018-01-15 21:13:30.033000000,3.482500,3.485000
6345275829,D,COR/USD,2018-01-15 21:34:29.280000000,3.480000,3.482500
6345320603,D,COR/USD,2018-01-15 22:05:16.273000000,3.477500,3.480000
6345387948,D,COR/USD,2018-01-15 23:01:04.263000000,3.475000,3.477500
6345391292,D,COR/USD,2018-01-15 23:04:36.013000000,3.477500,3.480000
6345423972,D,COR/USD,2018-01-15 23:41:32.757000000,3.476300,3.478800
6345423974,D,COR/USD,2018-01-15 23:41:33.007000000,3.475000,3.477500
6345506445,D,COR/USD,2018-01-16 00:57:47.993000000,3.476300,3.478800
6345506448,D,COR/USD,2018-01-16 00:57:48.243000000,3.477500,3.480000
6345779861,D,COR/USD,2018-01-16 02:41:07.477000000,3.478800,3.481300
6345779869,D,COR/USD,2018-01-16 02:41:07.727000000,3.477500,3.480000
6345908620,D,COR/USD,2018-01-16 03:19:06.220000000,3.475000,3.477500
6346093085,D,COR/USD,2018-01-16 04:17:14.710000000,3.472500,3.475000
6346206769,D,COR/USD,2018-01-16 04:56:07.453000000,3.473800,3.476300
6346206777,D,COR/USD,2018-01-16 04:56:07.703000000,3.472500,3.475000
6346206791,D,COR/USD,2018-01-16 04:56:07.953000000,3.473800,3.476300
6346206802,D,COR/USD,2018-01-16 04:56:08.203000000,3.475000,3.477500
6346605820,D,COR/USD,2018-01-16 07:32:34.173000000,3.476300,3.478800
6346605827,D,COR/USD,2018-01-16 07:32:34.423000000,3.477500,3.480000
6346640826,D,COR/USD,2018-01-16 07:48:20.670000000,3.480000,3.482500
6346648171,D,COR/USD,2018-01-16 07:52:00.920000000,3.482500,3.485000
6346660978,D,COR/USD,2018-01-16 07:56:52.170000000,3.480000,3.482500
6346663492,D,COR/USD,2018-01-16 07:57:49.920000000,3.481300,3.483800
6346663498,D,COR/USD,2018-01-16 07:57:50.170000000,3.482500,3.485000
6346665042,D,COR/USD,2018-01-16 07:58:20.920000000,3.480000,3.482500
6346665121,D,COR/USD,2018-01-16 07:58:23.420000000,3.482500,3.485000
6346665823,D,COR/USD,2018-01-16 07:58:38.170000000,3.480000,3.482500
6346738229,D,COR/USD,2018-01-16 08:27:07.663000000,3.482500,3.485000
6346937642,D,COR/USD,2018-01-16 09:30:00.420000000,3.482500,3.485000
6346937678,D,COR/USD,2018-01-16 09:30:00.653000000,3.480000,3.482500
6346937736,D,COR/USD,2018-01-16 09:30:01.403000000,3.475000,3.477500
6346937756,D,COR/USD,2018-01-16 09:30:01.653000000,3.476300,3.478800
6346937777,D,COR/USD,2018-01-16 09:30:01.903000000,3.477500,3.480000
6346937798,D,COR/USD,2018-01-16 09:30:02.153000000,3.475000,3.477500
6346937846,D,COR/USD,2018-01-16 09:30:02.653000000,3.476300,3.478800
6346937874,D,COR/USD,2018-01-16 09:30:02.920000000,3.477500,3.480000
6346939053,D,COR/USD,2018-01-16 09:30:15.153000000,3.475000,3.477500
6346941171,D,COR/USD,2018-01-16 09:30:48.153000000,3.472500,3.475000
6346941389,D,COR/USD,2018-01-16 09:30:51.653000000,3.473800,3.476300
6346941411,D,COR/USD,2018-01-16 09:30:51.903000000,3.475000,3.477500
6346942012,D,COR/USD,2018-01-16 09:31:00.653000000,3.472500,3.475000
6346943202,D,COR/USD,2018-01-16 09:31:21.153000000,3.473800,3.476300
6346943218,D,COR/USD,2018-01-16 09:31:21.403000000,3.475000,3.477500
6346943233,D,COR/USD,2018-01-16 09:31:21.653000000,3.472500,3.475000
6346944013,D,COR/USD,2018-01-16 09:31:32.403000000,3.473800,3.476300
6346944018,D,COR/USD,2018-01-16 09:31:32.653000000,3.475000,3.477500
6346946515,D,COR/USD,2018-01-16 09:32:10.153000000,3.472500,3.475000
6346947137,D,COR/USD,2018-01-16 09:32:21.653000000,3.475000,3.477500
6346947382,D,COR/USD,2018-01-16 09:32:25.403000000,3.472500,3.475000
6346948387,D,COR/USD,2018-01-16 09:32:42.403000000,3.473800,3.476300
6346948403,D,COR/USD,2018-01-16 09:32:42.653000000,3.475000,3.477500
6346949394,D,COR/USD,2018-01-16 09:32:58.903000000,3.472500,3.475000
6346949452,D,COR/USD,2018-01-16 09:32:59.653000000,3.475000,3.477500
6346950730,D,COR/USD,2018-01-16 09:33:26.653000000,3.473800,3.476300
6346950748,D,COR/USD,2018-01-16 09:33:26.903000000,3.472500,3.475000
6346950866,D,COR/USD,2018-01-16 09:33:28.653000000,3.475000,3.477500
6346951083,D,COR/USD,2018-01-16 09:33:33.153000000,3.472500,3.475000
6346952320,D,COR/USD,2018-01-16 09:33:56.417000000,3.473800,3.476300
6346952360,D,COR/USD,2018-01-16 09:33:56.653000000,3.472500,3.475000
6346952409,D,COR/USD,2018-01-16 09:33:57.153000000,3.472500,3.477500
6346952446,D,COR/USD,2018-01-16 09:33:57.903000000,3.472500,3.475000
6346954253,D,COR/USD,2018-01-16 09:34:23.903000000,3.473800,3.476300
6346954269,D,COR/USD,2018-01-16 09:34:24.153000000,3.475000,3.477500
6346957668,D,COR/USD,2018-01-16 09:35:19.403000000,3.473800,3.476300
6346957673,D,COR/USD,2018-01-16 09:35:19.653000000,3.475000,3.477500
6346962262,D,COR/USD,2018-01-16 09:36:30.403000000,3.472500,3.475000
6346976120,D,COR/USD,2018-01-16 09:40:36.150000000,3.473800,3.476300
6346976127,D,COR/USD,2018-01-16 09:40:36.400000000,3.475000,3.477500
6346976335,D,COR/USD,2018-01-16 09:40:39.650000000,3.472500,3.475000
6346986399,D,COR/USD,2018-01-16 09:43:25.650000000,3.470000,3.472500
6346988585,D,COR/USD,2018-01-16 09:43:59.150000000,3.467500,3.470000
6347001815,D,COR/USD,2018-01-16 09:46:32.667000000,3.466300,3.468800
6347001846,D,COR/USD,2018-01-16 09:46:32.900000000,3.465000,3.467500
6347008508,D,COR/USD,2018-01-16 09:48:00.417000000,3.463800,3.466300
6347008625,D,COR/USD,2018-01-16 09:48:01.167000000,3.465000,3.467500
6347009504,D,COR/USD,2018-01-16 09:48:12.900000000,3.463800,3.466300
6347009535,D,COR/USD,2018-01-16 09:48:13.167000000,3.462500,3.465000
6347010249,D,COR/USD,2018-01-16 09:48:23.650000000,3.465000,3.467500
6347023869,D,COR/USD,2018-01-16 09:51:41.650000000,3.462500,3.465000
6347024499,D,COR/USD,2018-01-16 09:51:51.650000000,3.463800,3.466300
6347024523,D,COR/USD,2018-01-16 09:51:51.900000000,3.465000,3.467500
6347024579,D,COR/USD,2018-01-16 09:51:53.650000000,3.463800,3.466300
6347024587,D,COR/USD,2018-01-16 09:51:53.900000000,3.462500,3.465000
6347039932,D,COR/USD,2018-01-16 09:55:53.897000000,3.463800,3.466300
6347039960,D,COR/USD,2018-01-16 09:55:54.147000000,3.462500,3.465000
6347040255,D,COR/USD,2018-01-16 09:56:00.397000000,3.465000,3.467500
6347040788,D,COR/USD,2018-01-16 09:56:06.647000000,3.463800,3.466300
6347040809,D,COR/USD,2018-01-16 09:56:06.897000000,3.462500,3.465000
6347041015,D,COR/USD,2018-01-16 09:56:10.897000000,3.465000,3.467500
6347041221,D,COR/USD,2018-01-16 09:56:15.147000000,3.463800,3.466300
6347041244,D,COR/USD,2018-01-16 09:56:15.397000000,3.462500,3.467500
6347041276,D,COR/USD,2018-01-16 09:56:15.647000000,3.463800,3.466300
6347041287,D,COR/USD,2018-01-16 09:56:15.897000000,3.462500,3.465000
6347043796,D,COR/USD,2018-01-16 09:56:46.897000000,3.465000,3.467500
6347044362,D,COR/USD,2018-01-16 09:56:57.147000000,3.462500,3.467500
6347044491,D,COR/USD,2018-01-16 09:57:00.397000000,3.465000,3.467500
6347046888,D,COR/USD,2018-01-16 09:57:36.647000000,3.463800,3.466300
6347046910,D,COR/USD,2018-01-16 09:57:36.913000000,3.462500,3.465000
6347047193,D,COR/USD,2018-01-16 09:57:39.647000000,3.463800,3.466300
6347047197,D,COR/USD,2018-01-16 09:57:39.897000000,3.462500,3.465000
6347047219,D,COR/USD,2018-01-16 09:57:40.647000000,3.465000,3.467500
6347047230,D,COR/USD,2018-01-16 09:57:40.897000000,3.462500,3.465000
6347047766,D,COR/USD,2018-01-16 09:57:51.647000000,3.465000,3.467500
6347047798,D,COR/USD,2018-01-16 09:57:52.397000000,3.462500,3.467500
6347048000,D,COR/USD,2018-01-16 09:57:57.647000000,3.465000,3.467500
6347048203,D,COR/USD,2018-01-16 09:58:01.897000000,3.462500,3.465000
6347048517,D,COR/USD,2018-01-16 09:58:08.897000000,3.463800,3.466300
6347048524,D,COR/USD,2018-01-16 09:58:09.147000000,3.465000,3.467500
6347051564,D,COR/USD,2018-01-16 09:58:57.897000000,3.462500,3.465000
6347051594,D,COR/USD,2018-01-16 09:58:58.397000000,3.465000,3.467500
6347072605,D,COR/USD,2018-01-16 10:03:32.647000000,3.466300,3.468800
6347072623,D,COR/USD,2018-01-16 10:03:32.897000000,3.465000,3.467500
6347073175,D,COR/USD,2018-01-16 10:03:43.647000000,3.467500,3.470000
6347073471,D,COR/USD,2018-01-16 10:03:47.647000000,3.466300,3.468800
6347073485,D,COR/USD,2018-01-16 10:03:47.897000000,3.465000,3.467500
6347079918,D,COR/USD,2018-01-16 10:05:27.897000000,3.466300,3.468800
6347079937,D,COR/USD,2018-01-16 10:05:28.147000000,3.467500,3.470000
6347080682,D,COR/USD,2018-01-16 10:05:39.647000000,3.466300,3.468800
6347080712,D,COR/USD,2018-01-16 10:05:39.897000000,3.465000,3.467500
6347080761,D,COR/USD,2018-01-16 10:05:40.397000000,3.467500,3.470000
6347084203,D,COR/USD,2018-01-16 10:06:36.897000000,3.466300,3.468800
6347084218,D,COR/USD,2018-01-16 10:06:37.147000000,3.465000,3.467500
6347088337,D,COR/USD,2018-01-16 10:07:46.647000000,3.466300,3.468800
6347088351,D,COR/USD,2018-01-16 10:07:46.897000000,3.467500,3.470000
6347088689,D,COR/USD,2018-01-16 10:07:51.897000000,3.465000,3.467500
6347101798,D,COR/USD,2018-01-16 10:11:21.897000000,3.462500,3.465000
6347101887,D,COR/USD,2018-01-16 10:11:24.147000000,3.465000,3.467500
6347101924,D,COR/USD,2018-01-16 10:11:25.897000000,3.463800,3.466300
6347101936,D,COR/USD,2018-01-16 10:11:26.147000000,3.462500,3.465000
6347102510,D,COR/USD,2018-01-16 10:11:36.413000000,3.465000,3.467500
6347104209,D,COR/USD,2018-01-16 10:12:06.397000000,3.462500,3.465000
6347104511,D,COR/USD,2018-01-16 10:12:11.147000000,3.463800,3.466300
6347104527,D,COR/USD,2018-01-16 10:12:11.413000000,3.465000,3.467500
6347104623,D,COR/USD,2018-01-16 10:12:12.897000000,3.463800,3.466300
6347104632,D,COR/USD,2018-01-16 10:12:13.147000000,3.462500,3.465000
6347104843,D,COR/USD,2018-01-16 10:12:16.397000000,3.463800,3.466300
6347104869,D,COR/USD,2018-01-16 10:12:16.647000000,3.465000,3.467500
6347106953,D,COR/USD,2018-01-16 10:13:06.647000000,3.462500,3.465000
6347107263,D,COR/USD,2018-01-16 10:13:12.147000000,3.463800,3.466300
6347107284,D,COR/USD,2018-01-16 10:13:12.397000000,3.465000,3.467500
6347108973,D,COR/USD,2018-01-16 10:13:41.147000000,3.463800,3.466300
6347108993,D,COR/USD,2018-01-16 10:13:41.397000000,3.462500,3.465000
6347109314,D,COR/USD,2018-01-16 10:13:49.897000000,3.465000,3.467500
6347109379,D,COR/USD,2018-01-16 10:13:51.897000000,3.462500,3.465000
6347109437,D,COR/USD,2018-01-16 10:13:54.147000000,3.465000,3.467500
6347110005,D,COR/USD,2018-01-16 10:14:07.147000000,3.462500,3.465000
6347110121,D,COR/USD,2018-01-16 10:14:10.147000000,3.465000,3.467500
6347110134,D,COR/USD,2018-01-16 10:14:10.397000000,3.462500,3.467500
6347110170,D,COR/USD,2018-01-16 10:14:11.647000000,3.463800,3.466300
6347110176,D,COR/USD,2018-01-16 10:14:11.897000000,3.465000,3.467500
6347110197,D,COR/USD,2018-01-16 10:14:12.647000000,3.463800,3.466300
6347110202,D,COR/USD,2018-01-16 10:14:12.897000000,3.462500,3.465000
6347112020,D,COR/USD,2018-01-16 10:14:46.397000000,3.465000,3.467500
6347113825,D,COR/USD,2018-01-16 10:15:22.147000000,3.462500,3.465000
6347113853,D,COR/USD,2018-01-16 10:15:22.397000000,3.465000,3.467500
6347114820,D,COR/USD,2018-01-16 10:15:35.897000000,3.463800,3.466300
6347114837,D,COR/USD,2018-01-16 10:15:36.147000000,3.462500,3.465000
6347115186,D,COR/USD,2018-01-16 10:15:41.897000000,3.463800,3.466300
6347115213,D,COR/USD,2018-01-16 10:15:42.160000000,3.462500,3.465000
6347115446,D,COR/USD,2018-01-16 10:15:46.647000000,3.462500,3.467500
6347115705,D,COR/USD,2018-01-16 10:15:52.397000000,3.462500,3.465000
6347154974,D,COR/USD,2018-01-16 10:27:10.143000000,3.463800,3.466300
6347154986,D,COR/USD,2018-01-16 10:27:10.393000000,3.465000,3.467500
6347158432,D,COR/USD,2018-01-16 10:28:05.393000000,3.467500,3.470000
6347158510,D,COR/USD,2018-01-16 10:28:06.393000000,3.466300,3.468800
6347158517,D,COR/USD,2018-01-16 10:28:06.643000000,3.467500,3.470000
6347158680,D,COR/USD,2018-01-16 10:28:12.643000000,3.465000,3.467500
6347161977,D,COR/USD,2018-01-16 10:29:10.143000000,3.467500,3.470000
6347162319,D,COR/USD,2018-01-16 10:29:15.643000000,3.465000,3.467500
6347162472,D,COR/USD,2018-01-16 10:29:18.643000000,3.467500,3.470000
6347162923,D,COR/USD,2018-01-16 10:29:29.143000000,3.465000,3.467500
6347163663,D,COR/USD,2018-01-16 10:29:46.393000000,3.467500,3.470000
6347163737,D,COR/USD,2018-01-16 10:29:48.643000000,3.465000,3.467500
6347163912,D,COR/USD,2018-01-16 10:29:51.393000000,3.467500,3.470000
6347164328,D,COR/USD,2018-01-16 10:29:56.643000000,3.465000,3.467500
6347164407,D,COR/USD,2018-01-16 10:29:57.393000000,3.466300,3.468800
6347164442,D,COR/USD,2018-01-16 10:29:57.643000000,3.467500,3.470000
6347164559,D,COR/USD,2018-01-16 10:29:58.643000000,3.465000,3.467500
6347165057,D,COR/USD,2018-01-16 10:30:02.643000000,3.466300,3.468800
6347165086,D,COR/USD,2018-01-16 10:30:02.893000000,3.465000,3.467500
6347165505,D,COR/USD,2018-01-16 10:30:07.893000000,3.466300,3.468800
6347165519,D,COR/USD,2018-01-16 10:30:08.143000000,3.467500,3.470000
6347166411,D,COR/USD,2018-01-16 10:30:22.393000000,3.465000,3.467500
6347166425,D,COR/USD,2018-01-16 10:30:22.643000000,3.467500,3.470000
6347166576,D,COR/USD,2018-01-16 10:30:24.143000000,3.465000,3.467500
6347168954,D,COR/USD,2018-01-16 10:31:05.907000000,3.466300,3.468800
6347168997,D,COR/USD,2018-01-16 10:31:06.190000000,3.465000,3.467500
6347169462,D,COR/USD,2018-01-16 10:31:11.143000000,3.466300,3.468800
6347169475,D,COR/USD,2018-01-16 10:31:11.393000000,3.467500,3.470000
6347181716,D,COR/USD,2018-01-16 10:34:42.393000000,3.466300,3.468800
6347181728,D,COR/USD,2018-01-16 10:34:42.643000000,3.465000,3.467500
6347182236,D,COR/USD,2018-01-16 10:34:48.393000000,3.467500,3.470000
6347237785,D,COR/USD,2018-01-16 10:48:44.390000000,3.465000,3.467500
6347247693,D,COR/USD,2018-01-16 10:51:28.640000000,3.462500,3.465000
6347248195,D,COR/USD,2018-01-16 10:51:39.640000000,3.463800,3.466300
6347248209,D,COR/USD,2018-01-16 10:51:39.890000000,3.462500,3.465000
6347260726,D,COR/USD,2018-01-16 10:54:53.637000000,3.465000,3.467500
6347260874,D,COR/USD,2018-01-16 10:54:56.887000000,3.463800,3.466300
6347260886,D,COR/USD,2018-01-16 10:54:57.137000000,3.462500,3.465000
6347269643,D,COR/USD,2018-01-16 10:56:53.387000000,3.463800,3.466300
6347269662,D,COR/USD,2018-01-16 10:56:53.637000000,3.465000,3.467500
6347286156,D,COR/USD,2018-01-16 10:59:48.637000000,3.463800,3.466300
6347286180,D,COR/USD,2018-01-16 10:59:48.887000000,3.465000,3.467500
6347310848,D,COR/USD,2018-01-16 11:04:26.887000000,3.463800,3.466300
6347310914,D,COR/USD,2018-01-16 11:04:27.387000000,3.465000,3.467500
6347310997,D,COR/USD,2018-01-16 11:04:28.137000000,3.463800,3.466300
6347311030,D,COR/USD,2018-01-16 11:04:28.387000000,3.462500,3.465000
6347311061,D,COR/USD,2018-01-16 11:04:28.887000000,3.465000,3.467500
6347326334,D,COR/USD,2018-01-16 11:09:00.137000000,3.462500,3.465000
6347328247,D,COR/USD,2018-01-16 11:09:23.653000000,3.463800,3.466300
6347328292,D,COR/USD,2018-01-16 11:09:23.903000000,3.465000,3.467500
6347328720,D,COR/USD,2018-01-16 11:09:28.403000000,3.462500,3.465000
6347332606,D,COR/USD,2018-01-16 11:10:26.637000000,3.463800,3.466300
6347332619,D,COR/USD,2018-01-16 11:10:26.887000000,3.465000,3.467500
6347333460,D,COR/USD,2018-01-16 11:10:40.637000000,3.462500,3.465000
6347333754,D,COR/USD,2018-01-16 11:10:43.137000000,3.465000,3.467500
6347336418,D,COR/USD,2018-01-16 11:11:33.887000000,3.463800,3.466300
6347336430,D,COR/USD,2018-01-16 11:11:34.137000000,3.462500,3.465000
6347337721,D,COR/USD,2018-01-16 11:11:49.650000000,3.465000,3.467500
6347350918,D,COR/USD,2018-01-16 11:15:18.387000000,3.462500,3.465000
6347351243,D,COR/USD,2018-01-16 11:15:22.137000000,3.465000,3.467500
6347352613,D,COR/USD,2018-01-16 11:15:39.387000000,3.463800,3.466300
6347352644,D,COR/USD,2018-01-16 11:15:39.637000000,3.462500,3.465000
6347352888,D,COR/USD,2018-01-16 11:15:43.387000000,3.465000,3.467500
6347355262,D,COR/USD,2018-01-16 11:16:13.150000000,3.463800,3.466300
6347355311,D,COR/USD,2018-01-16 11:16:13.400000000,3.462500,3.465000
6347355402,D,COR/USD,2018-01-16 11:16:14.133000000,3.463800,3.466300
6347355415,D,COR/USD,2018-01-16 11:16:14.383000000,3.462500,3.465000
6347355659,D,COR/USD,2018-01-16 11:16:17.383000000,3.465000,3.467500
6347355851,D,COR/USD,2018-01-16 11:16:21.133000000,3.463800,3.466300
6347355878,D,COR/USD,2018-01-16 11:16:21.383000000,3.462500,3.465000
6347368243,D,COR/USD,2018-01-16 11:19:57.383000000,3.460000,3.462500
6347368997,D,COR/USD,2018-01-16 11:20:08.633000000,3.461300,3.463800
6347369015,D,COR/USD,2018-01-16 11:20:08.883000000,3.460000,3.462500
6347369817,D,COR/USD,2018-01-16 11:20:20.133000000,3.461300,3.463800
6347369834,D,COR/USD,2018-01-16 11:20:20.383000000,3.462500,3.465000
6347369911,D,COR/USD,2018-01-16 11:20:21.883000000,3.460000,3.462500
6347369969,D,COR/USD,2018-01-16 11:20:24.633000000,3.462500,3.465000
6347371456,D,COR/USD,2018-01-16 11:20:55.383000000,3.461300,3.463800
6347371474,D,COR/USD,2018-01-16 11:20:55.633000000,3.460000,3.462500
6347371605,D,COR/USD,2018-01-16 11:20:58.383000000,3.462500,3.465000
6347371612,D,COR/USD,2018-01-16 11:20:58.633000000,3.461300,3.463800
6347371616,D,COR/USD,2018-01-16 11:20:58.883000000,3.460000,3.465000
6347371623,D,COR/USD,2018-01-16 11:20:59.133000000,3.462500,3.465000
6347372563,D,COR/USD,2018-01-16 11:21:18.883000000,3.460000,3.462500
6347372707,D,COR/USD,2018-01-16 11:21:21.883000000,3.461300,3.463800
6347372726,D,COR/USD,2018-01-16 11:21:22.383000000,3.460000,3.462500
6347372777,D,COR/USD,2018-01-16 11:21:23.383000000,3.462500,3.465000
6347381566,D,COR/USD,2018-01-16 11:24:14.633000000,3.461300,3.463800
6347381573,D,COR/USD,2018-01-16 11:24:14.883000000,3.460000,3.462500
6347382896,D,COR/USD,2018-01-16 11:24:40.383000000,3.462500,3.465000
6347382951,D,COR/USD,2018-01-16 11:24:42.133000000,3.460000,3.462500
6347408785,D,COR/USD,2018-01-16 11:33:07.630000000,3.461300,3.463800
6347408795,D,COR/USD,2018-01-16 11:33:07.880000000,3.460000,3.462500
6347408803,D,COR/USD,2018-01-16 11:33:08.130000000,3.462500,3.465000
6347409095,D,COR/USD,2018-01-16 11:33:19.130000000,3.461300,3.463800
6347409104,D,COR/USD,2018-01-16 11:33:19.630000000,3.462500,3.465000
6347409397,D,COR/USD,2018-01-16 11:33:23.880000000,3.460000,3.462500
6347410411,D,COR/USD,2018-01-16 11:33:45.880000000,3.462500,3.465000
6347410763,D,COR/USD,2018-01-16 11:33:52.880000000,3.460000,3.462500
6347410892,D,COR/USD,2018-01-16 11:33:56.380000000,3.461300,3.463800
6347410899,D,COR/USD,2018-01-16 11:33:56.630000000,3.462500,3.465000
6347417308,D,COR/USD,2018-01-16 11:36:02.630000000,3.460000,3.462500
6347418747,D,COR/USD,2018-01-16 11:36:35.130000000,3.462500,3.465000
6347418798,D,COR/USD,2018-01-16 11:36:36.630000000,3.460000,3.462500
6347419332,D,COR/USD,2018-01-16 11:36:53.630000000,3.462500,3.465000
6347419450,D,COR/USD,2018-01-16 11:36:56.130000000,3.461300,3.463800
6347419458,D,COR/USD,2018-01-16 11:36:56.380000000,3.460000,3.462500
6347419627,D,COR/USD,2018-01-16 11:37:00.130000000,3.461300,3.463800
6347419639,D,COR/USD,2018-01-16 11:37:00.380000000,3.462500,3.465000
6347419777,D,COR/USD,2018-01-16 11:37:02.880000000,3.460000,3.462500
6347420280,D,COR/USD,2018-01-16 11:37:11.130000000,3.462500,3.465000
6347420408,D,COR/USD,2018-01-16 11:37:16.130000000,3.460000,3.465000
6347420443,D,COR/USD,2018-01-16 11:37:16.880000000,3.462500,3.465000
6347421978,D,COR/USD,2018-01-16 11:37:49.630000000,3.461300,3.463800
6347421995,D,COR/USD,2018-01-16 11:37:50.130000000,3.462500,3.465000
6347516597,D,COR/USD,2018-01-16 12:05:51.627000000,3.460000,3.462500
6347516730,D,COR/USD,2018-01-16 12:05:56.877000000,3.461300,3.463800
6347516732,D,COR/USD,2018-01-16 12:05:57.127000000,3.460000,3.462500
6347516784,D,COR/USD,2018-01-16 12:05:59.377000000,3.462500,3.465000
6347517080,D,COR/USD,2018-01-16 12:06:05.127000000,3.460000,3.462500
6347517655,D,COR/USD,2018-01-16 12:06:23.127000000,3.461300,3.463800
6347517671,D,COR/USD,2018-01-16 12:06:23.377000000,3.462500,3.465000
6347523369,D,COR/USD,2018-01-16 12:09:28.377000000,3.460000,3.462500
6347525127,D,COR/USD,2018-01-16 12:10:09.377000000,3.462500,3.465000
6347525169,D,COR/USD,2018-01-16 12:10:09.877000000,3.460000,3.462500
6347525863,D,COR/USD,2018-01-16 12:10:24.627000000,3.461300,3.463800
6347525877,D,COR/USD,2018-01-16 12:10:24.877000000,3.460000,3.462500
6347525934,D,COR/USD,2018-01-16 12:10:26.377000000,3.462500,3.465000
6347526066,D,COR/USD,2018-01-16 12:10:29.127000000,3.460000,3.462500
6347526722,D,COR/USD,2018-01-16 12:10:50.127000000,3.461300,3.463800
6347526738,D,COR/USD,2018-01-16 12:10:50.377000000,3.462500,3.465000
6347528314,D,COR/USD,2018-01-16 12:11:24.377000000,3.460000,3.462500
6347528512,D,COR/USD,2018-01-16 12:11:29.127000000,3.462500,3.465000
6347573224,D,COR/USD,2018-01-16 12:31:19.370000000,3.461300,3.463800
6347573228,D,COR/USD,2018-01-16 12:31:19.620000000,3.460000,3.462500
6347573238,D,COR/USD,2018-01-16 12:31:20.370000000,3.462500,3.465000
6347574438,D,COR/USD,2018-01-16 12:32:03.370000000,3.460000,3.462500
6347575205,D,COR/USD,2018-01-16 12:32:19.620000000,3.461300,3.463800
6347575215,D,COR/USD,2018-01-16 12:32:19.870000000,3.462500,3.465000
6347583425,D,COR/USD,2018-01-16 12:36:08.120000000,3.465000,3.467500
6347606334,D,COR/USD,2018-01-16 12:47:58.867000000,3.467500,3.470000
6347607160,D,COR/USD,2018-01-16 12:48:23.367000000,3.465000,3.467500
6347612166,D,COR/USD,2018-01-16 12:51:06.867000000,3.466300,3.468800
6347612175,D,COR/USD,2018-01-16 12:51:07.117000000,3.467500,3.470000
6347612306,D,COR/USD,2018-01-16 12:51:10.117000000,3.465000,3.467500
6347612429,D,COR/USD,2018-01-16 12:51:13.617000000,3.466300,3.468800
6347612434,D,COR/USD,2018-01-16 12:51:13.867000000,3.467500,3.470000
6347612484,D,COR/USD,2018-01-16 12:51:16.117000000,3.466300,3.468800
6347612511,D,COR/USD,2018-01-16 12:51:16.367000000,3.465000,3.467500
6347612543,D,COR/USD,2018-01-16 12:51:17.117000000,3.467500,3.470000
6347616740,D,COR/USD,2018-01-16 12:53:23.367000000,3.465000,3.470000
6347616743,D,COR/USD,2018-01-16 12:53:23.867000000,3.467500,3.470000
6347619466,D,COR/USD,2018-01-16 12:54:42.367000000,3.465000,3.470000
6347619498,D,COR/USD,2018-01-16 12:54:42.867000000,3.467500,3.470000
6347619522,D,COR/USD,2018-01-16 12:54:43.367000000,3.465000,3.467500
6347620534,D,COR/USD,2018-01-16 12:55:20.617000000,3.467500,3.470000
6347627434,D,COR/USD,2018-01-16 12:58:09.867000000,3.465000,3.470000
6347627560,D,COR/USD,2018-01-16 12:58:12.867000000,3.467500,3.470000
6347628030,D,COR/USD,2018-01-16 12:58:23.367000000,3.466300,3.468800
6347628045,D,COR/USD,2018-01-16 12:58:23.617000000,3.465000,3.467500
6347629594,D,COR/USD,2018-01-16 12:59:00.133000000,3.466300,3.468800
6347629622,D,COR/USD,2018-01-16 12:59:00.367000000,3.467500,3.470000
6347629682,D,COR/USD,2018-01-16 12:59:02.867000000,3.465000,3.467500
6347644715,D,COR/USD,2018-01-16 13:05:13.867000000,3.466300,3.468800
6347644718,D,COR/USD,2018-01-16 13:05:14.117000000,3.467500,3.470000
6347650180,D,COR/USD,2018-01-16 13:07:26.867000000,3.470000,3.472500
6347652571,D,COR/USD,2018-01-16 13:08:34.367000000,3.467500,3.470000
6347653036,D,COR/USD,2018-01-16 13:08:47.117000000,3.468800,3.471300
6347653064,D,COR/USD,2018-01-16 13:08:47.367000000,3.470000,3.472500
6347653079,D,COR/USD,2018-01-16 13:08:47.617000000,3.468800,3.471300
6347653095,D,COR/USD,2018-01-16 13:08:47.880000000,3.467500,3.470000
6347653133,D,COR/USD,2018-01-16 13:08:48.117000000,3.467500,3.472500
6347653215,D,COR/USD,2018-01-16 13:08:49.367000000,3.470000,3.472500
6347657229,D,COR/USD,2018-01-16 13:11:38.113000000,3.467500,3.470000
6347657680,D,COR/USD,2018-01-16 13:11:57.863000000,3.470000,3.472500
6347657801,D,COR/USD,2018-01-16 13:12:01.113000000,3.467500,3.470000
6347658266,D,COR/USD,2018-01-16 13:12:18.613000000,3.470000,3.472500
6347658786,D,COR/USD,2018-01-16 13:12:51.363000000,3.467500,3.472500
6347658822,D,COR/USD,2018-01-16 13:12:53.113000000,3.467500,3.470000
6347658823,D,COR/USD,2018-01-16 13:12:53.363000000,3.467500,3.472500
6347658826,D,COR/USD,2018-01-16 13:12:53.863000000,3.467500,3.470000
6347658944,D,COR/USD,2018-01-16 13:12:59.363000000,3.470000,3.472500
6347674786,D,COR/USD,2018-01-16 13:22:59.363000000,3.468800,3.471300
6347674792,D,COR/USD,2018-01-16 13:22:59.613000000,3.467500,3.470000
6347674798,D,COR/USD,2018-01-16 13:23:00.113000000,3.470000,3.472500
6347675199,D,COR/USD,2018-01-16 13:23:10.613000000,3.467500,3.472500
6347675204,D,COR/USD,2018-01-16 13:23:10.863000000,3.467500,3.470000
6347675770,D,COR/USD,2018-01-16 13:23:51.113000000,3.470000,3.472500
6347676096,D,COR/USD,2018-01-16 13:24:00.363000000,3.468800,3.471300
6347676111,D,COR/USD,2018-01-16 13:24:00.613000000,3.467500,3.470000
6347676273,D,COR/USD,2018-01-16 13:24:08.113000000,3.470000,3.472500
6347676881,D,COR/USD,2018-01-16 13:24:32.863000000,3.467500,3.470000
6347676917,D,COR/USD,2018-01-16 13:24:33.613000000,3.470000,3.472500
6347677509,D,COR/USD,2018-01-16 13:24:57.363000000,3.467500,3.470000
6347677936,D,COR/USD,2018-01-16 13:25:11.613000000,3.468800,3.471300
6347677943,D,COR/USD,2018-01-16 13:25:11.863000000,3.467500,3.470000
6347678172,D,COR/USD,2018-01-16 13:25:17.613000000,3.467500,3.472500
6347678218,D,COR/USD,2018-01-16 13:25:19.363000000,3.467500,3.470000
6347680278,D,COR/USD,2018-01-16 13:26:23.863000000,3.468800,3.471300
6347680286,D,COR/USD,2018-01-16 13:26:24.113000000,3.470000,3.472500
6347680852,D,COR/USD,2018-01-16 13:26:43.110000000,3.468800,3.471300
6347680869,D,COR/USD,2018-01-16 13:26:43.360000000,3.467500,3.470000
6347681484,D,COR/USD,2018-01-16 13:26:59.610000000,3.470000,3.472500
6347681931,D,COR/USD,2018-01-16 13:27:11.360000000,3.467500,3.470000
6347682221,D,COR/USD,2018-01-16 13:27:23.860000000,3.468800,3.471300
6347682236,D,COR/USD,2018-01-16 13:27:24.110000000,3.470000,3.472500
6347684980,D,COR/USD,2018-01-16 13:28:43.360000000,3.472500,3.475000
6347686503,D,COR/USD,2018-01-16 13:29:08.360000000,3.471300,3.473800
6347686510,D,COR/USD,2018-01-16 13:29:08.610000000,3.472500,3.475000
6347686521,D,COR/USD,2018-01-16 13:29:09.610000000,3.471300,3.473800
6347686530,D,COR/USD,2018-01-16 13:29:09.860000000,3.470000,3.472500
6347688917,D,COR/USD,2018-01-16 13:29:41.610000000,3.472500,3.475000
6347690653,D,COR/USD,2018-01-16 13:30:09.610000000,3.471300,3.473800
6347690670,D,COR/USD,2018-01-16 13:30:09.860000000,3.470000,3.472500
6347693520,D,COR/USD,2018-01-16 13:31:08.860000000,3.471300,3.473800
6347693544,D,COR/USD,2018-01-16 13:31:09.110000000,3.472500,3.475000
6347693926,D,COR/USD,2018-01-16 13:31:23.610000000,3.470000,3.472500
6347694114,D,COR/USD,2018-01-16 13:31:30.610000000,3.472500,3.475000
6347694450,D,COR/USD,2018-01-16 13:31:35.860000000,3.471300,3.473800
6347694455,D,COR/USD,2018-01-16 13:31:36.110000000,3.470000,3.472500
6347694779,D,COR/USD,2018-01-16 13:31:43.110000000,3.471300,3.473800
6347694798,D,COR/USD,2018-01-16 13:31:43.360000000,3.472500,3.475000
6347695498,D,COR/USD,2018-01-16 13:31:58.110000000,3.470000,3.472500
6347696279,D,COR/USD,2018-01-16 13:32:13.110000000,3.470000,3.475000
6347696379,D,COR/USD,2018-01-16 13:32:16.360000000,3.472500,3.475000
6347697001,D,COR/USD,2018-01-16 13:32:35.860000000,3.470000,3.472500
6347697052,D,COR/USD,2018-01-16 13:32:38.610000000,3.472500,3.475000
6347697242,D,COR/USD,2018-01-16 13:32:47.360000000,3.470000,3.475000
6347697337,D,COR/USD,2018-01-16 13:32:50.360000000,3.472500,3.475000
6347697486,D,COR/USD,2018-01-16 13:32:54.610000000,3.470000,3.475000
6347697542,D,COR/USD,2018-01-16 13:32:57.360000000,3.472500,3.475000
6347698689,D,COR/USD,2018-01-16 13:33:41.610000000,3.471300,3.473800
6347698698,D,COR/USD,2018-01-16 13:33:41.860000000,3.470000,3.472500
6347698854,D,COR/USD,2018-01-16 13:33:49.110000000,3.472500,3.475000
6347698996,D,COR/USD,2018-01-16 13:33:55.110000000,3.470000,3.472500
6347699254,D,COR/USD,2018-01-16 13:34:08.610000000,3.471300,3.473800
6347699260,D,COR/USD,2018-01-16 13:34:08.860000000,3.470000,3.472500
6347699354,D,COR/USD,2018-01-16 13:34:11.377000000,3.470000,3.475000
6347699592,D,COR/USD,2018-01-16 13:34:17.110000000,3.472500,3.475000
6347700450,D,COR/USD,2018-01-16 13:34:39.110000000,3.470000,3.472500
6347700701,D,COR/USD,2018-01-16 13:34:45.360000000,3.471300,3.473800
6347700708,D,COR/USD,2018-01-16 13:34:45.610000000,3.470000,3.472500
6347700765,D,COR/USD,2018-01-16 13:34:46.860000000,3.471300,3.473800
6347700777,D,COR/USD,2018-01-16 13:34:47.110000000,3.472500,3.475000
6347700872,D,COR/USD,2018-01-16 13:34:49.610000000,3.471300,3.473800
6347700896,D,COR/USD,2018-01-16 13:34:49.860000000,3.472500,3.475000
6347701039,D,COR/USD,2018-01-16 13:34:52.110000000,3.470000,3.472500
6347701083,D,COR/USD,2018-01-16 13:34:53.360000000,3.472500,3.475000
6347701133,D,COR/USD,2018-01-16 13:34:54.860000000,3.470000,3.472500
6347701890,D,COR/USD,2018-01-16 13:35:14.360000000,3.472500,3.475000
6347702742,D,COR/USD,2018-01-16 13:35:30.110000000,3.470000,3.472500
6347703090,D,COR/USD,2018-01-16 13:35:37.110000000,3.471300,3.473800
6347703092,D,COR/USD,2018-01-16 13:35:37.360000000,3.472500,3.475000
6347703107,D,COR/USD,2018-01-16 13:35:37.860000000,3.471300,3.473800
6347703114,D,COR/USD,2018-01-16 13:35:38.110000000,3.470000,3.472500
6347703473,D,COR/USD,2018-01-16 13:35:48.110000000,3.471300,3.473800
6347703492,D,COR/USD,2018-01-16 13:35:48.377000000,3.472500,3.475000
6347703868,D,COR/USD,2018-01-16 13:35:55.610000000,3.470000,3.472500
6347708711,D,COR/USD,2018-01-16 13:38:14.360000000,3.468800,3.471300
6347708717,D,COR/USD,2018-01-16 13:38:14.610000000,3.467500,3.470000
6347708980,D,COR/USD,2018-01-16 13:38:22.360000000,3.470000,3.472500
6347709029,D,COR/USD,2018-01-16 13:38:23.860000000,3.467500,3.470000
6347709208,D,COR/USD,2018-01-16 13:38:30.610000000,3.470000,3.472500
6347709260,D,COR/USD,2018-01-16 13:38:33.360000000,3.467500,3.470000
6347709263,D,COR/USD,2018-01-16 13:38:33.610000000,3.470000,3.472500
6347709290,D,COR/USD,2018-01-16 13:38:34.860000000,3.467500,3.470000
6347709686,D,COR/USD,2018-01-16 13:38:43.610000000,3.468800,3.471300
6347709702,D,COR/USD,2018-01-16 13:38:43.860000000,3.470000,3.472500
6347714140,D,COR/USD,2018-01-16 13:40:40.360000000,3.467500,3.470000
6347715193,D,COR/USD,2018-01-16 13:41:21.860000000,3.470000,3.472500
6347717478,D,COR/USD,2018-01-16 13:42:24.860000000,3.467500,3.470000
6347717826,D,COR/USD,2018-01-16 13:42:34.860000000,3.470000,3.472500
6347720138,D,COR/USD,2018-01-16 13:43:28.360000000,3.468800,3.471300
6347720145,D,COR/USD,2018-01-16 13:43:28.610000000,3.467500,3.470000
6347722651,D,COR/USD,2018-01-16 13:44:26.357000000,3.470000,3.472500
6347722918,D,COR/USD,2018-01-16 13:44:34.607000000,3.468800,3.471300
6347722927,D,COR/USD,2018-01-16 13:44:34.857000000,3.470000,3.472500
6347724932,D,COR/USD,2018-01-16 13:45:41.357000000,3.467500,3.470000
6347726158,D,COR/USD,2018-01-16 13:46:09.357000000,3.468800,3.471300
6347726162,D,COR/USD,2018-01-16 13:46:09.607000000,3.470000,3.472500
6347748373,D,COR/USD,2018-01-16 13:53:21.857000000,3.468800,3.471300
6347748383,D,COR/USD,2018-01-16 13:53:22.107000000,3.467500,3.472500
6347748398,D,COR/USD,2018-01-16 13:53:22.357000000,3.470000,3.472500
6347748433,D,COR/USD,2018-01-16 13:53:23.107000000,3.468800,3.471300
6347748447,D,COR/USD,2018-01-16 13:53:23.357000000,3.467500,3.470000
6347754857,D,COR/USD,2018-01-16 13:55:37.357000000,3.468800,3.471300
6347754865,D,COR/USD,2018-01-16 13:55:37.607000000,3.470000,3.472500
6347759141,D,COR/USD,2018-01-16 13:57:25.607000000,3.472500,3.475000
6347786504,D,COR/USD,2018-01-16 14:06:44.607000000,3.475000,3.477500
6347794775,D,COR/USD,2018-01-16 14:10:14.853000000,3.476300,3.478800
6347794784,D,COR/USD,2018-01-16 14:10:15.103000000,3.477500,3.480000
6347798789,D,COR/USD,2018-01-16 14:11:52.853000000,3.475000,3.477500
6347798904,D,COR/USD,2018-01-16 14:11:56.353000000,3.476300,3.478800
6347798908,D,COR/USD,2018-01-16 14:11:56.603000000,3.477500,3.480000
6347802051,D,COR/USD,2018-01-16 14:13:25.103000000,3.475000,3.477500
6347803322,D,COR/USD,2018-01-16 14:14:07.353000000,3.477500,3.480000
6347803528,D,COR/USD,2018-01-16 14:14:15.103000000,3.478800,3.481300
6347803535,D,COR/USD,2018-01-16 14:14:15.353000000,3.480000,3.482500
6347803841,D,COR/USD,2018-01-16 14:14:23.353000000,3.483800,3.486300
6347803846,D,COR/USD,2018-01-16 14:14:23.603000000,3.482500,3.485000
6347803929,D,COR/USD,2018-01-16 14:14:25.353000000,3.485000,3.487500
6347804525,D,COR/USD,2018-01-16 14:14:40.103000000,3.487500,3.490000
6347804590,D,COR/USD,2018-01-16 14:14:41.103000000,3.485000,3.487500
6347804828,D,COR/USD,2018-01-16 14:14:48.103000000,3.482500,3.485000
6347805005,D,COR/USD,2018-01-16 14:14:55.353000000,3.485000,3.487500
6347805401,D,COR/USD,2018-01-16 14:15:04.353000000,3.482500,3.485000
6347805805,D,COR/USD,2018-01-16 14:15:16.603000000,3.483800,3.486300
6347805822,D,COR/USD,2018-01-16 14:15:16.853000000,3.485000,3.487500
6347805884,D,COR/USD,2018-01-16 14:15:20.103000000,3.482500,3.487500
6347805895,D,COR/USD,2018-01-16 14:15:21.103000000,3.485000,3.487500
6347805922,D,COR/USD,2018-01-16 14:15:22.353000000,3.483800,3.486300
6347805929,D,COR/USD,2018-01-16 14:15:22.603000000,3.482500,3.485000
6347805957,D,COR/USD,2018-01-16 14:15:24.353000000,3.482500,3.487500
6347806013,D,COR/USD,2018-01-16 14:15:25.103000000,3.482500,3.485000
6347807206,D,COR/USD,2018-01-16 14:15:53.603000000,3.485000,3.487500
6347807279,D,COR/USD,2018-01-16 14:15:55.853000000,3.482500,3.487500
6347807292,D,COR/USD,2018-01-16 14:15:56.103000000,3.485000,3.487500
6347807355,D,COR/USD,2018-01-16 14:15:56.853000000,3.483800,3.486300
6347807378,D,COR/USD,2018-01-16 14:15:57.103000000,3.482500,3.485000
6347820154,D,COR/USD,2018-01-16 14:19:55.603000000,3.485000,3.487500
6348338807,D,COR/USD,2018-01-16 20:00:01.060000000,3.482500,3.485000
6348341055,D,COR/USD,2018-01-16 20:01:00.293000000,3.483800,3.486300
6348341060,D,COR/USD,2018-01-16 20:01:00.543000000,3.485000,3.487500
6348343713,D,COR/USD,2018-01-16 20:02:03.793000000,3.487500,3.490000
6348346912,D,COR/USD,2018-01-16 20:03:16.293000000,3.486300,3.488800
6348346917,D,COR/USD,2018-01-16 20:03:16.543000000,3.485000,3.487500
6348356992,D,COR/USD,2018-01-16 20:07:00.290000000,3.486300,3.488800
6348357020,D,COR/USD,2018-01-16 20:07:00.540000000,3.487500,3.490000
6348357106,D,COR/USD,2018-01-16 20:07:01.790000000,3.485000,3.487500
6348357530,D,COR/USD,2018-01-16 20:07:13.290000000,3.485000,3.490000
6348357584,D,COR/USD,2018-01-16 20:07:14.290000000,3.485000,3.487500
6348357619,D,COR/USD,2018-01-16 20:07:15.290000000,3.487500,3.490000
6348357772,D,COR/USD,2018-01-16 20:07:18.290000000,3.485000,3.490000
6348358389,D,COR/USD,2018-01-16 20:07:29.290000000,3.487500,3.490000
6348362436,D,COR/USD,2018-01-16 20:09:20.540000000,3.485000,3.487500
6348362443,D,COR/USD,2018-01-16 20:09:21.290000000,3.486300,3.488800
6348362454,D,COR/USD,2018-01-16 20:09:21.540000000,3.487500,3.490000
6348373422,D,COR/USD,2018-01-16 20:13:24.540000000,3.485000,3.487500
6348377822,D,COR/USD,2018-01-16 20:15:00.290000000,3.487500,3.490000
6348381239,D,COR/USD,2018-01-16 20:15:49.290000000,3.485000,3.487500
6348620916,D,COR/USD,2018-01-16 22:09:27.520000000,3.483800,3.486300
6348620931,D,COR/USD,2018-01-16 22:09:27.770000000,3.482500,3.485000
6348637451,D,COR/USD,2018-01-16 22:16:55.267000000,3.485000,3.487500
6349349284,D,COR/USD,2018-01-17 03:37:24.963000000,3.487500,3.490000
6349382201,D,COR/USD,2018-01-17 03:50:02.710000000,3.485000,3.487500
6349479333,D,COR/USD,2018-01-17 04:23:07.453000000,3.486300,3.488800
6349479356,D,COR/USD,2018-01-17 04:23:07.703000000,3.487500,3.490000
6349519829,D,COR/USD,2018-01-17 04:35:56.203000000,3.485000,3.487500
6349559069,D,COR/USD,2018-01-17 04:52:31.700000000,3.487500,3.490000
6349919689,D,COR/USD,2018-01-17 07:18:53.923000000,3.485000,3.487500
6349941000,D,COR/USD,2018-01-17 07:30:10.673000000,3.486300,3.488800
6349941010,D,COR/USD,2018-01-17 07:30:10.923000000,3.485000,3.487500
6349962367,D,COR/USD,2018-01-17 07:39:48.170000000,3.487500,3.490000
6349974650,D,COR/USD,2018-01-17 07:44:43.170000000,3.485000,3.487500
6349974823,D,COR/USD,2018-01-17 07:44:49.920000000,3.487500,3.490000
6349974878,D,COR/USD,2018-01-17 07:44:51.170000000,3.485000,3.487500
6349976208,D,COR/USD,2018-01-17 07:45:23.920000000,3.487500,3.490000
6349978307,D,COR/USD,2018-01-17 07:46:08.920000000,3.485000,3.487500
6349978972,D,COR/USD,2018-01-17 07:46:22.420000000,3.487500,3.490000
6349981443,D,COR/USD,2018-01-17 07:47:26.420000000,3.485000,3.487500
6349993809,D,COR/USD,2018-01-17 07:52:05.167000000,3.487500,3.490000
6349995300,D,COR/USD,2018-01-17 07:53:00.667000000,3.486300,3.488800
6349995307,D,COR/USD,2018-01-17 07:53:00.917000000,3.487500,3.490000
6349998457,D,COR/USD,2018-01-17 07:54:19.917000000,3.485000,3.487500
6350011563,D,COR/USD,2018-01-17 08:00:03.167000000,3.487500,3.490000
6350302174,D,COR/USD,2018-01-17 09:30:00.543000000,3.487500,3.490000
6350303675,D,COR/USD,2018-01-17 09:30:13.900000000,3.485000,3.487500
6350304649,D,COR/USD,2018-01-17 09:30:25.900000000,3.487500,3.490000
6350304673,D,COR/USD,2018-01-17 09:30:26.167000000,3.485000,3.487500
6350308699,D,COR/USD,2018-01-17 09:31:18.150000000,3.482500,3.485000
6350323761,D,COR/USD,2018-01-17 09:34:11.650000000,3.485000,3.487500
6350328522,D,COR/USD,2018-01-17 09:35:00.417000000,3.486300,3.488800
6350328649,D,COR/USD,2018-01-17 09:35:01.400000000,3.487500,3.490000
6350331003,D,COR/USD,2018-01-17 09:35:32.167000000,3.490000,3.492500
6350331100,D,COR/USD,2018-01-17 09:35:32.667000000,3.491300,3.493800
6350331273,D,COR/USD,2018-01-17 09:35:33.667000000,3.492500,3.495000
6350331348,D,COR/USD,2018-01-17 09:35:34.150000000,3.491300,3.493800
6350331389,D,COR/USD,2018-01-17 09:35:34.417000000,3.492500,3.495000
6350341214,D,COR/USD,2018-01-17 09:37:32.900000000,3.493800,3.496300
6350341228,D,COR/USD,2018-01-17 09:37:33.150000000,3.495000,3.497500
6350343005,D,COR/USD,2018-01-17 09:37:54.900000000,3.492500,3.495000
6350343162,D,COR/USD,2018-01-17 09:37:56.900000000,3.495000,3.497500
6350343758,D,COR/USD,2018-01-17 09:38:04.150000000,3.492500,3.495000
6350343961,D,COR/USD,2018-01-17 09:38:06.400000000,3.495000,3.497500
6350345083,D,COR/USD,2018-01-17 09:38:22.650000000,3.492500,3.497500
6350345104,D,COR/USD,2018-01-17 09:38:22.900000000,3.492500,3.495000
6350345263,D,COR/USD,2018-01-17 09:38:24.150000000,3.495000,3.497500
6350395109,D,COR/USD,2018-01-17 09:48:15.647000000,3.497500,3.500000
6350395171,D,COR/USD,2018-01-17 09:48:16.397000000,3.498800,3.501300
6350395202,D,COR/USD,2018-01-17 09:48:16.897000000,3.500000,3.502500
6350398035,D,COR/USD,2018-01-17 09:48:47.647000000,3.497500,3.500000
6350401163,D,COR/USD,2018-01-17 09:49:22.647000000,3.498800,3.501300
6350401183,D,COR/USD,2018-01-17 09:49:22.897000000,3.500000,3.502500
6350401989,D,COR/USD,2018-01-17 09:49:30.897000000,3.497500,3.500000
6350402009,D,COR/USD,2018-01-17 09:49:31.147000000,3.498800,3.501300
6350402023,D,COR/USD,2018-01-17 09:49:31.397000000,3.497500,3.502500
6350402046,D,COR/USD,2018-01-17 09:49:31.647000000,3.500000,3.502500
6350402077,D,COR/USD,2018-01-17 09:49:31.897000000,3.497500,3.502500
6350402108,D,COR/USD,2018-01-17 09:49:32.397000000,3.500000,3.502500
6350405439,D,COR/USD,2018-01-17 09:50:10.147000000,3.497500,3.500000
6350409531,D,COR/USD,2018-01-17 09:50:52.647000000,3.498800,3.501300
6350409545,D,COR/USD,2018-01-17 09:50:52.897000000,3.500000,3.502500
6350409964,D,COR/USD,2018-01-17 09:51:00.147000000,3.497500,3.500000
6350410231,D,COR/USD,2018-01-17 09:51:02.413000000,3.500000,3.502500
6350415723,D,COR/USD,2018-01-17 09:52:08.397000000,3.497500,3.500000
6350415773,D,COR/USD,2018-01-17 09:52:09.147000000,3.500000,3.502500
6350415843,D,COR/USD,2018-01-17 09:52:09.897000000,3.497500,3.500000
6350418145,D,COR/USD,2018-01-17 09:52:36.647000000,3.498800,3.501300
6350418161,D,COR/USD,2018-01-17 09:52:36.897000000,3.500000,3.502500
6350458526,D,COR/USD,2018-01-17 10:00:38.177000000,3.501300,3.503800
6350458591,D,COR/USD,2018-01-17 10:00:38.477000000,3.500000,3.502500
6350458699,D,COR/USD,2018-01-17 10:00:38.977000000,3.503800,3.506300
6350458808,D,COR/USD,2018-01-17 10:00:39.413000000,3.505000,3.507500
6350472377,D,COR/USD,2018-01-17 10:02:12.910000000,3.507500,3.510000
6350480460,D,COR/USD,2018-01-17 10:03:15.647000000,3.505000,3.507500
6350483970,D,COR/USD,2018-01-17 10:03:44.910000000,3.507500,3.510000
6350516641,D,COR/USD,2018-01-17 10:09:36.893000000,3.506300,3.508800
6350516651,D,COR/USD,2018-01-17 10:09:37.143000000,3.507500,3.510000
6350531487,D,COR/USD,2018-01-17 10:12:16.893000000,3.506300,3.508800
6350531509,D,COR/USD,2018-01-17 10:12:17.143000000,3.505000,3.507500
6350570922,D,COR/USD,2018-01-17 10:20:16.643000000,3.507500,3.510000
6350594213,D,COR/USD,2018-01-17 10:25:46.640000000,3.510000,3.512500
6350595875,D,COR/USD,2018-01-17 10:26:00.890000000,3.512500,3.515000
6350599342,D,COR/USD,2018-01-17 10:26:41.390000000,3.513800,3.516300
6350599351,D,COR/USD,2018-01-17 10:26:41.640000000,3.515000,3.517500
6350645486,D,COR/USD,2018-01-17 10:37:05.640000000,3.516300,3.518800
6350645520,D,COR/USD,2018-01-17 10:37:05.907000000,3.517500,3.520000
6350725693,D,COR/USD,2018-01-17 10:57:54.637000000,3.515000,3.517500
6350725716,D,COR/USD,2018-01-17 10:57:54.887000000,3.517500,3.520000
6350793977,D,COR/USD,2018-01-17 11:11:30.883000000,3.518800,3.521300
6350793992,D,COR/USD,2018-01-17 11:11:31.133000000,3.520000,3.522500
6350795121,D,COR/USD,2018-01-17 11:11:44.133000000,3.517500,3.520000
6350799271,D,COR/USD,2018-01-17 11:12:37.633000000,3.520000,3.522500
6350811370,D,COR/USD,2018-01-17 11:15:03.150000000,3.517500,3.520000
6350812260,D,COR/USD,2018-01-17 11:15:14.633000000,3.520000,3.522500
6350815346,D,COR/USD,2018-01-17 11:15:34.650000000,3.518800,3.521300
6350815432,D,COR/USD,2018-01-17 11:15:35.133000000,3.520000,3.522500
6350815751,D,COR/USD,2018-01-17 11:15:37.633000000,3.518800,3.521300
6350815783,D,COR/USD,2018-01-17 11:15:37.900000000,3.520000,3.522500
6350836352,D,COR/USD,2018-01-17 11:19:38.133000000,3.522500,3.525000
6350838885,D,COR/USD,2018-01-17 11:20:13.133000000,3.521300,3.523800
6350838908,D,COR/USD,2018-01-17 11:20:13.383000000,3.522500,3.525000
6350839303,D,COR/USD,2018-01-17 11:20:18.133000000,3.521300,3.523800
6350839314,D,COR/USD,2018-01-17 11:20:18.383000000,3.522500,3.525000
6350839325,D,COR/USD,2018-01-17 11:20:18.633000000,3.521300,3.523800
6350839352,D,COR/USD,2018-01-17 11:20:18.883000000,3.520000,3.522500
6350877234,D,COR/USD,2018-01-17 11:30:26.380000000,3.522500,3.525000
6350878335,D,COR/USD,2018-01-17 11:30:40.130000000,3.521300,3.523800
6350878371,D,COR/USD,2018-01-17 11:30:40.630000000,3.522500,3.525000
6350887471,D,COR/USD,2018-01-17 11:32:49.880000000,3.520000,3.522500
6350888588,D,COR/USD,2018-01-17 11:33:09.630000000,3.518800,3.521300
6350888600,D,COR/USD,2018-01-17 11:33:09.880000000,3.520000,3.522500
6350891442,D,COR/USD,2018-01-17 11:33:57.380000000,3.517500,3.520000
6350891660,D,COR/USD,2018-01-17 11:34:00.397000000,3.518800,3.521300
6350891688,D,COR/USD,2018-01-17 11:34:00.630000000,3.520000,3.522500
6350891818,D,COR/USD,2018-01-17 11:34:02.380000000,3.517500,3.520000
6350891877,D,COR/USD,2018-01-17 11:34:03.897000000,3.520000,3.522500
6350896803,D,COR/USD,2018-01-17 11:35:14.130000000,3.522500,3.525000
6350903398,D,COR/USD,2018-01-17 11:36:43.380000000,3.521300,3.523800
6350903418,D,COR/USD,2018-01-17 11:36:43.630000000,3.520000,3.522500
6350911265,D,COR/USD,2018-01-17 11:38:47.630000000,3.517500,3.520000
6350911382,D,COR/USD,2018-01-17 11:38:50.130000000,3.518800,3.521300
6350911385,D,COR/USD,2018-01-17 11:38:50.380000000,3.520000,3.522500
6350912168,D,COR/USD,2018-01-17 11:39:03.880000000,3.517500,3.520000
6350912376,D,COR/USD,2018-01-17 11:39:07.880000000,3.518800,3.521300
6350912394,D,COR/USD,2018-01-17 11:39:08.130000000,3.520000,3.522500
6350914929,D,COR/USD,2018-01-17 11:39:48.130000000,3.522500,3.525000
6350914936,D,COR/USD,2018-01-17 11:39:48.380000000,3.520000,3.522500
6350916768,D,COR/USD,2018-01-17 11:40:15.880000000,3.522500,3.525000
6350919862,D,COR/USD,2018-01-17 11:41:13.377000000,3.520000,3.522500
6350920544,D,COR/USD,2018-01-17 11:41:26.877000000,3.521300,3.523800
6350920555,D,COR/USD,2018-01-17 11:41:27.127000000,3.522500,3.525000
6350920848,D,COR/USD,2018-01-17 11:41:31.627000000,3.520000,3.522500
6350924945,D,COR/USD,2018-01-17 11:42:46.643000000,3.521300,3.523800
6350924992,D,COR/USD,2018-01-17 11:42:46.877000000,3.520000,3.522500
6350933473,D,COR/USD,2018-01-17 11:45:43.377000000,3.521300,3.523800
6350933486,D,COR/USD,2018-01-17 11:45:43.627000000,3.520000,3.522500
6350933553,D,COR/USD,2018-01-17 11:45:45.377000000,3.522500,3.525000
6350933622,D,COR/USD,2018-01-17 11:45:47.377000000,3.520000,3.522500
6350933794,D,COR/USD,2018-01-17 11:45:50.877000000,3.522500,3.525000
6350940099,D,COR/USD,2018-01-17 11:48:01.877000000,3.520000,3.522500
6350942625,D,COR/USD,2018-01-17 11:48:46.377000000,3.522500,3.525000
6350946364,D,COR/USD,2018-01-17 11:49:47.627000000,3.520000,3.522500
6350948582,D,COR/USD,2018-01-17 11:50:20.377000000,3.522500,3.525000
6350949060,D,COR/USD,2018-01-17 11:50:27.877000000,3.520000,3.522500
6350952551,D,COR/USD,2018-01-17 11:51:22.877000000,3.521300,3.523800
6350952578,D,COR/USD,2018-01-17 11:51:23.127000000,3.522500,3.525000
6350953188,D,COR/USD,2018-01-17 11:51:32.877000000,3.521300,3.523800
6350953197,D,COR/USD,2018-01-17 11:51:33.127000000,3.522500,3.525000
6350954158,D,COR/USD,2018-01-17 11:52:00.127000000,3.520000,3.522500
6350954509,D,COR/USD,2018-01-17 11:52:07.643000000,3.522500,3.525000
6350966486,D,COR/USD,2018-01-17 11:56:05.377000000,3.520000,3.522500
6350968695,D,COR/USD,2018-01-17 11:57:00.377000000,3.522500,3.525000
6350969109,D,COR/USD,2018-01-17 11:57:10.127000000,3.521300,3.523800
6350969125,D,COR/USD,2018-01-17 11:57:10.377000000,3.520000,3.522500
6350973339,D,COR/USD,2018-01-17 11:58:35.127000000,3.521300,3.523800
6350973348,D,COR/USD,2018-01-17 11:58:35.377000000,3.522500,3.525000
6350973393,D,COR/USD,2018-01-17 11:58:36.877000000,3.520000,3.522500
6350974682,D,COR/USD,2018-01-17 11:58:59.377000000,3.521300,3.523800
6350974695,D,COR/USD,2018-01-17 11:58:59.627000000,3.522500,3.525000
6350975256,D,COR/USD,2018-01-17 11:59:05.127000000,3.520000,3.522500
6350976037,D,COR/USD,2018-01-17 11:59:17.627000000,3.521300,3.523800
6350976051,D,COR/USD,2018-01-17 11:59:17.877000000,3.522500,3.525000
6350986138,D,COR/USD,2018-01-17 12:02:02.377000000,3.520000,3.522500
6350986310,D,COR/USD,2018-01-17 12:02:06.127000000,3.521300,3.523800
6350986326,D,COR/USD,2018-01-17 12:02:06.377000000,3.520000,3.522500
6350986736,D,COR/USD,2018-01-17 12:02:14.377000000,3.522500,3.525000
6350990987,D,COR/USD,2018-01-17 12:03:22.877000000,3.520000,3.522500
6350993497,D,COR/USD,2018-01-17 12:04:00.877000000,3.522500,3.525000
6350995229,D,COR/USD,2018-01-17 12:04:27.873000000,3.520000,3.522500
6350995260,D,COR/USD,2018-01-17 12:04:28.873000000,3.522500,3.525000
6350998008,D,COR/USD,2018-01-17 12:05:28.140000000,3.520000,3.522500
6351000837,D,COR/USD,2018-01-17 12:06:22.373000000,3.522500,3.525000
6351001005,D,COR/USD,2018-01-17 12:06:25.873000000,3.520000,3.522500
6351004244,D,COR/USD,2018-01-17 12:07:41.873000000,3.522500,3.525000
6351007850,D,COR/USD,2018-01-17 12:09:10.373000000,3.521300,3.523800
6351007854,D,COR/USD,2018-01-17 12:09:10.623000000,3.522500,3.525000
6351008530,D,COR/USD,2018-01-17 12:09:26.373000000,3.520000,3.522500
6351008560,D,COR/USD,2018-01-17 12:09:27.623000000,3.521300,3.523800
6351008564,D,COR/USD,2018-01-17 12:09:27.873000000,3.522500,3.525000
6351052014,D,COR/USD,2018-01-17 12:25:13.620000000,3.525000,3.527500
6351074344,D,COR/USD,2018-01-17 12:34:52.620000000,3.523800,3.526300
6351074350,D,COR/USD,2018-01-17 12:34:52.870000000,3.522500,3.525000
6351074598,D,COR/USD,2018-01-17 12:35:02.870000000,3.523800,3.526300
6351074606,D,COR/USD,2018-01-17 12:35:03.120000000,3.525000,3.527500
6351080085,D,COR/USD,2018-01-17 12:38:06.870000000,3.527500,3.530000
6351080466,D,COR/USD,2018-01-17 12:38:16.870000000,3.526300,3.528800
6351080478,D,COR/USD,2018-01-17 12:38:17.120000000,3.525000,3.527500
6351089614,D,COR/USD,2018-01-17 12:43:10.617000000,3.527500,3.530000
6351089644,D,COR/USD,2018-01-17 12:43:12.117000000,3.525000,3.530000
6351089650,D,COR/USD,2018-01-17 12:43:12.617000000,3.525000,3.527500
6351089878,D,COR/USD,2018-01-17 12:43:19.117000000,3.526300,3.528800
6351089889,D,COR/USD,2018-01-17 12:43:19.367000000,3.527500,3.530000
6351089921,D,COR/USD,2018-01-17 12:43:19.867000000,3.525000,3.527500
6351091845,D,COR/USD,2018-01-17 12:44:32.367000000,3.523800,3.526300
6351091847,D,COR/USD,2018-01-17 12:44:32.617000000,3.525000,3.527500
6351092126,D,COR/USD,2018-01-17 12:44:43.617000000,3.523800,3.526300
6351092131,D,COR/USD,2018-01-17 12:44:43.867000000,3.522500,3.525000
6351092486,D,COR/USD,2018-01-17 12:45:01.867000000,3.525000,3.527500
6351092496,D,COR/USD,2018-01-17 12:45:02.367000000,3.522500,3.527500
6351092499,D,COR/USD,2018-01-17 12:45:02.617000000,3.525000,3.527500
6351092595,D,COR/USD,2018-01-17 12:45:07.367000000,3.522500,3.525000
6351092676,D,COR/USD,2018-01-17 12:45:11.367000000,3.525000,3.527500
6351124268,D,COR/USD,2018-01-17 12:59:47.367000000,3.527500,3.530000
6351142843,D,COR/USD,2018-01-17 13:05:20.113000000,3.525000,3.527500
6351149928,D,COR/USD,2018-01-17 13:07:43.363000000,3.522500,3.525000
6351149941,D,COR/USD,2018-01-17 13:07:44.113000000,3.525000,3.527500
6351167083,D,COR/USD,2018-01-17 13:13:13.363000000,3.522500,3.525000
6351167133,D,COR/USD,2018-01-17 13:13:13.863000000,3.523800,3.526300
6351167150,D,COR/USD,2018-01-17 13:13:14.113000000,3.525000,3.527500
6351179303,D,COR/USD,2018-01-17 13:16:17.113000000,3.526300,3.528800
6351179308,D,COR/USD,2018-01-17 13:16:17.363000000,3.527500,3.530000
6351181745,D,COR/USD,2018-01-17 13:17:07.127000000,3.526300,3.528800
6351181779,D,COR/USD,2018-01-17 13:17:07.363000000,3.525000,3.527500
6351181797,D,COR/USD,2018-01-17 13:17:07.863000000,3.527500,3.530000
6351181851,D,COR/USD,2018-01-17 13:17:09.113000000,3.525000,3.527500
6351201147,D,COR/USD,2018-01-17 13:24:37.110000000,3.526300,3.528800
6351201157,D,COR/USD,2018-01-17 13:24:37.360000000,3.527500,3.530000
6351255840,D,COR/USD,2018-01-17 13:42:35.607000000,3.530000,3.532500
6351267608,D,COR/USD,2018-01-17 13:47:00.857000000,3.527500,3.530000
6351267633,D,COR/USD,2018-01-17 13:47:01.607000000,3.528800,3.531300
6351267643,D,COR/USD,2018-01-17 13:47:01.857000000,3.530000,3.532500
6351267873,D,COR/USD,2018-01-17 13:47:05.857000000,3.528800,3.531300
6351267878,D,COR/USD,2018-01-17 13:47:06.107000000,3.527500,3.532500
6351267880,D,COR/USD,2018-01-17 13:47:06.357000000,3.527500,3.530000
6351276353,D,COR/USD,2018-01-17 13:50:16.107000000,3.528800,3.531300
6351276358,D,COR/USD,2018-01-17 13:50:16.357000000,3.530000,3.532500
6351278473,D,COR/USD,2018-01-17 13:51:10.107000000,3.527500,3.530000
6351278482,D,COR/USD,2018-01-17 13:51:10.357000000,3.527500,3.532500
6351278507,D,COR/USD,2018-01-17 13:51:10.607000000,3.530000,3.532500
6351279592,D,COR/USD,2018-01-17 13:51:35.607000000,3.528800,3.531300
6351279613,D,COR/USD,2018-01-17 13:51:35.857000000,3.527500,3.530000
6351295969,D,COR/USD,2018-01-17 13:57:01.607000000,3.530000,3.532500
6351296994,D,COR/USD,2018-01-17 13:57:27.357000000,3.527500,3.530000
6351297052,D,COR/USD,2018-01-17 13:57:30.107000000,3.530000,3.532500
6351315476,D,COR/USD,2018-01-17 14:03:50.857000000,3.527500,3.530000
6351339304,D,COR/USD,2018-01-17 14:12:46.103000000,3.526300,3.528800
6351339353,D,COR/USD,2018-01-17 14:12:46.603000000,3.525000,3.527500
6351342479,D,COR/USD,2018-01-17 14:13:55.603000000,3.522500,3.525000
6351342637,D,COR/USD,2018-01-17 14:13:59.103000000,3.525000,3.527500
6351343047,D,COR/USD,2018-01-17 14:14:08.103000000,3.527500,3.530000
6351353480,D,COR/USD,2018-01-17 14:18:55.603000000,3.525000,3.527500
6351353684,D,COR/USD,2018-01-17 14:19:00.853000000,3.526300,3.528800
6351353692,D,COR/USD,2018-01-17 14:19:01.103000000,3.527500,3.530000
6351353708,D,COR/USD,2018-01-17 14:19:01.603000000,3.526300,3.528800
6351353719,D,COR/USD,2018-01-17 14:19:01.853000000,3.525000,3.527500
6351354486,D,COR/USD,2018-01-17 14:19:23.353000000,3.522500,3.525000
6351983519,D,COR/USD,2018-01-17 20:00:00.310000000,3.522500,3.525000
6351983560,D,COR/USD,2018-01-17 20:00:00.793000000,3.525000,3.527500
6351983610,D,COR/USD,2018-01-17 20:00:01.293000000,3.522500,3.525000
6352020689,D,COR/USD,2018-01-17 20:13:59.290000000,3.523800,3.526300
6352020693,D,COR/USD,2018-01-17 20:13:59.540000000,3.525000,3.527500
6353386148,D,COR/USD,2018-01-18 07:10:52.927000000,3.527500,3.530000
6353421459,D,COR/USD,2018-01-18 07:25:48.677000000,3.526300,3.528800
6353421468,D,COR/USD,2018-01-18 07:25:48.927000000,3.525000,3.527500
6353625687,D,COR/USD,2018-01-18 08:39:19.413000000,3.523800,3.526300
6353625692,D,COR/USD,2018-01-18 08:39:19.663000000,3.522500,3.525000
6353642731,D,COR/USD,2018-01-18 08:44:23.163000000,3.523800,3.526300
6353642749,D,COR/USD,2018-01-18 08:44:23.413000000,3.525000,3.527500
6353791624,D,COR/USD,2018-01-18 09:30:00.437000000,3.522500,3.525000
6353796607,D,COR/USD,2018-01-18 09:30:49.670000000,3.523800,3.526300
6353796660,D,COR/USD,2018-01-18 09:30:49.920000000,3.522500,3.525000
6353796704,D,COR/USD,2018-01-18 09:30:50.153000000,3.523800,3.526300
6353796741,D,COR/USD,2018-01-18 09:30:50.653000000,3.522500,3.525000
6353796760,D,COR/USD,2018-01-18 09:30:50.903000000,3.525000,3.527500
6353820379,D,COR/USD,2018-01-18 09:35:52.153000000,3.527500,3.530000
6353832720,D,COR/USD,2018-01-18 09:38:49.403000000,3.528800,3.531300
6353832730,D,COR/USD,2018-01-18 09:38:49.653000000,3.527500,3.530000
6353832801,D,COR/USD,2018-01-18 09:38:50.403000000,3.530000,3.532500
6353832816,D,COR/USD,2018-01-18 09:38:50.903000000,3.528800,3.531300
6353832827,D,COR/USD,2018-01-18 09:38:51.153000000,3.527500,3.530000
6353832848,D,COR/USD,2018-01-18 09:38:51.653000000,3.528800,3.531300
6353832863,D,COR/USD,2018-01-18 09:38:51.903000000,3.530000,3.532500
6353832877,D,COR/USD,2018-01-18 09:38:52.653000000,3.527500,3.530000
6353832908,D,COR/USD,2018-01-18 09:38:53.153000000,3.530000,3.532500
6353832992,D,COR/USD,2018-01-18 09:38:54.903000000,3.528800,3.531300
6353832999,D,COR/USD,2018-01-18 09:38:55.153000000,3.530000,3.532500
6353837342,D,COR/USD,2018-01-18 09:40:10.903000000,3.531300,3.533800
6353837376,D,COR/USD,2018-01-18 09:40:11.403000000,3.530000,3.532500
6353837433,D,COR/USD,2018-01-18 09:40:12.153000000,3.531300,3.533800
6353837441,D,COR/USD,2018-01-18 09:40:12.403000000,3.532500,3.535000
6353846829,D,COR/USD,2018-01-18 09:42:11.653000000,3.535000,3.537500
6353846851,D,COR/USD,2018-01-18 09:42:11.903000000,3.532500,3.535000
6353847218,D,COR/USD,2018-01-18 09:42:16.153000000,3.535000,3.537500
6353853689,D,COR/USD,2018-01-18 09:43:23.403000000,3.536300,3.538800
6353853713,D,COR/USD,2018-01-18 09:43:23.653000000,3.537500,3.540000
6353860889,D,COR/USD,2018-01-18 09:44:44.417000000,3.536300,3.538800
6353860933,D,COR/USD,2018-01-18 09:44:44.653000000,3.535000,3.537500
6353867112,D,COR/USD,2018-01-18 09:45:44.667000000,3.537500,3.540000
6353867180,D,COR/USD,2018-01-18 09:45:45.153000000,3.535000,3.537500
6353874103,D,COR/USD,2018-01-18 09:46:51.153000000,3.536300,3.538800
6353874118,D,COR/USD,2018-01-18 09:46:51.403000000,3.537500,3.540000
6353879263,D,COR/USD,2018-01-18 09:47:39.403000000,3.535000,3.537500
6353879510,D,COR/USD,2018-01-18 09:47:43.153000000,3.537500,3.540000
6353879558,D,COR/USD,2018-01-18 09:47:43.653000000,3.535000,3.537500
6353887430,D,COR/USD,2018-01-18 09:49:19.900000000,3.532500,3.535000
6353888365,D,COR/USD,2018-01-18 09:49:32.400000000,3.535000,3.537500
6353888582,D,COR/USD,2018-01-18 09:49:35.400000000,3.532500,3.535000
6353892954,D,COR/USD,2018-01-18 09:50:28.900000000,3.533800,3.536300
6353892967,D,COR/USD,2018-01-18 09:50:29.150000000,3.532500,3.535000
6353892981,D,COR/USD,2018-01-18 09:50:29.400000000,3.532500,3.537500
6353893086,D,COR/USD,2018-01-18 09:50:31.150000000,3.535000,3.537500
6353895049,D,COR/USD,2018-01-18 09:50:56.900000000,3.532500,3.535000
6353895968,D,COR/USD,2018-01-18 09:51:10.667000000,3.535000,3.537500
6353896255,D,COR/USD,2018-01-18 09:51:13.900000000,3.532500,3.535000
6353904226,D,COR/USD,2018-01-18 09:53:26.917000000,3.533800,3.536300
6353904277,D,COR/USD,2018-01-18 09:53:27.167000000,3.535000,3.537500
6353905018,D,COR/USD,2018-01-18 09:53:37.400000000,3.532500,3.535000
6353934465,D,COR/USD,2018-01-18 10:00:45.150000000,3.531300,3.533800
6353934498,D,COR/USD,2018-01-18 10:00:45.400000000,3.530000,3.532500
6353967841,D,COR/USD,2018-01-18 10:08:26.397000000,3.532500,3.535000
6353970029,D,COR/USD,2018-01-18 10:09:02.397000000,3.530000,3.532500
6353997042,D,COR/USD,2018-01-18 10:16:10.647000000,3.527500,3.530000
6354005531,D,COR/USD,2018-01-18 10:18:48.647000000,3.525000,3.527500
6354006284,D,COR/USD,2018-01-18 10:19:03.397000000,3.522500,3.525000
6354008114,D,COR/USD,2018-01-18 10:19:38.397000000,3.520000,3.522500
6354008929,D,COR/USD,2018-01-18 10:19:53.147000000,3.517500,3.520000
6354009206,D,COR/USD,2018-01-18 10:19:59.647000000,3.515000,3.517500
6354010063,D,COR/USD,2018-01-18 10:20:09.897000000,3.517500,3.520000
6354010759,D,COR/USD,2018-01-18 10:20:20.897000000,3.515000,3.520000
6354010765,D,COR/USD,2018-01-18 10:20:21.147000000,3.515000,3.517500
6354010781,D,COR/USD,2018-01-18 10:20:21.647000000,3.516300,3.518800
6354010791,D,COR/USD,2018-01-18 10:20:21.897000000,3.517500,3.520000
6354014259,D,COR/USD,2018-01-18 10:21:16.147000000,3.515000,3.517500
6354016332,D,COR/USD,2018-01-18 10:21:54.397000000,3.517500,3.520000
6354016978,D,COR/USD,2018-01-18 10:22:01.647000000,3.516300,3.518800
6354017041,D,COR/USD,2018-01-18 10:22:02.647000000,3.515000,3.517500
6354043050,D,COR/USD,2018-01-18 10:28:27.910000000,3.516300,3.518800
6354043091,D,COR/USD,2018-01-18 10:28:28.160000000,3.517500,3.520000
6354103109,D,COR/USD,2018-01-18 10:42:16.893000000,3.515000,3.517500
6354105526,D,COR/USD,2018-01-18 10:42:46.893000000,3.517500,3.520000
6354125275,D,COR/USD,2018-01-18 10:46:40.893000000,3.520000,3.522500
6354138665,D,COR/USD,2018-01-18 10:49:45.640000000,3.522500,3.525000
6354204749,D,COR/USD,2018-01-18 11:01:55.140000000,3.525000,3.527500
6354205519,D,COR/USD,2018-01-18 11:02:00.890000000,3.523800,3.526300
6354205537,D,COR/USD,2018-01-18 11:02:01.140000000,3.522500,3.525000
6354214612,D,COR/USD,2018-01-18 11:03:53.640000000,3.525000,3.527500
6354214677,D,COR/USD,2018-01-18 11:03:54.640000000,3.522500,3.525000
6354232212,D,COR/USD,2018-01-18 11:08:07.637000000,3.523800,3.526300
6354232234,D,COR/USD,2018-01-18 11:08:07.887000000,3.525000,3.527500
6354232257,D,COR/USD,2018-01-18 11:08:08.153000000,3.523800,3.526300
6354232285,D,COR/USD,2018-01-18 11:08:08.387000000,3.522500,3.525000
6354233415,D,COR/USD,2018-01-18 11:08:26.887000000,3.525000,3.527500
6354235289,D,COR/USD,2018-01-18 11:09:02.137000000,3.522500,3.525000
6354309195,D,COR/USD,2018-01-18 11:25:02.387000000,3.525000,3.527500
6354321481,D,COR/USD,2018-01-18 11:26:31.137000000,3.522500,3.525000
6354327450,D,COR/USD,2018-01-18 11:27:22.137000000,3.525000,3.527500
6354347217,D,COR/USD,2018-01-18 11:31:05.883000000,3.527500,3.530000
6354437659,D,COR/USD,2018-01-18 11:52:03.630000000,3.526300,3.528800
6354437663,D,COR/USD,2018-01-18 11:52:03.880000000,3.525000,3.527500
6354447265,D,COR/USD,2018-01-18 11:54:45.130000000,3.522500,3.525000
6354447442,D,COR/USD,2018-01-18 11:54:48.380000000,3.520000,3.522500
6354448437,D,COR/USD,2018-01-18 11:55:02.130000000,3.521300,3.523800
6354448460,D,COR/USD,2018-01-18 11:55:02.880000000,3.520000,3.522500
6354451374,D,COR/USD,2018-01-18 11:55:58.880000000,3.522500,3.525000
6354455646,D,COR/USD,2018-01-18 11:57:34.880000000,3.520000,3.522500
6354511924,D,COR/USD,2018-01-18 12:18:03.640000000,3.518800,3.521300
6354511960,D,COR/USD,2018-01-18 12:18:03.877000000,3.517500,3.520000
6354540292,D,COR/USD,2018-01-18 12:27:14.377000000,3.518800,3.521300
6354540305,D,COR/USD,2018-01-18 12:27:14.877000000,3.520000,3.522500
6354540425,D,COR/USD,2018-01-18 12:27:18.877000000,3.518800,3.521300
6354540446,D,COR/USD,2018-01-18 12:27:19.127000000,3.520000,3.522500
6354540462,D,COR/USD,2018-01-18 12:27:19.377000000,3.517500,3.520000
6354544848,D,COR/USD,2018-01-18 12:29:11.627000000,3.515000,3.517500
6354545659,D,COR/USD,2018-01-18 12:29:39.623000000,3.517500,3.520000
6354554072,D,COR/USD,2018-01-18 12:33:00.123000000,3.515000,3.517500
6354556198,D,COR/USD,2018-01-18 12:34:08.123000000,3.515000,3.520000
6354556216,D,COR/USD,2018-01-18 12:34:08.623000000,3.515000,3.517500
6354556225,D,COR/USD,2018-01-18 12:34:08.873000000,3.515000,3.520000
6354556234,D,COR/USD,2018-01-18 12:34:09.123000000,3.515000,3.517500
6354556649,D,COR/USD,2018-01-18 12:34:20.123000000,3.517500,3.520000
6354556674,D,COR/USD,2018-01-18 12:34:21.123000000,3.515000,3.517500
6354585597,D,COR/USD,2018-01-18 12:45:07.873000000,3.512500,3.515000
6354592086,D,COR/USD,2018-01-18 12:47:57.873000000,3.510000,3.512500
6354592504,D,COR/USD,2018-01-18 12:48:09.620000000,3.512500,3.515000
6354593224,D,COR/USD,2018-01-18 12:48:27.370000000,3.510000,3.512500
6354599174,D,COR/USD,2018-01-18 12:50:46.870000000,3.508800,3.511300
6354599189,D,COR/USD,2018-01-18 12:50:47.120000000,3.507500,3.510000
6354599812,D,COR/USD,2018-01-18 12:50:54.370000000,3.510000,3.512500
6354605129,D,COR/USD,2018-01-18 12:52:08.370000000,3.507500,3.510000
6354605885,D,COR/USD,2018-01-18 12:52:24.620000000,3.506300,3.508800
6354605892,D,COR/USD,2018-01-18 12:52:24.870000000,3.505000,3.507500
6354607283,D,COR/USD,2018-01-18 12:52:53.870000000,3.506300,3.508800
6354607297,D,COR/USD,2018-01-18 12:52:54.120000000,3.505000,3.507500
6354607605,D,COR/USD,2018-01-18 12:53:03.370000000,3.507500,3.510000
6354643922,D,COR/USD,2018-01-18 13:06:01.617000000,3.508800,3.511300
6354643927,D,COR/USD,2018-01-18 13:06:01.867000000,3.510000,3.512500
6354644296,D,COR/USD,2018-01-18 13:06:07.117000000,3.512500,3.515000
6354644442,D,COR/USD,2018-01-18 13:06:09.367000000,3.511300,3.513800
6354644456,D,COR/USD,2018-01-18 13:06:09.617000000,3.510000,3.512500
6354661471,D,COR/USD,2018-01-18 13:12:56.367000000,3.507500,3.510000
6354661651,D,COR/USD,2018-01-18 13:12:59.617000000,3.508800,3.511300
6354661674,D,COR/USD,2018-01-18 13:12:59.867000000,3.510000,3.512500
6354673074,D,COR/USD,2018-01-18 13:18:17.617000000,3.507500,3.510000
6354673089,D,COR/USD,2018-01-18 13:18:17.867000000,3.508800,3.511300
6354673099,D,COR/USD,2018-01-18 13:18:18.117000000,3.510000,3.512500
6354674185,D,COR/USD,2018-01-18 13:18:39.117000000,3.511300,3.513800
6354674191,D,COR/USD,2018-01-18 13:18:39.367000000,3.512500,3.515000
6354674286,D,COR/USD,2018-01-18 13:18:43.367000000,3.511300,3.513800
6354674294,D,COR/USD,2018-01-18 13:18:43.617000000,3.512500,3.515000
6354674309,D,COR/USD,2018-01-18 13:18:43.867000000,3.510000,3.512500
6354674467,D,COR/USD,2018-01-18 13:18:45.867000000,3.512500,3.515000
6354674535,D,COR/USD,2018-01-18 13:18:47.117000000,3.510000,3.515000
6354674560,D,COR/USD,2018-01-18 13:18:47.867000000,3.511300,3.513800
6354674581,D,COR/USD,2018-01-18 13:18:48.117000000,3.510000,3.515000
6354674609,D,COR/USD,2018-01-18 13:18:48.617000000,3.510000,3.512500
6354694972,D,COR/USD,2018-01-18 13:27:23.617000000,3.512500,3.515000
6354695305,D,COR/USD,2018-01-18 13:27:29.367000000,3.510000,3.512500
6354735474,D,COR/USD,2018-01-18 13:47:38.363000000,3.511300,3.513800
6354735477,D,COR/USD,2018-01-18 13:47:38.613000000,3.512500,3.515000
6354736101,D,COR/USD,2018-01-18 13:48:00.113000000,3.511300,3.513800
6354736117,D,COR/USD,2018-01-18 13:48:00.363000000,3.510000,3.512500
6354737723,D,COR/USD,2018-01-18 13:49:02.110000000,3.511300,3.513800
6354737728,D,COR/USD,2018-01-18 13:49:02.360000000,3.512500,3.515000
6354743128,D,COR/USD,2018-01-18 13:52:11.860000000,3.511300,3.513800
6354743130,D,COR/USD,2018-01-18 13:52:12.110000000,3.510000,3.512500
6354743809,D,COR/USD,2018-01-18 13:52:34.860000000,3.512500,3.515000
6354744128,D,COR/USD,2018-01-18 13:52:49.360000000,3.510000,3.512500
6354744463,D,COR/USD,2018-01-18 13:52:55.360000000,3.511300,3.513800
6354744470,D,COR/USD,2018-01-18 13:52:55.610000000,3.512500,3.515000
6354744485,D,COR/USD,2018-01-18 13:52:56.127000000,3.511300,3.513800
6354744522,D,COR/USD,2018-01-18 13:52:56.360000000,3.510000,3.512500
6354745067,D,COR/USD,2018-01-18 13:53:11.610000000,3.510000,3.515000
6354745090,D,COR/USD,2018-01-18 13:53:16.110000000,3.512500,3.515000
6354746336,D,COR/USD,2018-01-18 13:53:52.110000000,3.510000,3.515000
6354746760,D,COR/USD,2018-01-18 13:53:59.610000000,3.510000,3.512500
6354748074,D,COR/USD,2018-01-18 13:54:45.860000000,3.512500,3.515000
6354748248,D,COR/USD,2018-01-18 13:54:52.110000000,3.511300,3.513800
6354748258,D,COR/USD,2018-01-18 13:54:52.360000000,3.512500,3.515000
6354748271,D,COR/USD,2018-01-18 13:54:52.860000000,3.510000,3.512500
6354758214,D,COR/USD,2018-01-18 13:59:00.610000000,3.511300,3.513800
6354758223,D,COR/USD,2018-01-18 13:59:00.860000000,3.512500,3.515000
6354762621,D,COR/USD,2018-01-18 14:00:28.610000000,3.510000,3.512500
6354763564,D,COR/USD,2018-01-18 14:00:49.860000000,3.512500,3.515000
6354773828,D,COR/USD,2018-01-18 14:05:19.860000000,3.510000,3.512500
6354774244,D,COR/USD,2018-01-18 14:05:33.610000000,3.512500,3.515000
6354789665,D,COR/USD,2018-01-18 14:14:45.607000000,3.515000,3.517500
6354798554,D,COR/USD,2018-01-18 14:19:21.857000000,3.512500,3.515000
6354798811,D,COR/USD,2018-01-18 14:19:28.607000000,3.510000,3.512500
6354798852,D,COR/USD,2018-01-18 14:19:29.357000000,3.511300,3.513800
6354798861,D,COR/USD,2018-01-18 14:19:29.607000000,3.512500,3.515000
6354798958,D,COR/USD,2018-01-18 14:19:31.857000000,3.510000,3.515000
6354798974,D,COR/USD,2018-01-18 14:19:32.123000000,3.510000,3.512500
6354799057,D,COR/USD,2018-01-18 14:19:33.357000000,3.512500,3.515000
6355240527,D,COR/USD,2018-01-18 20:00:01.067000000,3.512500,3.515000
6355245923,D,COR/USD,2018-01-18 20:02:09.300000000,3.513800,3.516300
6355245929,D,COR/USD,2018-01-18 20:02:09.550000000,3.515000,3.517500
6355259279,D,COR/USD,2018-01-18 20:10:06.047000000,3.517500,3.520000
6355314619,D,COR/USD,2018-01-18 20:36:32.043000000,3.518800,3.521300
6355314620,D,COR/USD,2018-01-18 20:36:32.293000000,3.520000,3.522500
6355323943,D,COR/USD,2018-01-18 20:40:50.043000000,3.522500,3.525000
6355339756,D,COR/USD,2018-01-18 20:49:24.040000000,3.520000,3.522500
6355438105,D,COR/USD,2018-01-18 21:40:36.533000000,3.517500,3.520000
6355447136,D,COR/USD,2018-01-18 21:44:50.530000000,3.520000,3.522500
6355476465,D,COR/USD,2018-01-18 22:04:03.027000000,3.521300,3.523800
6355476471,D,COR/USD,2018-01-18 22:04:03.277000000,3.522500,3.525000
6356382571,D,COR/USD,2018-01-19 05:00:56.707000000,3.523800,3.526300
6356382591,D,COR/USD,2018-01-19 05:00:56.973000000,3.525000,3.527500
6356384504,D,COR/USD,2018-01-19 05:01:58.707000000,3.527500,3.530000
6356887929,D,COR/USD,2018-01-19 08:25:26.423000000,3.526300,3.528800
6356887937,D,COR/USD,2018-01-19 08:25:26.673000000,3.525000,3.527500
6356891195,D,COR/USD,2018-01-19 08:26:20.423000000,3.526300,3.528800
6356891206,D,COR/USD,2018-01-19 08:26:20.673000000,3.527500,3.530000
6356903991,D,COR/USD,2018-01-19 08:29:52.423000000,3.528800,3.531300
6356904001,D,COR/USD,2018-01-19 08:29:52.673000000,3.530000,3.532500
6356904450,D,COR/USD,2018-01-19 08:30:00.173000000,3.532500,3.535000
6356904977,D,COR/USD,2018-01-19 08:30:03.187000000,3.530000,3.532500
6356905031,D,COR/USD,2018-01-19 08:30:03.673000000,3.532500,3.535000
6356905411,D,COR/USD,2018-01-19 08:30:06.423000000,3.530000,3.532500
6356905497,D,COR/USD,2018-01-19 08:30:07.173000000,3.532500,3.535000
6356905934,D,COR/USD,2018-01-19 08:30:10.923000000,3.530000,3.532500
6356906703,D,COR/USD,2018-01-19 08:30:19.673000000,3.532500,3.535000
6356907079,D,COR/USD,2018-01-19 08:30:24.923000000,3.530000,3.535000
6356907168,D,COR/USD,2018-01-19 08:30:26.923000000,3.532500,3.535000
6356926389,D,COR/USD,2018-01-19 08:35:39.670000000,3.530000,3.532500
6356963636,D,COR/USD,2018-01-19 08:42:38.437000000,3.528800,3.531300
6356963681,D,COR/USD,2018-01-19 08:42:38.687000000,3.527500,3.530000
6357160184,D,COR/USD,2018-01-19 09:30:00.443000000,3.527500,3.530000
6357160223,D,COR/USD,2018-01-19 09:30:00.677000000,3.526300,3.528800
6357160309,D,COR/USD,2018-01-19 09:30:01.163000000,3.525000,3.527500
6357160496,D,COR/USD,2018-01-19 09:30:02.663000000,3.527500,3.530000
6357161543,D,COR/USD,2018-01-19 09:30:11.163000000,3.530000,3.532500
6357164085,D,COR/USD,2018-01-19 09:30:35.663000000,3.527500,3.530000
6357164101,D,COR/USD,2018-01-19 09:30:35.913000000,3.530000,3.532500
6357167903,D,COR/USD,2018-01-19 09:31:25.410000000,3.528800,3.531300
6357167923,D,COR/USD,2018-01-19 09:31:25.660000000,3.527500,3.530000
6357168121,D,COR/USD,2018-01-19 09:31:29.427000000,3.530000,3.532500
6357172616,D,COR/USD,2018-01-19 09:32:29.410000000,3.532500,3.535000
6357191496,D,COR/USD,2018-01-19 09:36:21.160000000,3.530000,3.532500
6357204520,D,COR/USD,2018-01-19 09:39:15.410000000,3.531300,3.533800
6357204554,D,COR/USD,2018-01-19 09:39:15.660000000,3.532500,3.535000
6357205072,D,COR/USD,2018-01-19 09:39:22.410000000,3.530000,3.532500
6357205126,D,COR/USD,2018-01-19 09:39:23.410000000,3.531300,3.533800
6357205137,D,COR/USD,2018-01-19 09:39:23.660000000,3.532500,3.535000
6357212003,D,COR/USD,2018-01-19 09:40:48.410000000,3.530000,3.532500
6357236497,D,COR/USD,2018-01-19 09:46:24.410000000,3.532500,3.535000
6357260458,D,COR/USD,2018-01-19 09:52:20.157000000,3.533800,3.536300
6357260470,D,COR/USD,2018-01-19 09:52:20.407000000,3.535000,3.537500
6357262686,D,COR/USD,2018-01-19 09:53:11.157000000,3.536300,3.538800
6357262691,D,COR/USD,2018-01-19 09:53:11.407000000,3.537500,3.540000
6357262702,D,COR/USD,2018-01-19 09:53:11.657000000,3.536300,3.538800
6357262706,D,COR/USD,2018-01-19 09:53:11.907000000,3.537500,3.540000
6357288703,D,COR/USD,2018-01-19 10:00:24.907000000,3.535000,3.537500
6357288786,D,COR/USD,2018-01-19 10:00:25.423000000,3.537500,3.540000
6357298302,D,COR/USD,2018-01-19 10:02:00.423000000,3.535000,3.537500
6357302761,D,COR/USD,2018-01-19 10:03:01.657000000,3.537500,3.540000
6357302773,D,COR/USD,2018-01-19 10:03:01.907000000,3.536300,3.538800
6357302788,D,COR/USD,2018-01-19 10:03:02.173000000,3.535000,3.537500
6357302831,D,COR/USD,2018-01-19 10:03:02.423000000,3.536300,3.538800
6357302863,D,COR/USD,2018-01-19 10:03:02.657000000,3.535000,3.537500
6357303074,D,COR/USD,2018-01-19 10:03:04.923000000,3.537500,3.540000
6357303503,D,COR/USD,2018-01-19 10:03:08.173000000,3.535000,3.537500
6357306875,D,COR/USD,2018-01-19 10:03:44.157000000,3.536300,3.538800
6357306888,D,COR/USD,2018-01-19 10:03:44.407000000,3.537500,3.540000
6357306945,D,COR/USD,2018-01-19 10:03:45.657000000,3.535000,3.540000
6357307196,D,COR/USD,2018-01-19 10:03:48.157000000,3.537500,3.540000
6357307286,D,COR/USD,2018-01-19 10:03:48.923000000,3.535000,3.537500
6357307376,D,COR/USD,2018-01-19 10:03:49.423000000,3.537500,3.540000
6357307414,D,COR/USD,2018-01-19 10:03:49.657000000,3.535000,3.540000
6357307498,D,COR/USD,2018-01-19 10:03:50.657000000,3.535000,3.537500
6357346056,D,COR/USD,2018-01-19 10:11:37.657000000,3.533800,3.536300
6357346069,D,COR/USD,2018-01-19 10:11:37.920000000,3.532500,3.535000
6357346203,D,COR/USD,2018-01-19 10:11:39.407000000,3.533800,3.536300
6357346212,D,COR/USD,2018-01-19 10:11:39.657000000,3.535000,3.537500
6357359804,D,COR/USD,2018-01-19 10:15:10.153000000,3.533800,3.536300
6357359837,D,COR/USD,2018-01-19 10:15:10.403000000,3.532500,3.535000
6357429918,D,COR/USD,2018-01-19 10:32:50.900000000,3.531300,3.533800
6357429921,D,COR/USD,2018-01-19 10:32:51.150000000,3.530000,3.532500
6357449792,D,COR/USD,2018-01-19 10:38:57.667000000,3.528800,3.531300
6357449832,D,COR/USD,2018-01-19 10:38:57.917000000,3.530000,3.532500
6357466590,D,COR/USD,2018-01-19 10:43:35.400000000,3.527500,3.530000
6357466618,D,COR/USD,2018-01-19 10:43:35.900000000,3.530000,3.532500
6357466626,D,COR/USD,2018-01-19 10:43:36.150000000,3.527500,3.530000
6357467630,D,COR/USD,2018-01-19 10:43:51.400000000,3.530000,3.532500
6357473921,D,COR/USD,2018-01-19 10:45:13.900000000,3.527500,3.530000
6357484535,D,COR/USD,2018-01-19 10:47:31.650000000,3.530000,3.532500
6357487998,D,COR/USD,2018-01-19 10:48:29.650000000,3.527500,3.530000
6357508206,D,COR/USD,2018-01-19 10:52:36.647000000,3.528800,3.531300
6357508230,D,COR/USD,2018-01-19 10:52:36.913000000,3.530000,3.532500
6357510322,D,COR/USD,2018-01-19 10:53:00.397000000,3.528800,3.531300
6357510344,D,COR/USD,2018-01-19 10:53:00.647000000,3.527500,3.530000
6357510543,D,COR/USD,2018-01-19 10:53:02.897000000,3.530000,3.532500
6357510559,D,COR/USD,2018-01-19 10:53:03.147000000,3.527500,3.530000
6357510656,D,COR/USD,2018-01-19 10:53:04.147000000,3.528800,3.531300
6357510681,D,COR/USD,2018-01-19 10:53:04.397000000,3.527500,3.530000
6357510785,D,COR/USD,2018-01-19 10:53:05.897000000,3.528800,3.531300
6357510803,D,COR/USD,2018-01-19 10:53:06.147000000,3.530000,3.532500
6357512671,D,COR/USD,2018-01-19 10:53:33.147000000,3.527500,3.530000
6357514696,D,COR/USD,2018-01-19 10:54:03.663000000,3.528800,3.531300
6357514746,D,COR/USD,2018-01-19 10:54:03.913000000,3.530000,3.532500
6357515938,D,COR/USD,2018-01-19 10:54:23.147000000,3.527500,3.530000
6357519445,D,COR/USD,2018-01-19 10:55:05.647000000,3.528800,3.531300
6357519464,D,COR/USD,2018-01-19 10:55:06.147000000,3.527500,3.530000
6357521470,D,COR/USD,2018-01-19 10:55:41.647000000,3.528800,3.531300
6357521479,D,COR/USD,2018-01-19 10:55:41.897000000,3.530000,3.532500
6357521839,D,COR/USD,2018-01-19 10:55:44.913000000,3.528800,3.531300
6357521881,D,COR/USD,2018-01-19 10:55:45.147000000,3.527500,3.530000
6357522226,D,COR/USD,2018-01-19 10:55:49.647000000,3.530000,3.532500
6357522413,D,COR/USD,2018-01-19 10:55:52.397000000,3.527500,3.530000
6357525944,D,COR/USD,2018-01-19 10:56:42.397000000,3.530000,3.532500
6357530219,D,COR/USD,2018-01-19 10:57:38.897000000,3.527500,3.530000
6357568452,D,COR/USD,2018-01-19 11:04:40.897000000,3.526300,3.528800
6357568458,D,COR/USD,2018-01-19 11:04:41.147000000,3.525000,3.527500
6357577906,D,COR/USD,2018-01-19 11:07:22.147000000,3.523800,3.526300
6357577927,D,COR/USD,2018-01-19 11:07:22.397000000,3.522500,3.525000
6357578187,D,COR/USD,2018-01-19 11:07:31.147000000,3.520000,3.522500
6357579064,D,COR/USD,2018-01-19 11:07:44.147000000,3.517500,3.520000
6357580568,D,COR/USD,2018-01-19 11:08:06.147000000,3.518800,3.521300
6357580582,D,COR/USD,2018-01-19 11:08:06.397000000,3.520000,3.522500
6357584121,D,COR/USD,2018-01-19 11:08:57.647000000,3.518800,3.521300
6357584134,D,COR/USD,2018-01-19 11:08:57.897000000,3.517500,3.520000
6357584151,D,COR/USD,2018-01-19 11:08:58.397000000,3.520000,3.522500
6357585302,D,COR/USD,2018-01-19 11:09:27.397000000,3.517500,3.520000
6357585349,D,COR/USD,2018-01-19 11:09:28.897000000,3.520000,3.522500
6357590641,D,COR/USD,2018-01-19 11:11:00.897000000,3.518800,3.521300
6357590659,D,COR/USD,2018-01-19 11:11:01.147000000,3.517500,3.520000
6357590682,D,COR/USD,2018-01-19 11:11:01.397000000,3.517500,3.522500
6357590768,D,COR/USD,2018-01-19 11:11:02.660000000,3.520000,3.522500
6357590808,D,COR/USD,2018-01-19 11:11:02.910000000,3.517500,3.520000
6357592848,D,COR/USD,2018-01-19 11:11:41.147000000,3.520000,3.522500
6357592906,D,COR/USD,2018-01-19 11:11:42.910000000,3.517500,3.520000
6357593242,D,COR/USD,2018-01-19 11:11:48.647000000,3.520000,3.522500
6357593253,D,COR/USD,2018-01-19 11:11:48.910000000,3.517500,3.522500
6357593293,D,COR/USD,2018-01-19 11:11:49.160000000,3.517500,3.520000
6357594530,D,COR/USD,2018-01-19 11:12:18.660000000,3.518800,3.521300
6357594573,D,COR/USD,2018-01-19 11:12:18.910000000,3.520000,3.522500
6357594807,D,COR/USD,2018-01-19 11:12:21.147000000,3.517500,3.520000
6357594821,D,COR/USD,2018-01-19 11:12:21.397000000,3.520000,3.522500
6357594825,D,COR/USD,2018-01-19 11:12:21.647000000,3.517500,3.520000
6357596189,D,COR/USD,2018-01-19 11:12:44.897000000,3.520000,3.522500
6357605533,D,COR/USD,2018-01-19 11:15:25.410000000,3.517500,3.520000
6357606242,D,COR/USD,2018-01-19 11:15:33.143000000,3.520000,3.522500
6357606492,D,COR/USD,2018-01-19 11:15:36.643000000,3.518800,3.521300
6357606516,D,COR/USD,2018-01-19 11:15:36.893000000,3.517500,3.520000
6357606548,D,COR/USD,2018-01-19 11:15:37.893000000,3.517500,3.522500
6357606562,D,COR/USD,2018-01-19 11:15:38.143000000,3.517500,3.520000
6357606580,D,COR/USD,2018-01-19 11:15:38.393000000,3.520000,3.522500
6357606837,D,COR/USD,2018-01-19 11:15:42.393000000,3.517500,3.520000
6357607068,D,COR/USD,2018-01-19 11:15:46.143000000,3.520000,3.522500
6357612677,D,COR/USD,2018-01-19 11:17:11.643000000,3.517500,3.522500
6357612739,D,COR/USD,2018-01-19 11:17:12.143000000,3.520000,3.522500
6357612920,D,COR/USD,2018-01-19 11:17:14.643000000,3.517500,3.520000
6357631090,D,COR/USD,2018-01-19 11:22:45.643000000,3.518800,3.521300
6357631099,D,COR/USD,2018-01-19 11:22:45.893000000,3.520000,3.522500
6357631373,D,COR/USD,2018-01-19 11:22:50.643000000,3.518800,3.521300
6357631389,D,COR/USD,2018-01-19 11:22:51.143000000,3.517500,3.520000
6357666369,D,COR/USD,2018-01-19 11:33:39.640000000,3.518800,3.521300
6357666377,D,COR/USD,2018-01-19 11:33:39.890000000,3.520000,3.522500
6357671231,D,COR/USD,2018-01-19 11:35:05.890000000,3.521300,3.523800
6357671246,D,COR/USD,2018-01-19 11:35:06.140000000,3.522500,3.525000
6357677358,D,COR/USD,2018-01-19 11:37:48.390000000,3.520000,3.522500
6357683812,D,COR/USD,2018-01-19 11:40:19.640000000,3.521300,3.523800
6357683820,D,COR/USD,2018-01-19 11:40:19.890000000,3.522500,3.525000
6357684474,D,COR/USD,2018-01-19 11:40:34.157000000,3.521300,3.523800
6357684513,D,COR/USD,2018-01-19 11:40:34.407000000,3.520000,3.522500
6357723521,D,COR/USD,2018-01-19 11:55:31.637000000,3.522500,3.525000
6357723733,D,COR/USD,2018-01-19 11:55:36.387000000,3.521300,3.523800
6357723762,D,COR/USD,2018-01-19 11:55:36.637000000,3.520000,3.522500
6357752360,D,COR/USD,2018-01-19 12:05:09.137000000,3.522500,3.525000
6357752905,D,COR/USD,2018-01-19 12:05:22.637000000,3.521300,3.523800
6357752913,D,COR/USD,2018-01-19 12:05:22.887000000,3.522500,3.525000
6357752934,D,COR/USD,2018-01-19 12:05:23.637000000,3.520000,3.522500
6357753105,D,COR/USD,2018-01-19 12:05:28.387000000,3.521300,3.523800
6357753123,D,COR/USD,2018-01-19 12:05:28.637000000,3.522500,3.525000
6357753682,D,COR/USD,2018-01-19 12:05:42.137000000,3.520000,3.522500
6357754748,D,COR/USD,2018-01-19 12:06:08.887000000,3.521300,3.523800
6357754764,D,COR/USD,2018-01-19 12:06:09.137000000,3.522500,3.525000
6357759838,D,COR/USD,2018-01-19 12:08:58.387000000,3.520000,3.522500
6357759953,D,COR/USD,2018-01-19 12:09:00.137000000,3.521300,3.523800
6357759960,D,COR/USD,2018-01-19 12:09:00.387000000,3.522500,3.525000
6357761354,D,COR/USD,2018-01-19 12:09:36.137000000,3.520000,3.522500
6357761375,D,COR/USD,2018-01-19 12:09:36.887000000,3.520000,3.525000
6357761380,D,COR/USD,2018-01-19 12:09:37.137000000,3.522500,3.525000
6357761484,D,COR/USD,2018-01-19 12:09:39.637000000,3.520000,3.525000
6357761513,D,COR/USD,2018-01-19 12:09:41.387000000,3.520000,3.522500
6357761521,D,COR/USD,2018-01-19 12:09:42.387000000,3.522500,3.525000
6357761758,D,COR/USD,2018-01-19 12:09:53.637000000,3.520000,3.522500
6357764076,D,COR/USD,2018-01-19 12:10:53.387000000,3.522500,3.525000
6357766609,D,COR/USD,2018-01-19 12:11:47.637000000,3.525000,3.527500
6357766889,D,COR/USD,2018-01-19 12:11:54.887000000,3.522500,3.525000
6357776003,D,COR/USD,2018-01-19 12:16:25.633000000,3.521300,3.523800
6357776006,D,COR/USD,2018-01-19 12:16:25.883000000,3.520000,3.522500
6357777722,D,COR/USD,2018-01-19 12:17:07.883000000,3.520000,3.525000
6357777753,D,COR/USD,2018-01-19 12:17:09.633000000,3.520000,3.522500
6357791858,D,COR/USD,2018-01-19 12:24:14.633000000,3.517500,3.520000
6357794375,D,COR/USD,2018-01-19 12:25:50.133000000,3.517500,3.522500
6357794399,D,COR/USD,2018-01-19 12:25:51.133000000,3.520000,3.522500
6357794404,D,COR/USD,2018-01-19 12:25:51.383000000,3.517500,3.522500
6357794407,D,COR/USD,2018-01-19 12:25:51.633000000,3.520000,3.522500
6357794412,D,COR/USD,2018-01-19 12:25:51.883000000,3.518800,3.521300
6357794419,D,COR/USD,2018-01-19 12:25:52.133000000,3.517500,3.520000
6357795600,D,COR/USD,2018-01-19 12:26:31.883000000,3.518800,3.521300
6357795602,D,COR/USD,2018-01-19 12:26:32.133000000,3.520000,3.522500
6357806743,D,COR/USD,2018-01-19 12:32:43.130000000,3.517500,3.520000
6357811816,D,COR/USD,2018-01-19 12:35:36.130000000,3.518800,3.521300
6357811836,D,COR/USD,2018-01-19 12:35:36.380000000,3.520000,3.522500
6357812081,D,COR/USD,2018-01-19 12:35:39.130000000,3.518800,3.521300
6357812095,D,COR/USD,2018-01-19 12:35:39.380000000,3.517500,3.520000
6357817316,D,COR/USD,2018-01-19 12:38:06.130000000,3.518800,3.521300
6357817331,D,COR/USD,2018-01-19 12:38:06.380000000,3.520000,3.522500
6357817792,D,COR/USD,2018-01-19 12:38:23.130000000,3.517500,3.520000
6357849955,D,COR/USD,2018-01-19 12:56:22.127000000,3.520000,3.522500
6357851565,D,COR/USD,2018-01-19 12:57:00.877000000,3.517500,3.520000
6357851696,D,COR/USD,2018-01-19 12:57:04.127000000,3.518800,3.521300
6357851702,D,COR/USD,2018-01-19 12:57:04.377000000,3.520000,3.522500
6357851929,D,COR/USD,2018-01-19 12:57:07.877000000,3.518800,3.521300
6357851940,D,COR/USD,2018-01-19 12:57:08.127000000,3.520000,3.522500
6357854739,D,COR/USD,2018-01-19 12:58:14.127000000,3.517500,3.520000
6357867024,D,COR/USD,2018-01-19 13:02:59.393000000,3.520000,3.522500
6357873475,D,COR/USD,2018-01-19 13:06:09.627000000,3.518800,3.521300
6357873481,D,COR/USD,2018-01-19 13:06:09.877000000,3.520000,3.522500
6357874581,D,COR/USD,2018-01-19 13:06:41.127000000,3.517500,3.520000
6357971023,D,COR/USD,2018-01-19 14:05:09.117000000,3.518800,3.521300
6357971026,D,COR/USD,2018-01-19 14:05:09.367000000,3.520000,3.522500
6357972020,D,COR/USD,2018-01-19 14:05:45.617000000,3.521300,3.523800
6357972023,D,COR/USD,2018-01-19 14:05:45.867000000,3.520000,3.522500
6357972091,D,COR/USD,2018-01-19 14:05:50.117000000,3.521300,3.523800
6357972095,D,COR/USD,2018-01-19 14:05:50.367000000,3.522500,3.525000
6357977510,D,COR/USD,2018-01-19 14:08:19.867000000,3.523800,3.526300
6357977518,D,COR/USD,2018-01-19 14:08:20.117000000,3.525000,3.527500
6357978385,D,COR/USD,2018-01-19 14:08:43.367000000,3.522500,3.525000
6357979415,D,COR/USD,2018-01-19 14:09:22.367000000,3.525000,3.527500
6357984285,D,COR/USD,2018-01-19 14:12:00.117000000,3.522500,3.525000
6357989471,D,COR/USD,2018-01-19 14:15:11.863000000,3.521300,3.523800
6357989473,D,COR/USD,2018-01-19 14:15:12.113000000,3.520000,3.522500
6357990214,D,COR/USD,2018-01-19 14:15:32.113000000,3.522500,3.525000
6357990485,D,COR/USD,2018-01-19 14:15:47.363000000,3.520000,3.522500
6357990616,D,COR/USD,2018-01-19 14:15:56.863000000,3.522500,3.525000
6357990617,D,COR/USD,2018-01-19 14:15:57.363000000,3.521300,3.523800
6357990623,D,COR/USD,2018-01-19 14:15:57.613000000,3.520000,3.522500
6357990680,D,COR/USD,2018-01-19 14:15:58.863000000,3.521300,3.523800
6357990688,D,COR/USD,2018-01-19 14:15:59.113000000,3.522500,3.525000
6357992086,D,COR/USD,2018-01-19 14:16:37.363000000,3.520000,3.522500
6357992203,D,COR/USD,2018-01-19 14:16:42.863000000,3.522500,3.525000
6357995932,D,COR/USD,2018-01-19 14:18:43.363000000,3.525000,3.527500
6357996009,D,COR/USD,2018-01-19 14:18:47.363000000,3.522500,3.527500
6357996022,D,COR/USD,2018-01-19 14:18:48.363000000,3.525000,3.527500
