BEA	GDP_ADVANCE	66	2010-01-29	2026-04-30
BEA	GDP_SECOND	64	2010-02-26	2026-05-28
BEA	GDP_THIRD	66	2010-03-26	2026-06-25
BEA	PERSONAL_INCOME_OUTLAYS	195	2010-02-01	2026-06-25
BLS	CPI	199	2010-01-15	2026-08-12
BLS	EMPLOYMENT	199	2010-01-08	2026-08-07
BLS	EMPLOYMENT_ANNUAL	17	2010-03-12	2026-04-28
BLS	JOLTS	199	2010-01-12	2026-08-04
BLS	PPI	199	2010-01-20	2026-08-13
CENSUS	CONSTRUCTION_SPENDING	192	2010-03-01	2026-07-01
CENSUS	DURABLE_GOODS_ADVANCE	196	2010-02-25	2026-06-25
CENSUS	MANUFACTURERS_ORDERS	195	2010-03-04	2026-07-02
CENSUS	NEW_RESIDENTIAL_CONSTRUCTION	193	2010-02-17	2026-08-18
CENSUS	NEW_RESIDENTIAL_SALES	192	2010-02-24	2026-07-24
CENSUS	RETAIL_SALES_ADVANCE	198	2010-02-12	2026-07-16
DOL_ETA	WEEKLY_CLAIMS	815	2010-01-07	2026-08-20
FEDERAL_RESERVE	BEIGE_BOOK	124	2010-01-13	2026-07-15
FEDERAL_RESERVE	FOMC_MINUTES	134	2010-01-06	2026-08-19
FEDERAL_RESERVE	FOMC_STATEMENT	140	2010-01-27	2026-07-29
