agency	artifact_path	artifact_sha256	source_url	acquisition_status	parse_status	validation_status	collision_status	diagnostic
bea	2019/personal-income-and-outlays-september-2019.html	c5ed57c8201bd61cf63b83fb5ab9e1d8f74c0e0c5eb18938ec15885f29c68ed4	https://www.bea.gov/news/2019/personal-income-and-outlays-september-2019	succeeded	failed	not_run	not_run	ECONOMIC_EVENT_MANIFEST_LOAD_FAILED,agency=bea,error=bea_release_timezone_contradiction
bea	2025/personal-income-and-outlays-data-update-september-2025.html	f8964a4d16c112c7ea4562cf3ab2a93a4fc464d29dd13ecf3b3f24ea8d9a127e	https://www.bea.gov/news/2025/personal-income-and-outlays-data-update-september-2025	succeeded	failed	not_run	not_run	ECONOMIC_EVENT_MANIFEST_LOAD_FAILED,agency=bea,error=bea_authoritative_release_time_missing
census	new-residential-construction/2013/newresconst_201309.txt	f7327e5bf5b091c7986adce5646a66e780c35f517621f171f1605a9109d39884	https://www.census.gov/construction/nrc/pdf/newresconst_201309.pdf	succeeded	parsed	validated	duplicate_evidence	economic_event_duplicate_authoritative_artifact_alias
census	new-residential-construction/2015/newresconst_201504.txt	8fec4fbe2230f3ff090c840535e1fd4cdb629f187d18c821c6e1e40068e7e290	https://www.census.gov/construction/nrc/pdf/newresconst_201504.pdf	succeeded	failed	not_run	not_run	ECONOMIC_EVENT_MANIFEST_LOAD_FAILED,agency=census,error=census_release_id_year_mismatch
census	new-residential-sales/2013/newressales_201309.txt	76a1ae64eb7d4d804b09c0936e33aeac201dac166b6dc1673e8d4de898a49be6	https://www.census.gov/construction/nrs/pdf/newressales_201309.pdf	succeeded	parsed	validated	duplicate_evidence	economic_event_duplicate_authoritative_artifact_alias
census	new-residential-sales/2019/newressales_201901.txt	46e5c91f1dac3f56a2ccb93b99c57025b2829f92c8d12102ec12af62a8504a06	https://www.census.gov/construction/nrs/pdf/newressales_201901.pdf	succeeded	failed	not_run	not_run	ECONOMIC_EVENT_MANIFEST_LOAD_FAILED,agency=census,error=census_release_timezone_contradiction
census	manufacturers-orders/2013/aug13prel.txt	3680a0dfd9f0fb50e4761968ad16e98cd7aa059a260383a4704a598497d5dc0b	https://www.census.gov/manufacturing/m3/historical_data/pressreleases/prel/2013/aug13prel.pdf	succeeded	failed	not_run	not_run	ECONOMIC_EVENT_MANIFEST_LOAD_FAILED,agency=census,error=census_authoritative_release_time_missing
dol-eta	2011/111011.asp	f63589b81fd8ea467051c94b02b9612eda7bc3e8fdb8ed48140eba3f7b9315ef	https://oui.doleta.gov/press/2011/111011.asp	succeeded	failed	not_run	not_run	ECONOMIC_EVENT_MANIFEST_LOAD_FAILED,agency=dol-eta,error=dol_eta_release_timezone_contradiction
dol-eta	2011/111711.asp	3b36662119a32f94d92059bfb1177896d8162a98f4ed3ee40b7c1f0e2627d067	https://oui.doleta.gov/press/2011/111711.asp	succeeded	failed	not_run	not_run	ECONOMIC_EVENT_MANIFEST_LOAD_FAILED,agency=dol-eta,error=dol_eta_release_timezone_contradiction
dol-eta	2011/112311.asp	e841ca233fa4772c78153436f92a7f21e5b765aecc1b01d41bf57374362ebdd6	https://oui.doleta.gov/press/2011/112311.asp	succeeded	failed	not_run	not_run	ECONOMIC_EVENT_MANIFEST_LOAD_FAILED,agency=dol-eta,error=dol_eta_release_timezone_contradiction
dol-eta	2011/120111.asp	0eed49bfcacacf55aa1c0579ad15e5b05b1d72403eb7c1132b941b2e3732ce93	https://oui.doleta.gov/press/2011/120111.asp	succeeded	failed	not_run	not_run	ECONOMIC_EVENT_MANIFEST_LOAD_FAILED,agency=dol-eta,error=dol_eta_release_timezone_contradiction
dol-eta	2011/120811.asp	afda9febab424ce49e96d9930b38b43bf06504dcaa49bbf554b41d80330b2a98	https://oui.doleta.gov/press/2011/120811.asp	succeeded	failed	not_run	not_run	ECONOMIC_EVENT_MANIFEST_LOAD_FAILED,agency=dol-eta,error=dol_eta_release_timezone_contradiction
dol-eta	2011/121511.asp	0193ec749579b1410040382d3a1cef73e31ccac28470a5e5202d547dbd87fab3	https://oui.doleta.gov/press/2011/121511.asp	succeeded	failed	not_run	not_run	ECONOMIC_EVENT_MANIFEST_LOAD_FAILED,agency=dol-eta,error=dol_eta_release_timezone_contradiction
dol-eta	2011/122211.asp	ee138c18edbdeba85416c8afa0a4b9088cafabfb9a4fcd560747637539b54d19	https://oui.doleta.gov/press/2011/122211.asp	succeeded	failed	not_run	not_run	ECONOMIC_EVENT_MANIFEST_LOAD_FAILED,agency=dol-eta,error=dol_eta_release_timezone_contradiction
dol-eta	2011/122911.asp	d02c89c3105d52a8a6cf97a9de7c14219acd0bc53c243542677c114d1808275f	https://oui.doleta.gov/press/2011/122911.asp	succeeded	failed	not_run	not_run	ECONOMIC_EVENT_MANIFEST_LOAD_FAILED,agency=dol-eta,error=dol_eta_release_timezone_contradiction
dol-eta	2012/010313.asp	fd1cd212d3523cce47ba2a58cb61219c6b7bc078532382251a31131e1bc1d728	https://oui.doleta.gov/press/2012/010313.asp	succeeded	parsed	validated	duplicate_evidence	economic_event_duplicate_authoritative_artifact_alias
dol-eta	2012/010512.asp	645f7c8defb0fa1e6df7f3e55a84dfb5f4b021d4a91149f90199dc78d73283b8	https://oui.doleta.gov/press/2012/010512.asp	succeeded	failed	not_run	not_run	ECONOMIC_EVENT_MANIFEST_LOAD_FAILED,agency=dol-eta,error=dol_eta_release_timezone_contradiction
dol-eta	2012/011212.asp	42f4ab0b7cc826ddc7d9d0ad8444718a7064e9bf013f73b7f794e442d46e7a78	https://oui.doleta.gov/press/2012/011212.asp	succeeded	failed	not_run	not_run	ECONOMIC_EVENT_MANIFEST_LOAD_FAILED,agency=dol-eta,error=dol_eta_release_timezone_contradiction
dol-eta	2012/011912.asp	51ab10297798e63fc6c88114dd9c644d53cc0a1a3e6ae97e766ef9e3b7c03bb9	https://oui.doleta.gov/press/2012/011912.asp	succeeded	failed	not_run	not_run	ECONOMIC_EVENT_MANIFEST_LOAD_FAILED,agency=dol-eta,error=dol_eta_release_timezone_contradiction
dol-eta	2012/012612.asp	c0e995eedaf4dc78e9df3a2a13db93685d71256cc29323154711b5460fcc7996	https://oui.doleta.gov/press/2012/012612.asp	succeeded	failed	not_run	not_run	ECONOMIC_EVENT_MANIFEST_LOAD_FAILED,agency=dol-eta,error=dol_eta_release_timezone_contradiction
dol-eta	2012/020212.asp	4bfbe62375d9107ad250e396eecb86b908a856656a9b9e7ff3e4391b043a3165	https://oui.doleta.gov/press/2012/020212.asp	succeeded	failed	not_run	not_run	ECONOMIC_EVENT_MANIFEST_LOAD_FAILED,agency=dol-eta,error=dol_eta_release_timezone_contradiction
dol-eta	2012/020912.asp	50ace41416a09fd25e7a356aded2ac34719b515fdf4e8d10bee2d1689bd3540b	https://oui.doleta.gov/press/2012/020912.asp	succeeded	failed	not_run	not_run	ECONOMIC_EVENT_MANIFEST_LOAD_FAILED,agency=dol-eta,error=dol_eta_release_timezone_contradiction
dol-eta	2012/021612.asp	c6d75daf012a5f4cf573231d07d39774ec3e49dee1e51848c2c6ae34ab73ed45	https://oui.doleta.gov/press/2012/021612.asp	succeeded	failed	not_run	not_run	ECONOMIC_EVENT_MANIFEST_LOAD_FAILED,agency=dol-eta,error=dol_eta_release_timezone_contradiction
dol-eta	2012/022312.asp	d7e416131dcb8b71d3b4534b452f4ccdf591706d416dfa4b3b6ee809e2d930ed	https://oui.doleta.gov/press/2012/022312.asp	succeeded	failed	not_run	not_run	ECONOMIC_EVENT_MANIFEST_LOAD_FAILED,agency=dol-eta,error=dol_eta_release_timezone_contradiction
dol-eta	2012/030112.asp	7eef68a6fa0df828feda0d5d3b472f4b5a9d2de76abebded5cdfe038b8f12725	https://oui.doleta.gov/press/2012/030112.asp	succeeded	failed	not_run	not_run	ECONOMIC_EVENT_MANIFEST_LOAD_FAILED,agency=dol-eta,error=dol_eta_release_timezone_contradiction
dol-eta	2012/030812.asp	2296e35a7e7d462d26d1749363da184d6abff8515a388a0732f890c923b7d64b	https://oui.doleta.gov/press/2012/030812.asp	succeeded	failed	not_run	not_run	ECONOMIC_EVENT_MANIFEST_LOAD_FAILED,agency=dol-eta,error=dol_eta_release_timezone_contradiction
dol-eta	2012/031512.asp	ae3746d706f75fd67f02a58adc0cdd6df67441158af3b7dbb25de1c2f1786544	https://oui.doleta.gov/press/2012/031512.asp	succeeded	failed	not_run	not_run	ECONOMIC_EVENT_MANIFEST_LOAD_FAILED,agency=dol-eta,error=dol_eta_release_timezone_contradiction
dol-eta	2012/032212.asp	cf272d49a40cff7c0329e7e913ad810dbf9265da175404d3b30a8678fda45409	https://oui.doleta.gov/press/2012/032212.asp	succeeded	failed	not_run	not_run	ECONOMIC_EVENT_MANIFEST_LOAD_FAILED,agency=dol-eta,error=dol_eta_release_timezone_contradiction
dol-eta	2012/032912.asp	2ba83c6faeca5cb3136a97b5f2fe4dd5b1efc13e24ac9cc50212ec38d2d5af11	https://oui.doleta.gov/press/2012/032912.asp	succeeded	failed	not_run	not_run	ECONOMIC_EVENT_MANIFEST_LOAD_FAILED,agency=dol-eta,error=dol_eta_release_timezone_contradiction
dol-eta	2012/040512.asp	4e421279b37ace69874cd1e242752701dcfed8d7a7530a77476e3b5332c566fe	https://oui.doleta.gov/press/2012/040512.asp	succeeded	failed	not_run	not_run	ECONOMIC_EVENT_MANIFEST_LOAD_FAILED,agency=dol-eta,error=dol_eta_release_timezone_contradiction
dol-eta	2012/041212.asp	e54c7bb08bb03db7b5a08351fb4bdf869e0316dfc0fa73539d46c5455ad60f49	https://oui.doleta.gov/press/2012/041212.asp	succeeded	failed	not_run	not_run	ECONOMIC_EVENT_MANIFEST_LOAD_FAILED,agency=dol-eta,error=dol_eta_release_timezone_contradiction
dol-eta	2012/041912.asp	11eba33b62ee46948c61373090f29d52283726eb64a62ac3b4bc8a227489dfee	https://oui.doleta.gov/press/2012/041912.asp	succeeded	failed	not_run	not_run	ECONOMIC_EVENT_MANIFEST_LOAD_FAILED,agency=dol-eta,error=dol_eta_release_timezone_contradiction
dol-eta	2012/042612.asp	712e07ce1977edee3b32b5ad8693695e3c032fcf2557b488c59af1c989538877	https://oui.doleta.gov/press/2012/042612.asp	succeeded	failed	not_run	not_run	ECONOMIC_EVENT_MANIFEST_LOAD_FAILED,agency=dol-eta,error=dol_eta_release_timezone_contradiction
dol-eta	2012/050312.asp	ef53dd4b6a12b0a5aa463faaa27c5ad275f89cc49765a1691fb4b69f038676f9	https://oui.doleta.gov/press/2012/050312.asp	succeeded	failed	not_run	not_run	ECONOMIC_EVENT_MANIFEST_LOAD_FAILED,agency=dol-eta,error=dol_eta_release_timezone_contradiction
dol-eta	2012/051012.asp	5cd61acb757badfe9445ea688b2f29b7f8c4e2ccd1af0cd9df3622d451afd780	https://oui.doleta.gov/press/2012/051012.asp	succeeded	failed	not_run	not_run	ECONOMIC_EVENT_MANIFEST_LOAD_FAILED,agency=dol-eta,error=dol_eta_release_timezone_contradiction
dol-eta	2012/051712.asp	f383e26e0a07127836fe322232ef8c6f77fbce1fc83c71cf702ac4079f9b09e3	https://oui.doleta.gov/press/2012/051712.asp	succeeded	failed	not_run	not_run	ECONOMIC_EVENT_MANIFEST_LOAD_FAILED,agency=dol-eta,error=dol_eta_release_timezone_contradiction
dol-eta	2012/052412.asp	37078f1927f45d4a03ab2e4be23871a4b579f555a6a0bbd4bace04c6a3aedf70	https://oui.doleta.gov/press/2012/052412.asp	succeeded	failed	not_run	not_run	ECONOMIC_EVENT_MANIFEST_LOAD_FAILED,agency=dol-eta,error=dol_eta_release_timezone_contradiction
dol-eta	2012/053112.asp	26085e5a4c183d4ec2cf72c5cfebb067fa8eec92726098c04cd73d25401cde80	https://oui.doleta.gov/press/2012/053112.asp	succeeded	failed	not_run	not_run	ECONOMIC_EVENT_MANIFEST_LOAD_FAILED,agency=dol-eta,error=dol_eta_release_timezone_contradiction
dol-eta	2012/060712.asp	9763ba8b9f4646d7e00478e2a86b93fbe10f352ad32e4fe16a4c587f2ac5a152	https://oui.doleta.gov/press/2012/060712.asp	succeeded	failed	not_run	not_run	ECONOMIC_EVENT_MANIFEST_LOAD_FAILED,agency=dol-eta,error=dol_eta_release_timezone_contradiction
dol-eta	2012/061412.asp	b4b881771e89e07c3bf73c36bbe65c0e7bc308c8b84ebf001ae7f04bbab97775	https://oui.doleta.gov/press/2012/061412.asp	succeeded	failed	not_run	not_run	ECONOMIC_EVENT_MANIFEST_LOAD_FAILED,agency=dol-eta,error=dol_eta_release_timezone_contradiction
dol-eta	2012/062112.asp	dd9be9eba7befd2e51c766d6a18a2fe01b6fa58bbd89d8aaa1cb0acf8a2a1b28	https://oui.doleta.gov/press/2012/062112.asp	succeeded	failed	not_run	not_run	ECONOMIC_EVENT_MANIFEST_LOAD_FAILED,agency=dol-eta,error=dol_eta_release_timezone_contradiction
dol-eta	2012/062812.asp	0280ed45b6996b3161faf0e07bedbbf3a551d9c3556998e91c46667ae9d40ccf	https://oui.doleta.gov/press/2012/062812.asp	succeeded	failed	not_run	not_run	ECONOMIC_EVENT_MANIFEST_LOAD_FAILED,agency=dol-eta,error=dol_eta_release_timezone_contradiction
dol-eta	2012/070512.asp	a871b72c8cad16e4ada4bcf3be6fb793202e93cec0e6d7fef1ef9530ee121f05	https://oui.doleta.gov/press/2012/070512.asp	succeeded	failed	not_run	not_run	ECONOMIC_EVENT_MANIFEST_LOAD_FAILED,agency=dol-eta,error=dol_eta_release_timezone_contradiction
dol-eta	2012/071212.asp	23c512dbe4f73fad199d5d99859da012e0d4992f943b90b836bc0fc6bc7a0578	https://oui.doleta.gov/press/2012/071212.asp	succeeded	failed	not_run	not_run	ECONOMIC_EVENT_MANIFEST_LOAD_FAILED,agency=dol-eta,error=dol_eta_release_timezone_contradiction
dol-eta	2012/071912.asp	7a3bb266dcf24bb48d2b595fcb0c0b5847ec4bd9e2aee357ff38d76cb6decad5	https://oui.doleta.gov/press/2012/071912.asp	succeeded	failed	not_run	not_run	ECONOMIC_EVENT_MANIFEST_LOAD_FAILED,agency=dol-eta,error=dol_eta_release_timezone_contradiction
dol-eta	2012/072612.asp	7f91fe7b70deb5d71d936311037bf3d5f97aa989cd309427b4564f53de8d5f90	https://oui.doleta.gov/press/2012/072612.asp	succeeded	failed	not_run	not_run	ECONOMIC_EVENT_MANIFEST_LOAD_FAILED,agency=dol-eta,error=dol_eta_release_timezone_contradiction
dol-eta	2012/080113.asp	1a00fe72ebc09995b484f00b9e9e1f7d4bff7a1f9fedc95677cd0f34482b4722	https://oui.doleta.gov/press/2012/080113.asp	succeeded	parsed	validated	duplicate_evidence	economic_event_duplicate_authoritative_artifact_alias
dol-eta	2012/080212.asp	696cdabd0d93a043b0feab91f18d44edaaf19ec60c3921ee975812c51dc9a983	https://oui.doleta.gov/press/2012/080212.asp	succeeded	failed	not_run	not_run	ECONOMIC_EVENT_MANIFEST_LOAD_FAILED,agency=dol-eta,error=dol_eta_release_timezone_contradiction
dol-eta	2012/080912.asp	23d136ff07dca421569195d5d7d658e4d6099f32c58046d34f08840878473195	https://oui.doleta.gov/press/2012/080912.asp	succeeded	failed	not_run	not_run	ECONOMIC_EVENT_MANIFEST_LOAD_FAILED,agency=dol-eta,error=dol_eta_release_timezone_contradiction
dol-eta	2012/081612.asp	604a40435145a6f343dd1a4b3cd83038c7dbd9726760f61b9114a4d67a6b88f0	https://oui.doleta.gov/press/2012/081612.asp	succeeded	failed	not_run	not_run	ECONOMIC_EVENT_MANIFEST_LOAD_FAILED,agency=dol-eta,error=dol_eta_release_timezone_contradiction
dol-eta	2012/082312.asp	9030a9b6b77af42176596d626572558732a5b48f4d1ddd88fff6f359e6444bfc	https://oui.doleta.gov/press/2012/082312.asp	succeeded	failed	not_run	not_run	ECONOMIC_EVENT_MANIFEST_LOAD_FAILED,agency=dol-eta,error=dol_eta_release_timezone_contradiction
dol-eta	2012/083012.asp	15c73f5f786303d65ea1a612ba72b2b9b9bf70322b0a9b1d6f15964f8a6b2b3d	https://oui.doleta.gov/press/2012/083012.asp	succeeded	failed	not_run	not_run	ECONOMIC_EVENT_MANIFEST_LOAD_FAILED,agency=dol-eta,error=dol_eta_release_timezone_contradiction
dol-eta	2012/090612.asp	e4fdbff7a5d4ff9fbdf7e5cc1887720e6ba3263ceb1930192675f34bce4d27b2	https://oui.doleta.gov/press/2012/090612.asp	succeeded	failed	not_run	not_run	ECONOMIC_EVENT_MANIFEST_LOAD_FAILED,agency=dol-eta,error=dol_eta_release_timezone_contradiction
dol-eta	2012/091312.asp	8b0a9ed607e4089c28ffd6f7eb65e0c3df0f02064abed167872750b979d849b2	https://oui.doleta.gov/press/2012/091312.asp	succeeded	failed	not_run	not_run	ECONOMIC_EVENT_MANIFEST_LOAD_FAILED,agency=dol-eta,error=dol_eta_release_timezone_contradiction
dol-eta	2014/031514.txt	d47f5a0e6a7ff6512a099115149a1f9afc39f98453c595454cf92f7cd7c0a14c	https://oui.doleta.gov/press/2014/031514.pdf	succeeded	failed	not_run	not_run	ECONOMIC_EVENT_MANIFEST_LOAD_FAILED,agency=dol-eta,error=dol_eta_weekly_claims_title_missing
federal-reserve	beige-book/beigebook-20100414.txt	c7fb40be200c79a416e6d4561bb3ea0c716a446b9fb66bfc2a3e8096220299f9	https://www.federalreserve.gov/fomc/beigebook/2010/20100414/fullreport20100414.pdf	succeeded	failed	not_run	not_run	ECONOMIC_EVENT_MANIFEST_LOAD_FAILED,agency=federal-reserve,error=federal_reserve_release_timezone_contradiction
federal-reserve	beige-book/beigebook-20100609.txt	a7f43579f740606f613aa484b9b136681c844120a75dcde1431e954597f83f2d	https://www.federalreserve.gov/fomc/beigebook/2010/20100609/fullreport20100609.pdf	succeeded	failed	not_run	not_run	ECONOMIC_EVENT_MANIFEST_LOAD_FAILED,agency=federal-reserve,error=federal_reserve_release_timezone_contradiction
federal-reserve	beige-book/beigebook-20110608.txt	c6c344d06a8c71cbb22317644d19f215659aeefb03f974bc859fd1a5779237e8	https://www.federalreserve.gov/monetarypolicy/beigebook/files/fullreport20110608.pdf	succeeded	failed	not_run	not_run	ECONOMIC_EVENT_MANIFEST_LOAD_FAILED,agency=federal-reserve,error=federal_reserve_release_timezone_contradiction
federal-reserve	beige-book/beigebook-20190116.txt	e1af054c99cc3fd33008e993097e42abb80ef301b1f8f5cfdd2b643d9308b1f9	https://www.federalreserve.gov/monetarypolicy/files/BeigeBook_20190116.pdf	succeeded	failed	not_run	not_run	ECONOMIC_EVENT_MANIFEST_LOAD_FAILED,agency=federal-reserve,error=federal_reserve_release_timezone_contradiction
federal-reserve	beige-book/beigebook-20200304.txt	d0b7db4230d454eabe4218c459e3c0c992866f0c3b20b972eac08008bf83b31e	https://www.federalreserve.gov/monetarypolicy/files/BeigeBook_20200304.pdf	succeeded	failed	not_run	not_run	ECONOMIC_EVENT_MANIFEST_LOAD_FAILED,agency=federal-reserve,error=federal_reserve_release_timezone_contradiction
federal-reserve	beige-book/beigebook-20210113.txt	28a6cb9a2cf7f04c069fa77432823838c4fae7feff365540633c3f6de6bea7a2	https://www.federalreserve.gov/monetarypolicy/files/BeigeBook_20210113.pdf	succeeded	failed	not_run	not_run	ECONOMIC_EVENT_MANIFEST_LOAD_FAILED,agency=federal-reserve,error=federal_reserve_release_timezone_contradiction
federal-reserve	beige-book/beigebook-20210303.txt	33c728046a41d20af705e9bcdbf8924d1dd9cf78dac6ae7294f894a13dbd92b5	https://www.federalreserve.gov/monetarypolicy/files/BeigeBook_20210303.pdf	succeeded	failed	not_run	not_run	ECONOMIC_EVENT_MANIFEST_LOAD_FAILED,agency=federal-reserve,error=federal_reserve_release_timezone_contradiction
federal-reserve	beige-book/beigebook-20221019.txt	035670fb96d31def43f73979828e5461039b65eb59b86c5ad78334be7c1d6816	https://www.federalreserve.gov/monetarypolicy/files/BeigeBook_20221019.pdf	succeeded	failed	not_run	not_run	ECONOMIC_EVENT_MANIFEST_LOAD_FAILED,agency=federal-reserve,error=federal_reserve_release_timezone_contradiction
federal-reserve	beige-book/beigebook-20230419.txt	e7d885b37b97a912a786f284ca76278106d88d6649f64d575cf6d9b21d3a326a	https://www.federalreserve.gov/monetarypolicy/files/BeigeBook_20230419.pdf	succeeded	failed	not_run	not_run	ECONOMIC_EVENT_MANIFEST_LOAD_FAILED,agency=federal-reserve,error=federal_reserve_release_timezone_contradiction
