event_family,oanda_report_id,oanda_event,observed_rows,distinct_dates,first_date,last_date,forecast_rows,previous_rows,actual_rows,distinct_event_ids,sample_dates
DURABLE_GOODS,59,Durable Goods Orders - pre..,181,181,2011-07-27,2026-07-27,181,177,178,181,2011-07-27 14:30 | 2011-08-24 14:30 | 2011-09-28 14:30 | 2011-10-26 14:30 | 2011-11-23 14:30
DURABLE_GOODS,60,Durable Goods Orders Ex-Transport - pre..,181,181,2011-07-27,2026-07-27,178,178,177,181,2011-07-27 14:30 | 2011-08-24 14:30 | 2011-09-28 14:30 | 2011-10-26 14:30 | 2011-11-23 14:30
DURABLE_GOODS,59,Durable Goods Orders - fin..,118,118,2011-08-03,2026-08-04,116,118,115,118,2011-08-03 16:00 | 2011-11-03 15:00 | 2012-02-03 16:00 | 2012-08-02 16:00 | 2012-08-31 16:00
DURABLE_GOODS,60,Durable Goods Orders Ex-Transport - fin..,118,118,2011-08-03,2026-08-04,115,116,116,118,2011-08-03 16:00 | 2011-11-03 15:00 | 2012-02-03 16:00 | 2012-08-02 16:00 | 2012-08-31 16:00
EMPLOYMENT,708,Average Hourly Earnings,181,180,2011-08-05,2026-08-07,179,174,175,181,2011-08-05 14:30 | 2011-09-02 14:30 | 2011-10-07 14:30 | 2011-11-04 13:30 | 2011-12-02 14:30
EMPLOYMENT,707,Non-Farm Employment Change,181,180,2011-08-05,2026-08-07,180,180,180,181,2011-08-05 14:30 | 2011-09-02 14:30 | 2011-10-07 14:30 | 2011-11-04 13:30 | 2011-12-02 14:30
EMPLOYMENT,710,Private Payrolls,181,180,2011-08-05,2026-08-07,180,181,181,181,2011-08-05 14:30 | 2011-09-02 14:30 | 2011-10-07 14:30 | 2011-11-04 13:30 | 2011-12-02 14:30
EMPLOYMENT,706,Unemployment Rate,180,180,2011-08-05,2026-08-07,180,180,180,180,2011-08-05 14:30 | 2011-09-02 14:30 | 2011-10-07 14:30 | 2011-11-04 13:30 | 2011-12-02 14:30
EMPLOYMENT,1135,Average Hourly Earnings,115,114,2017-02-03,2026-08-07,105,115,115,115,2017-02-03 14:30 | 2017-03-10 14:30 | 2017-04-07 14:30 | 2017-05-05 14:30 | 2017-06-02 14:30
EMPLOYMENT,75,Non-Farm Productivity - pre..,53,53,2011-08-09,2026-08-06,53,53,53,53,2011-08-09 14:30 | 2011-11-03 13:30 | 2012-02-02 14:30 | 2012-05-03 14:30 | 2012-08-08 14:30
EMPLOYMENT,75,Non-Farm Productivity - fin..,42,42,2011-09-01,2026-06-04,41,42,42,42,2011-09-01 14:30 | 2013-03-07 14:30 | 2013-09-05 14:30 | 2013-12-16 14:30 | 2014-03-06 14:30
FOMC,1142,FOMC Member Bostic Speaks,167,157,2017-09-26,2026-02-20,0,0,0,167,2017-09-26 18:30 | 2017-10-06 15:00 | 2017-11-02 23:15 | 2017-11-14 19:05 | 2018-01-08 18:40
FOMC,1186,FOMC Member Williams Speaks,157,146,2018-07-11,2026-07-15,0,0,0,157,2018-07-11 22:30 | 2018-09-06 16:00 | 2018-09-28 22:45 | 2018-10-10 03:15 | 2018-10-10 04:35
FOMC,915,FOMC Member Bullard Speaks,148,146,2013-02-13,2023-07-11,0,0,0,148,2013-02-13 17:10 | 2013-02-14 18:50 | 2013-02-21 18:30 | 2013-04-11 14:30 | 2013-04-17 15:30
FOMC,914,FOMC Member Evans Speaks,130,121,2013-02-28,2022-12-02,0,0,0,130,2013-02-28 02:00 | 2013-03-01 02:00 | 2013-03-27 16:00 | 2013-09-06 14:00 | 2013-09-27 11:45
FOMC,82,FOMC Interest Rate Decision,122,122,2011-08-09,2026-07-29,120,122,122,122,2011-08-09 20:18 | 2011-09-21 20:22 | 2011-11-02 17:30 | 2011-12-13 20:13 | 2012-01-25 18:27
FOMC,945,FOMC Member Mester Speaks,112,107,2014-05-30,2024-05-16,0,0,0,112,2014-05-30 18:30 | 2014-09-04 18:30 | 2014-09-24 18:15 | 2014-11-07 01:05 | 2014-11-20 19:30
FOMC,999,FOMC Member Kaplan Speaks,99,90,2015-11-18,2021-09-09,0,0,0,99,2015-11-18 18:00 | 2016-01-12 01:50 | 2016-02-24 19:15 | 2016-03-29 22:00 | 2016-04-29 12:30
FOMC,1012,FOMC Member Kashkari Speaks,99,99,2016-05-05,2026-06-26,0,0,0,99,2016-05-05 00:30 | 2016-05-09 19:00 | 2016-05-17 01:00 | 2016-05-25 16:40 | 2016-07-12 23:30
FOMC,997,FOMC Member Harker Speaks,98,95,2015-11-05,2025-06-05,0,0,0,98,2015-11-05 14:30 | 2015-12-04 16:15 | 2016-02-16 15:00 | 2016-03-23 00:00 | 2016-03-23 22:30
FOMC,1175,FOMC Member Barkin Speaks,94,90,2018-05-07,2026-08-13,0,0,0,94,2018-05-07 20:00 | 2018-05-25 02:00 | 2018-08-08 14:30 | 2018-09-28 14:30 | 2019-01-04 19:30
FOMC,462,FOMC Press Conference,92,92,2011-11-02,2026-07-29,0,0,0,92,2011-11-02 19:15 | 2012-01-25 20:15 | 2012-04-25 20:15 | 2012-06-20 20:15 | 2012-09-13 20:15
FOMC,81,FOMC Minutes,80,80,2011-07-12,2026-04-08,0,0,0,80,2011-07-12 20:00 | 2011-08-30 20:00 | 2011-10-12 20:00 | 2011-11-22 20:00 | 2012-02-15 20:00
FOMC,1257,FOMC Member Bowman Speaks,79,77,2020-01-16,2026-08-08,0,0,0,79,2020-01-16 16:00 | 2020-02-10 14:15 | 2020-09-30 19:40 | 2020-10-01 21:00 | 2020-12-04 16:00
FOMC,1202,FOMC Member Daly Speaks,73,71,2018-11-13,2026-08-06,0,0,0,73,2018-11-13 23:00 | 2019-01-05 18:30 | 2019-02-21 02:00 | 2019-05-04 01:45 | 2019-05-24 19:00
FOMC,919,FOMC Member Williams Speaks,64,64,2013-02-21,2023-07-05,0,0,0,64,2013-02-21 19:00 | 2013-05-16 21:05 | 2013-06-28 21:30 | 2013-07-13 01:15 | 2013-07-16 23:15
FOMC,463,Economic Projections of FOMC,60,60,2011-11-02,2026-06-17,0,0,0,60,2011-11-02 19:00 | 2012-01-25 20:00 | 2012-04-25 20:00 | 2012-06-20 20:00 | 2012-09-13 20:00
FOMC,917,FOMC Member George Speaks,54,54,2013-02-12,2023-01-18,0,0,0,54,2013-02-12 17:30 | 2013-04-04 18:30 | 2013-07-16 20:15 | 2013-09-06 19:30 | 2013-09-24 19:00
FOMC,1323,FOMC Member Waller Speaks,54,54,2021-05-13,2026-07-13,0,0,0,54,2021-05-13 19:00 | 2021-08-05 16:00 | 2021-11-17 18:40 | 2022-02-25 02:00 | 2022-03-24 14:10
FOMC,908,FOMC Member Rosengren Speaks,53,51,2013-02-22,2021-09-09,0,0,0,53,2013-02-22 | 2013-03-27 17:30 | 2013-04-12 14:45 | 2013-04-17 18:00 | 2013-05-16 13:45
FOMC,1353,FOMC Member Barr Speaks,52,47,2023-03-09,2026-07-14,0,0,0,52,2023-03-09 16:00 | 2023-03-29 16:00 | 2023-05-16 16:00 | 2023-07-18 16:00 | 2023-08-28 14:30
FOMC,909,FOMC Member Dudley Speaks,50,49,2013-03-25,2018-05-04,0,0,0,50,2013-03-25 17:30 | 2013-04-16 14:00 | 2013-09-27 20:00 | 2013-11-20 16:00 | 2014-03-06 14:15
FOMC,961,FOMC Member Brainard Speaks,49,48,2014-12-04,2023-01-19,0,0,0,49,2014-12-04 19:15 | 2016-10-07 22:00 | 2016-11-04 14:00 | 2016-11-17 18:30 | 2016-12-02 14:45
FOMC,1368,FOMC Member Goolsbee Speaks,49,48,2023-05-16,2026-07-14,0,0,0,49,2023-05-16 20:30 | 2023-05-17 01:00 | 2023-09-28 15:00 | 2023-10-04 16:30 | 2023-11-14 18:45
FOMC,913,FOMC Member Lockhart Speaks,45,42,2013-02-28,2017-02-14,0,0,0,45,2013-02-28 14:15 | 2013-04-10 14:20 | 2013-06-27 18:30 | 2013-08-13 18:45 | 2013-11-08 18:00
FOMC,1149,FOMC Member Quarles Speaks,40,37,2018-02-26,2021-12-02,0,0,0,40,2018-02-26 21:00 | 2018-03-27 00:10 | 2018-04-17 16:00 | 2018-05-04 20:30 | 2018-05-07 01:00
FOMC,907,FOMC Member Powell Speaks,35,35,2013-02-22,2026-06-01,0,0,0,35,2013-02-22 16:30 | 2013-06-27 16:30 | 2013-11-21 15:45 | 2014-03-13 15:00 | 2014-06-06 10:50
FOMC,1363,FOMC Member Cook Speaks,34,33,2023-02-16,2026-08-05,0,0,0,34,2023-02-16 22:00 | 2023-03-31 22:45 | 2023-04-03 20:15 | 2023-04-04 19:30 | 2023-05-05 19:00
FOMC,1358,FOMC Member Logan Speaks,33,33,2023-05-16,2026-07-16,0,0,0,33,2023-05-16 21:15 | 2023-07-06 14:45 | 2024-01-06 17:15 | 2024-03-01 16:15 | 2024-04-15 08:30
FOMC,1197,FOMC Member Clarida Speaks,31,29,2018-10-25,2021-11-08,0,0,0,31,2018-10-25 18:15 | 2018-11-27 14:30 | 2019-01-11 01:00 | 2019-02-22 18:00 | 2019-02-28 14:00
FOMC,912,FOMC Member Lacker Speaks,31,31,2013-02-12,2017-02-14,0,0,0,31,2013-02-12 01:30 | 2013-02-13 | 2013-04-09 15:30 | 2013-05-03 18:45 | 2013-05-17 01:15
FOMC,916,FOMC Member Kocherlakota Speaks,29,29,2013-03-27,2015-12-04,0,0,0,29,2013-03-27 18:00 | 2013-04-13 18:30 | 2013-04-16 | 2013-05-17 19:45 | 2013-06-26 07:55
FOMC,947,FOMC Member Fischer Speaks,27,26,2014-08-11,2017-09-28,0,0,0,27,2014-08-11 09:15 | 2014-12-05 20:45 | 2015-02-27 19:30 | 2015-03-23 17:20 | 2015-03-27 11:30
FOMC,910,FOMC Member Plosser Speaks,27,27,2013-02-12,2015-11-12,0,0,0,27,2013-02-12 02:00 | 2013-02-13 | 2013-04-11 12:00 | 2013-05-14 08:00 | 2013-05-16 09:45
FOMC,918,FOMC Member Fisher Speaks,25,25,2013-02-21,2016-03-29,0,0,0,25,2013-02-21 03:15 | 2013-02-27 22:30 | 2013-03-15 14:30 | 2013-04-10 23:00 | 2013-05-16 15:00
FOMC,1362,FOMC Member Jefferson Speaks,19,18,2023-02-24,2026-07-17,0,0,0,19,2023-02-24 16:15 | 2023-02-27 16:30 | 2023-05-09 14:30 | 2023-05-31 19:30 | 2023-11-14 11:30
FOMC,1386,FOMC Member Schmid Speaks,18,18,2024-02-27,2026-07-16,0,0,0,18,2024-02-27 01:40 | 2024-03-01 19:30 | 2024-10-03 16:00 | 2024-11-13 19:30 | 2025-01-09 19:30
FOMC,904,FOMC Member Tarullo Speaks,18,18,2013-02-14,2025-04-23,0,0,0,18,2013-02-14 16:30 | 2013-05-03 18:30 | 2013-07-11 17:00 | 2013-07-15 14:30 | 2013-11-22 18:15
FOMC,1357,FOMC Member Collins Speaks,14,14,2023-05-25,2026-05-13,0,0,0,14,2023-05-25 16:30 | 2023-05-31 14:50 | 2023-08-31 15:00 | 2024-02-28 18:15 | 2024-04-11 18:00
FOMC,911,FOMC Member Pianalto Speaks,13,13,2013-03-27,2014-05-30,0,0,0,13,2013-03-27 17:15 | 2013-04-08 14:30 | 2013-04-09 | 2013-05-31 14:45 | 2013-06-28 18:00
FOMC,906,FOMC Member Stein Speaks,8,8,2013-04-17,2014-04-16,0,0,0,8,2013-04-17 15:00 | 2013-05-08 14:30 | 2013-06-28 14:00 | 2013-07-17 18:00 | 2013-09-26 16:10
FOMC,905,FOMC Member Raskin Speaks,5,5,2013-02-28,2013-07-17,0,0,0,5,2013-02-28 18:30 | 2013-03-14 14:00 | 2013-05-16 18:30 | 2013-06-06 14:30 | 2013-07-17 19:00
FOMC,902,FOMC Member Yellen Speaks,4,4,2013-02-12,2016-05-27,0,0,0,4,2013-02-12 19:00 | 2013-04-04 23:00 | 2013-04-16 21:00 | 2016-05-27 19:15
FOMC,1338,FOMC Member Montgomery Speaks,1,1,2021-11-08,2021-11-08,0,0,0,1,2021-11-08 16:00
GDP,690,GDP (Annualized) - pre..,61,61,2011-07-29,2026-07-30,61,61,61,61,2011-07-29 14:30 | 2011-10-27 14:30 | 2012-01-27 14:30 | 2012-04-27 14:30 | 2012-07-27 14:30
GDP,691,GDP Price Deflator - pre..,61,61,2011-07-29,2026-07-30,60,61,61,61,2011-07-29 14:30 | 2011-10-27 14:30 | 2012-01-27 14:30 | 2012-04-27 14:30 | 2012-07-27 14:30
GDP,690,GDP (Annualized) - fin..,60,60,2011-09-29,2026-06-25,60,60,60,60,2011-09-29 14:30 | 2011-12-22 14:30 | 2012-03-29 14:30 | 2012-06-28 14:30 | 2012-09-27 14:30
GDP,691,GDP Price Deflator - fin..,60,60,2011-09-29,2026-06-25,60,60,60,60,2011-09-29 14:30 | 2011-12-22 14:30 | 2012-03-29 14:30 | 2012-06-28 14:30 | 2012-09-27 14:30
GDP,691,GDP Price Deflator - rev..,60,60,2011-08-26,2026-05-28,60,60,60,60,2011-08-26 14:30 | 2011-11-22 14:30 | 2012-02-29 14:30 | 2012-05-31 14:30 | 2012-08-29 14:30
GDP,690,GDP (Annualized) - rev..,59,59,2011-08-26,2026-05-28,59,59,59,59,2011-08-26 14:30 | 2011-11-22 14:30 | 2012-02-29 14:30 | 2012-05-31 14:30 | 2012-08-29 14:30
JOLTS,1371,JOLTS Job Openings,33,32,2023-12-05,2026-08-04,32,33,33,33,2023-12-05 16:00 | 2024-01-03 16:00 | 2024-01-30 16:00 | 2024-03-06 16:00 | 2024-04-02 16:00
PCE,695,PCE Core,181,179,2011-08-02,2026-07-30,179,174,174,181,2011-08-02 14:30 | 2011-08-29 14:30 | 2011-09-30 14:30 | 2011-10-28 14:30 | 2011-11-23 14:30
PCE,694,Personal Consumption Expenditures,181,179,2011-08-02,2026-07-30,179,176,177,181,2011-08-02 14:30 | 2011-08-29 14:30 | 2011-09-30 14:30 | 2011-10-28 14:30 | 2011-11-23 14:30
PCE,693,Personal Income,181,179,2011-08-02,2026-07-30,180,178,178,181,2011-08-02 14:30 | 2011-08-29 14:30 | 2011-09-30 14:30 | 2011-10-28 14:30 | 2011-11-23 14:30
PCE,1075,PCE,114,112,2017-03-01,2026-07-30,33,111,111,114,2017-03-01 14:30 | 2017-03-31 14:30 | 2017-05-01 14:30 | 2017-05-30 14:30 | 2017-06-30 14:30
PCE,1076,PCE,114,112,2017-03-01,2026-07-30,35,114,114,114,2017-03-01 14:30 | 2017-03-31 14:30 | 2017-05-01 14:30 | 2017-05-30 14:30 | 2017-06-30 14:30
PCE,1074,PCE Core,114,112,2017-03-01,2026-07-30,102,114,114,114,2017-03-01 14:30 | 2017-03-31 14:30 | 2017-05-01 14:30 | 2017-05-30 14:30 | 2017-06-30 14:30
PCE,692,PCE Core - pre..,61,61,2011-07-29,2026-07-30,61,61,61,61,2011-07-29 14:30 | 2011-10-27 14:30 | 2012-01-27 14:30 | 2012-04-27 14:30 | 2012-07-27 14:30
PCE,692,PCE Core - fin..,60,60,2011-09-29,2026-06-25,60,60,60,60,2011-09-29 14:30 | 2011-12-22 14:30 | 2012-03-29 14:30 | 2012-06-28 14:30 | 2012-09-27 14:30
PCE,692,PCE Core - rev..,59,59,2011-08-26,2026-05-28,59,59,59,59,2011-08-26 14:30 | 2011-11-22 14:30 | 2012-02-29 14:30 | 2012-05-31 14:30 | 2012-08-29 14:30
