event_family,official_event_timestamp_utc,official_release_date,official_source_agency,official_reference_period,reason
EMPLOYMENT,2010-01-08T07:30:00-06:00,2010-01-08,BLS,December 2009,no_pinned_oanda_candidate
JOLTS,2010-01-12T09:00:00-06:00,2010-01-12,BLS,November 2009,no_pinned_oanda_candidate
RETAIL_SALES,2010-01-14T07:30:00-06:00,2010-01-14,CENSUS,December 2009,no_pinned_oanda_candidate
CPI,2010-01-15T07:30:00-06:00,2010-01-15,BLS,December 2009,no_pinned_oanda_candidate
PPI,2010-01-20T07:30:00-06:00,2010-01-20,BLS,December 2009,no_pinned_oanda_candidate
FOMC,2010-01-27T13:15:00-06:00,2010-01-27,FEDERAL_RESERVE,FOMC 2010-01-27,no_pinned_oanda_candidate
DURABLE_GOODS,2010-01-28T07:30:00-06:00,2010-01-28,CENSUS,December 2009,no_pinned_oanda_candidate
GDP,2010-01-29T07:30:00-06:00,2010-01-29,BEA,Q4 2009 Advance,no_pinned_oanda_candidate
PCE,2010-02-01T07:30:00-06:00,2010-02-01,BEA,December 2009,no_pinned_oanda_candidate
EMPLOYMENT,2010-02-05T07:30:00-06:00,2010-02-05,BLS,January 2010,no_pinned_oanda_candidate
JOLTS,2010-02-09T09:00:00-06:00,2010-02-09,BLS,December 2009,no_pinned_oanda_candidate
RETAIL_SALES,2010-02-12T07:30:00-06:00,2010-02-12,CENSUS,January 2010,no_pinned_oanda_candidate
PPI,2010-02-18T07:30:00-06:00,2010-02-18,BLS,January 2010,no_pinned_oanda_candidate
CPI,2010-02-19T07:30:00-06:00,2010-02-19,BLS,January 2010,no_pinned_oanda_candidate
DURABLE_GOODS,2010-02-25T07:30:00-06:00,2010-02-25,CENSUS,January 2010,no_pinned_oanda_candidate
GDP,2010-02-26T07:30:00-06:00,2010-02-26,BEA,Q4 2009 Second,no_pinned_oanda_candidate
PCE,2010-03-01T07:30:00-06:00,2010-03-01,BEA,January 2010,no_pinned_oanda_candidate
EMPLOYMENT,2010-03-05T07:30:00-06:00,2010-03-05,BLS,February 2010,no_pinned_oanda_candidate
JOLTS,2010-03-09T09:00:00-06:00,2010-03-09,BLS,January 2010,no_pinned_oanda_candidate
RETAIL_SALES,2010-03-12T07:30:00-06:00,2010-03-12,CENSUS,February 2010,no_pinned_oanda_candidate
FOMC,2010-03-16T13:15:00-05:00,2010-03-16,FEDERAL_RESERVE,FOMC 2010-03-16,no_pinned_oanda_candidate
PPI,2010-03-17T07:30:00-05:00,2010-03-17,BLS,February 2010,no_pinned_oanda_candidate
CPI,2010-03-18T07:30:00-05:00,2010-03-18,BLS,February 2010,no_pinned_oanda_candidate
DURABLE_GOODS,2010-03-24T07:30:00-05:00,2010-03-24,CENSUS,February 2010,no_pinned_oanda_candidate
GDP,2010-03-26T07:30:00-05:00,2010-03-26,BEA,Q4 2009 Third,no_pinned_oanda_candidate
PCE,2010-03-29T07:30:00-05:00,2010-03-29,BEA,February 2010,no_pinned_oanda_candidate
EMPLOYMENT,2010-04-02T07:30:00-05:00,2010-04-02,BLS,March 2010,no_pinned_oanda_candidate
JOLTS,2010-04-06T09:00:00-05:00,2010-04-06,BLS,February 2010,no_pinned_oanda_candidate
CPI,2010-04-14T07:30:00-05:00,2010-04-14,BLS,March 2010,no_pinned_oanda_candidate
RETAIL_SALES,2010-04-14T07:30:00-05:00,2010-04-14,CENSUS,March 2010,no_pinned_oanda_candidate
PPI,2010-04-22T07:30:00-05:00,2010-04-22,BLS,March 2010,no_pinned_oanda_candidate
DURABLE_GOODS,2010-04-23T07:30:00-05:00,2010-04-23,CENSUS,March 2010,no_pinned_oanda_candidate
FOMC,2010-04-28T13:15:00-05:00,2010-04-28,FEDERAL_RESERVE,FOMC 2010-04-28,no_pinned_oanda_candidate
GDP,2010-04-30T07:30:00-05:00,2010-04-30,BEA,Q1 2010 Advance,no_pinned_oanda_candidate
PCE,2010-05-03T07:30:00-05:00,2010-05-03,BEA,March 2010,no_pinned_oanda_candidate
EMPLOYMENT,2010-05-07T07:30:00-05:00,2010-05-07,BLS,April 2010,no_pinned_oanda_candidate
FOMC,2010-05-09T20:15:00-05:00,2010-05-09,FEDERAL_RESERVE,FOMC 2010-05-09,no_pinned_oanda_candidate
JOLTS,2010-05-11T09:00:00-05:00,2010-05-11,BLS,March 2010,no_pinned_oanda_candidate
RETAIL_SALES,2010-05-14T07:30:00-05:00,2010-05-14,CENSUS,April 2010,no_pinned_oanda_candidate
PPI,2010-05-18T07:30:00-05:00,2010-05-18,BLS,April 2010,no_pinned_oanda_candidate
CPI,2010-05-19T07:30:00-05:00,2010-05-19,BLS,April 2010,no_pinned_oanda_candidate
DURABLE_GOODS,2010-05-26T07:30:00-05:00,2010-05-26,CENSUS,April 2010,no_pinned_oanda_candidate
GDP,2010-05-27T07:30:00-05:00,2010-05-27,BEA,Q1 2010 Second,no_pinned_oanda_candidate
PCE,2010-05-28T07:30:00-05:00,2010-05-28,BEA,April 2010,no_pinned_oanda_candidate
EMPLOYMENT,2010-06-04T07:30:00-05:00,2010-06-04,BLS,May 2010,no_pinned_oanda_candidate
JOLTS,2010-06-08T09:00:00-05:00,2010-06-08,BLS,April 2010,no_pinned_oanda_candidate
RETAIL_SALES,2010-06-11T07:30:00-05:00,2010-06-11,CENSUS,May 2010,no_pinned_oanda_candidate
PPI,2010-06-16T07:30:00-05:00,2010-06-16,BLS,May 2010,no_pinned_oanda_candidate
CPI,2010-06-17T07:30:00-05:00,2010-06-17,BLS,May 2010,no_pinned_oanda_candidate
FOMC,2010-06-23T13:15:00-05:00,2010-06-23,FEDERAL_RESERVE,FOMC 2010-06-23,no_pinned_oanda_candidate
DURABLE_GOODS,2010-06-24T07:30:00-05:00,2010-06-24,CENSUS,May 2010,no_pinned_oanda_candidate
GDP,2010-06-25T07:30:00-05:00,2010-06-25,BEA,Q1 2010 Third,no_pinned_oanda_candidate
PCE,2010-06-28T07:30:00-05:00,2010-06-28,BEA,May 2010,no_pinned_oanda_candidate
EMPLOYMENT,2010-07-02T07:30:00-05:00,2010-07-02,BLS,June 2010,no_pinned_oanda_candidate
JOLTS,2010-07-13T09:00:00-05:00,2010-07-13,BLS,May 2010,no_pinned_oanda_candidate
RETAIL_SALES,2010-07-14T07:30:00-05:00,2010-07-14,CENSUS,June 2010,no_pinned_oanda_candidate
PPI,2010-07-15T07:30:00-05:00,2010-07-15,BLS,June 2010,no_pinned_oanda_candidate
CPI,2010-07-16T07:30:00-05:00,2010-07-16,BLS,June 2010,no_pinned_oanda_candidate
DURABLE_GOODS,2010-07-28T07:30:00-05:00,2010-07-28,CENSUS,June 2010,no_pinned_oanda_candidate
GDP,2010-07-30T07:30:00-05:00,2010-07-30,BEA,Q2 2010 Advance,no_pinned_oanda_candidate
PCE,2010-08-03T07:30:00-05:00,2010-08-03,BEA,June 2010,no_pinned_oanda_candidate
EMPLOYMENT,2010-08-06T07:30:00-05:00,2010-08-06,BLS,July 2010,no_pinned_oanda_candidate
FOMC,2010-08-10T13:15:00-05:00,2010-08-10,FEDERAL_RESERVE,FOMC 2010-08-10,no_pinned_oanda_candidate
JOLTS,2010-08-11T09:00:00-05:00,2010-08-11,BLS,June 2010,no_pinned_oanda_candidate
CPI,2010-08-13T07:30:00-05:00,2010-08-13,BLS,July 2010,no_pinned_oanda_candidate
RETAIL_SALES,2010-08-13T07:30:00-05:00,2010-08-13,CENSUS,July 2010,no_pinned_oanda_candidate
PPI,2010-08-17T07:30:00-05:00,2010-08-17,BLS,July 2010,no_pinned_oanda_candidate
DURABLE_GOODS,2010-08-25T07:30:00-05:00,2010-08-25,CENSUS,July 2010,no_pinned_oanda_candidate
GDP,2010-08-27T07:30:00-05:00,2010-08-27,BEA,Q2 2010 Second,no_pinned_oanda_candidate
PCE,2010-08-30T07:30:00-05:00,2010-08-30,BEA,July 2010,no_pinned_oanda_candidate
EMPLOYMENT,2010-09-03T07:30:00-05:00,2010-09-03,BLS,August 2010,no_pinned_oanda_candidate
JOLTS,2010-09-08T09:00:00-05:00,2010-09-08,BLS,July 2010,no_pinned_oanda_candidate
RETAIL_SALES,2010-09-14T07:30:00-05:00,2010-09-14,CENSUS,August 2010,no_pinned_oanda_candidate
PPI,2010-09-16T07:30:00-05:00,2010-09-16,BLS,August 2010,no_pinned_oanda_candidate
CPI,2010-09-17T07:30:00-05:00,2010-09-17,BLS,August 2010,no_pinned_oanda_candidate
FOMC,2010-09-21T13:15:00-05:00,2010-09-21,FEDERAL_RESERVE,FOMC 2010-09-21,no_pinned_oanda_candidate
DURABLE_GOODS,2010-09-24T07:30:00-05:00,2010-09-24,CENSUS,August 2010,no_pinned_oanda_candidate
GDP,2010-09-30T07:30:00-05:00,2010-09-30,BEA,Q2 2010 Third,no_pinned_oanda_candidate
PCE,2010-10-01T07:30:00-05:00,2010-10-01,BEA,August 2010,no_pinned_oanda_candidate
JOLTS,2010-10-07T09:00:00-05:00,2010-10-07,BLS,August 2010,no_pinned_oanda_candidate
EMPLOYMENT,2010-10-08T07:30:00-05:00,2010-10-08,BLS,September 2010,no_pinned_oanda_candidate
PPI,2010-10-14T07:30:00-05:00,2010-10-14,BLS,September 2010,no_pinned_oanda_candidate
CPI,2010-10-15T07:30:00-05:00,2010-10-15,BLS,September 2010,no_pinned_oanda_candidate
RETAIL_SALES,2010-10-15T07:30:00-05:00,2010-10-15,CENSUS,September 2010,no_pinned_oanda_candidate
DURABLE_GOODS,2010-10-27T07:30:00-05:00,2010-10-27,CENSUS,September 2010,no_pinned_oanda_candidate
GDP,2010-10-29T07:30:00-05:00,2010-10-29,BEA,Q3 2010 Advance,no_pinned_oanda_candidate
PCE,2010-11-01T07:30:00-05:00,2010-11-01,BEA,September 2010,no_pinned_oanda_candidate
FOMC,2010-11-03T13:15:00-05:00,2010-11-03,FEDERAL_RESERVE,FOMC 2010-11-03,no_pinned_oanda_candidate
EMPLOYMENT,2010-11-05T07:30:00-05:00,2010-11-05,BLS,October 2010,no_pinned_oanda_candidate
JOLTS,2010-11-09T09:00:00-06:00,2010-11-09,BLS,September 2010,no_pinned_oanda_candidate
RETAIL_SALES,2010-11-15T07:30:00-06:00,2010-11-15,CENSUS,October 2010,no_pinned_oanda_candidate
PPI,2010-11-16T07:30:00-06:00,2010-11-16,BLS,October 2010,no_pinned_oanda_candidate
CPI,2010-11-17T07:30:00-06:00,2010-11-17,BLS,October 2010,no_pinned_oanda_candidate
GDP,2010-11-23T07:30:00-06:00,2010-11-23,BEA,Q3 2010 Second,no_pinned_oanda_candidate
DURABLE_GOODS,2010-11-24T07:30:00-06:00,2010-11-24,CENSUS,October 2010,no_pinned_oanda_candidate
PCE,2010-11-24T07:30:00-06:00,2010-11-24,BEA,October 2010,no_pinned_oanda_candidate
EMPLOYMENT,2010-12-03T07:30:00-06:00,2010-12-03,BLS,November 2010,no_pinned_oanda_candidate
JOLTS,2010-12-07T09:00:00-06:00,2010-12-07,BLS,October 2010,no_pinned_oanda_candidate
PPI,2010-12-14T07:30:00-06:00,2010-12-14,BLS,November 2010,no_pinned_oanda_candidate
RETAIL_SALES,2010-12-14T07:30:00-06:00,2010-12-14,CENSUS,November 2010,no_pinned_oanda_candidate
FOMC,2010-12-14T13:15:00-06:00,2010-12-14,FEDERAL_RESERVE,FOMC 2010-12-14,no_pinned_oanda_candidate
CPI,2010-12-15T07:30:00-06:00,2010-12-15,BLS,November 2010,no_pinned_oanda_candidate
GDP,2010-12-22T07:30:00-06:00,2010-12-22,BEA,Q3 2010 Third,no_pinned_oanda_candidate
DURABLE_GOODS,2010-12-23T07:30:00-06:00,2010-12-23,CENSUS,November 2010,no_pinned_oanda_candidate
PCE,2010-12-23T07:30:00-06:00,2010-12-23,BEA,November 2010,no_pinned_oanda_candidate
EMPLOYMENT,2011-01-07T07:30:00-06:00,2011-01-07,BLS,December 2010,no_pinned_oanda_candidate
JOLTS,2011-01-11T09:00:00-06:00,2011-01-11,BLS,November 2010,no_pinned_oanda_candidate
PPI,2011-01-13T07:30:00-06:00,2011-01-13,BLS,December 2010,no_pinned_oanda_candidate
CPI,2011-01-14T07:30:00-06:00,2011-01-14,BLS,December 2010,no_pinned_oanda_candidate
RETAIL_SALES,2011-01-14T07:30:00-06:00,2011-01-14,CENSUS,December 2010,no_pinned_oanda_candidate
FOMC,2011-01-26T13:15:00-06:00,2011-01-26,FEDERAL_RESERVE,FOMC 2011-01-26,no_pinned_oanda_candidate
DURABLE_GOODS,2011-01-27T07:30:00-06:00,2011-01-27,CENSUS,December 2010,no_pinned_oanda_candidate
GDP,2011-01-28T07:30:00-06:00,2011-01-28,BEA,Q4 2010 Advance,no_pinned_oanda_candidate
PCE,2011-01-31T07:30:00-06:00,2011-01-31,BEA,December 2010,no_pinned_oanda_candidate
EMPLOYMENT,2011-02-04T07:30:00-06:00,2011-02-04,BLS,January 2011,no_pinned_oanda_candidate
JOLTS,2011-02-08T09:00:00-06:00,2011-02-08,BLS,December 2010,no_pinned_oanda_candidate
RETAIL_SALES,2011-02-15T07:30:00-06:00,2011-02-15,CENSUS,January 2011,no_pinned_oanda_candidate
PPI,2011-02-16T07:30:00-06:00,2011-02-16,BLS,January 2011,no_pinned_oanda_candidate
CPI,2011-02-17T07:30:00-06:00,2011-02-17,BLS,January 2011,no_pinned_oanda_candidate
DURABLE_GOODS,2011-02-24T07:30:00-06:00,2011-02-24,CENSUS,January 2011,no_pinned_oanda_candidate
GDP,2011-02-25T07:30:00-06:00,2011-02-25,BEA,Q4 2010 Second,no_pinned_oanda_candidate
PCE,2011-02-28T07:30:00-06:00,2011-02-28,BEA,January 2011,no_pinned_oanda_candidate
EMPLOYMENT,2011-03-04T07:30:00-06:00,2011-03-04,BLS,February 2011,no_pinned_oanda_candidate
RETAIL_SALES,2011-03-11T07:30:00-06:00,2011-03-11,CENSUS,February 2011,no_pinned_oanda_candidate
JOLTS,2011-03-11T09:00:00-06:00,2011-03-11,BLS,January 2011,no_pinned_oanda_candidate
FOMC,2011-03-15T13:15:00-05:00,2011-03-15,FEDERAL_RESERVE,FOMC 2011-03-15,no_pinned_oanda_candidate
PPI,2011-03-16T07:30:00-05:00,2011-03-16,BLS,February 2011,no_pinned_oanda_candidate
CPI,2011-03-17T07:30:00-05:00,2011-03-17,BLS,February 2011,no_pinned_oanda_candidate
DURABLE_GOODS,2011-03-24T07:30:00-05:00,2011-03-24,CENSUS,February 2011,no_pinned_oanda_candidate
GDP,2011-03-25T07:30:00-05:00,2011-03-25,BEA,Q4 2010 Third,no_pinned_oanda_candidate
PCE,2011-03-28T07:30:00-05:00,2011-03-28,BEA,February 2011,no_pinned_oanda_candidate
EMPLOYMENT,2011-04-01T07:30:00-05:00,2011-04-01,BLS,March 2011,no_pinned_oanda_candidate
RETAIL_SALES,2011-04-13T07:30:00-05:00,2011-04-13,CENSUS,March 2011,no_pinned_oanda_candidate
JOLTS,2011-04-13T09:00:00-05:00,2011-04-13,BLS,February 2011,no_pinned_oanda_candidate
PPI,2011-04-14T07:30:00-05:00,2011-04-14,BLS,March 2011,no_pinned_oanda_candidate
CPI,2011-04-15T07:30:00-05:00,2011-04-15,BLS,March 2011,no_pinned_oanda_candidate
DURABLE_GOODS,2011-04-27T07:30:00-05:00,2011-04-27,CENSUS,March 2011,no_pinned_oanda_candidate
FOMC,2011-04-27T11:30:00-05:00,2011-04-27,FEDERAL_RESERVE,FOMC 2011-04-27,no_pinned_oanda_candidate
GDP,2011-04-28T07:30:00-05:00,2011-04-28,BEA,Q1 2011 Advance,no_pinned_oanda_candidate
PCE,2011-04-29T07:30:00-05:00,2011-04-29,BEA,March 2011,no_pinned_oanda_candidate
EMPLOYMENT,2011-05-06T07:30:00-05:00,2011-05-06,BLS,April 2011,no_pinned_oanda_candidate
JOLTS,2011-05-11T09:00:00-05:00,2011-05-11,BLS,March 2011,no_pinned_oanda_candidate
PPI,2011-05-12T07:30:00-05:00,2011-05-12,BLS,April 2011,no_pinned_oanda_candidate
RETAIL_SALES,2011-05-12T07:30:00-05:00,2011-05-12,CENSUS,April 2011,no_pinned_oanda_candidate
CPI,2011-05-13T07:30:00-05:00,2011-05-13,BLS,April 2011,no_pinned_oanda_candidate
DURABLE_GOODS,2011-05-25T07:30:00-05:00,2011-05-25,CENSUS,April 2011,no_pinned_oanda_candidate
GDP,2011-05-26T07:30:00-05:00,2011-05-26,BEA,Q1 2011 Second,no_pinned_oanda_candidate
PCE,2011-05-27T07:30:00-05:00,2011-05-27,BEA,April 2011,no_pinned_oanda_candidate
EMPLOYMENT,2011-06-03T07:30:00-05:00,2011-06-03,BLS,May 2011,no_pinned_oanda_candidate
JOLTS,2011-06-07T09:00:00-05:00,2011-06-07,BLS,April 2011,no_pinned_oanda_candidate
PPI,2011-06-14T07:30:00-05:00,2011-06-14,BLS,May 2011,no_pinned_oanda_candidate
RETAIL_SALES,2011-06-14T07:30:00-05:00,2011-06-14,CENSUS,May 2011,no_pinned_oanda_candidate
CPI,2011-06-15T07:30:00-05:00,2011-06-15,BLS,May 2011,no_pinned_oanda_candidate
FOMC,2011-06-22T11:30:00-05:00,2011-06-22,FEDERAL_RESERVE,FOMC 2011-06-22,no_pinned_oanda_candidate
DURABLE_GOODS,2011-06-24T07:30:00-05:00,2011-06-24,CENSUS,May 2011,no_pinned_oanda_candidate
GDP,2011-06-24T07:30:00-05:00,2011-06-24,BEA,Q1 2011 Third,no_pinned_oanda_candidate
PCE,2011-06-27T07:30:00-05:00,2011-06-27,BEA,May 2011,no_pinned_oanda_candidate
EMPLOYMENT,2011-07-08T07:30:00-05:00,2011-07-08,BLS,June 2011,no_pinned_oanda_candidate
JOLTS,2011-07-12T09:00:00-05:00,2011-07-12,BLS,May 2011,no_pinned_oanda_candidate
JOLTS,2011-08-10T09:00:00-05:00,2011-08-10,BLS,June 2011,no_pinned_oanda_candidate
JOLTS,2011-09-07T09:00:00-05:00,2011-09-07,BLS,July 2011,no_pinned_oanda_candidate
JOLTS,2011-10-12T09:00:00-05:00,2011-10-12,BLS,August 2011,no_pinned_oanda_candidate
JOLTS,2011-11-08T09:00:00-06:00,2011-11-08,BLS,September 2011,no_pinned_oanda_candidate
JOLTS,2011-12-13T09:00:00-06:00,2011-12-13,BLS,October 2011,no_pinned_oanda_candidate
JOLTS,2012-01-10T09:00:00-06:00,2012-01-10,BLS,November 2011,no_pinned_oanda_candidate
JOLTS,2012-02-07T09:00:00-06:00,2012-02-07,BLS,December 2011,no_pinned_oanda_candidate
JOLTS,2012-03-13T09:00:00-05:00,2012-03-13,BLS,January 2012,no_pinned_oanda_candidate
JOLTS,2012-04-10T09:00:00-05:00,2012-04-10,BLS,February 2012,no_pinned_oanda_candidate
JOLTS,2012-05-08T09:00:00-05:00,2012-05-08,BLS,March 2012,no_pinned_oanda_candidate
JOLTS,2012-06-19T09:00:00-05:00,2012-06-19,BLS,April 2012,no_pinned_oanda_candidate
JOLTS,2012-07-10T09:00:00-05:00,2012-07-10,BLS,May 2012,no_pinned_oanda_candidate
JOLTS,2012-08-07T09:00:00-05:00,2012-08-07,BLS,June 2012,no_pinned_oanda_candidate
JOLTS,2012-09-11T09:00:00-05:00,2012-09-11,BLS,July 2012,no_pinned_oanda_candidate
JOLTS,2012-10-10T09:00:00-05:00,2012-10-10,BLS,August 2012,no_pinned_oanda_candidate
JOLTS,2012-11-06T09:00:00-06:00,2012-11-06,BLS,September 2012,no_pinned_oanda_candidate
JOLTS,2012-12-11T09:00:00-06:00,2012-12-11,BLS,October 2012,no_pinned_oanda_candidate
JOLTS,2013-01-10T09:00:00-06:00,2013-01-10,BLS,November 2012,no_pinned_oanda_candidate
JOLTS,2013-02-12T09:00:00-06:00,2013-02-12,BLS,December 2012,no_pinned_oanda_candidate
JOLTS,2013-03-12T09:00:00-05:00,2013-03-12,BLS,January 2013,no_pinned_oanda_candidate
JOLTS,2013-04-09T09:00:00-05:00,2013-04-09,BLS,February 2013,no_pinned_oanda_candidate
JOLTS,2013-05-07T09:00:00-05:00,2013-05-07,BLS,March 2013,no_pinned_oanda_candidate
JOLTS,2013-06-11T09:00:00-05:00,2013-06-11,BLS,April 2013,no_pinned_oanda_candidate
JOLTS,2013-07-09T09:00:00-05:00,2013-07-09,BLS,May 2013,no_pinned_oanda_candidate
JOLTS,2013-08-06T09:00:00-05:00,2013-08-06,BLS,June 2013,no_pinned_oanda_candidate
JOLTS,2013-09-10T09:00:00-05:00,2013-09-10,BLS,July 2013,no_pinned_oanda_candidate
JOLTS,2013-10-24T09:00:00-05:00,2013-10-24,BLS,August 2013,no_pinned_oanda_candidate
JOLTS,2013-11-22T09:00:00-06:00,2013-11-22,BLS,September 2013,no_pinned_oanda_candidate
JOLTS,2013-12-10T09:00:00-06:00,2013-12-10,BLS,October 2013,no_pinned_oanda_candidate
JOLTS,2014-01-17T09:00:00-06:00,2014-01-17,BLS,November 2013,no_pinned_oanda_candidate
JOLTS,2014-02-11T09:00:00-06:00,2014-02-11,BLS,December 2013,no_pinned_oanda_candidate
JOLTS,2014-03-11T09:00:00-05:00,2014-03-11,BLS,January 2014,no_pinned_oanda_candidate
JOLTS,2014-04-08T09:00:00-05:00,2014-04-08,BLS,February 2014,no_pinned_oanda_candidate
JOLTS,2014-05-09T09:00:00-05:00,2014-05-09,BLS,March 2014,no_pinned_oanda_candidate
JOLTS,2014-06-10T09:00:00-05:00,2014-06-10,BLS,April 2014,no_pinned_oanda_candidate
JOLTS,2014-07-08T09:00:00-05:00,2014-07-08,BLS,May 2014,no_pinned_oanda_candidate
JOLTS,2014-08-12T09:00:00-05:00,2014-08-12,BLS,June 2014,no_pinned_oanda_candidate
JOLTS,2014-09-09T09:00:00-05:00,2014-09-09,BLS,July 2014,no_pinned_oanda_candidate
JOLTS,2014-10-07T09:00:00-05:00,2014-10-07,BLS,August 2014,no_pinned_oanda_candidate
JOLTS,2014-11-13T09:00:00-06:00,2014-11-13,BLS,September 2014,no_pinned_oanda_candidate
JOLTS,2014-12-09T09:00:00-06:00,2014-12-09,BLS,October 2014,no_pinned_oanda_candidate
JOLTS,2015-01-13T09:00:00-06:00,2015-01-13,BLS,November 2014,no_pinned_oanda_candidate
JOLTS,2015-02-10T09:00:00-06:00,2015-02-10,BLS,December 2014,no_pinned_oanda_candidate
JOLTS,2015-03-10T09:00:00-05:00,2015-03-10,BLS,January 2015,no_pinned_oanda_candidate
JOLTS,2015-04-07T09:00:00-05:00,2015-04-07,BLS,February 2015,no_pinned_oanda_candidate
JOLTS,2015-05-12T09:00:00-05:00,2015-05-12,BLS,March 2015,no_pinned_oanda_candidate
JOLTS,2015-06-09T09:00:00-05:00,2015-06-09,BLS,April 2015,no_pinned_oanda_candidate
JOLTS,2015-07-07T09:00:00-05:00,2015-07-07,BLS,May 2015,no_pinned_oanda_candidate
JOLTS,2015-08-12T09:00:00-05:00,2015-08-12,BLS,June 2015,no_pinned_oanda_candidate
JOLTS,2015-09-09T09:00:00-05:00,2015-09-09,BLS,July 2015,no_pinned_oanda_candidate
JOLTS,2015-10-16T09:00:00-05:00,2015-10-16,BLS,August 2015,no_pinned_oanda_candidate
JOLTS,2015-11-12T09:00:00-06:00,2015-11-12,BLS,September 2015,no_pinned_oanda_candidate
JOLTS,2015-12-08T09:00:00-06:00,2015-12-08,BLS,October 2015,no_pinned_oanda_candidate
JOLTS,2016-01-12T09:00:00-06:00,2016-01-12,BLS,November 2015,no_pinned_oanda_candidate
JOLTS,2016-02-09T09:00:00-06:00,2016-02-09,BLS,December 2015,no_pinned_oanda_candidate
JOLTS,2016-03-17T09:00:00-05:00,2016-03-17,BLS,January 2016,no_pinned_oanda_candidate
JOLTS,2016-04-05T09:00:00-05:00,2016-04-05,BLS,February 2016,no_pinned_oanda_candidate
JOLTS,2016-05-10T09:00:00-05:00,2016-05-10,BLS,March 2016,no_pinned_oanda_candidate
JOLTS,2016-06-08T09:00:00-05:00,2016-06-08,BLS,April 2016,no_pinned_oanda_candidate
JOLTS,2016-07-12T09:00:00-05:00,2016-07-12,BLS,May 2016,no_pinned_oanda_candidate
JOLTS,2016-08-10T09:00:00-05:00,2016-08-10,BLS,June 2016,no_pinned_oanda_candidate
JOLTS,2016-09-07T09:00:00-05:00,2016-09-07,BLS,July 2016,no_pinned_oanda_candidate
JOLTS,2016-10-12T09:00:00-05:00,2016-10-12,BLS,August 2016,no_pinned_oanda_candidate
JOLTS,2016-11-08T09:00:00-06:00,2016-11-08,BLS,September 2016,no_pinned_oanda_candidate
JOLTS,2016-12-07T09:00:00-06:00,2016-12-07,BLS,October 2016,no_pinned_oanda_candidate
JOLTS,2017-01-10T09:00:00-06:00,2017-01-10,BLS,November 2016,no_pinned_oanda_candidate
JOLTS,2017-02-07T09:00:00-06:00,2017-02-07,BLS,December 2016,no_pinned_oanda_candidate
JOLTS,2017-03-16T09:00:00-05:00,2017-03-16,BLS,January 2017,no_pinned_oanda_candidate
JOLTS,2017-04-11T09:00:00-05:00,2017-04-11,BLS,February 2017,no_pinned_oanda_candidate
JOLTS,2017-05-09T09:00:00-05:00,2017-05-09,BLS,March 2017,no_pinned_oanda_candidate
JOLTS,2017-06-06T09:00:00-05:00,2017-06-06,BLS,April 2017,no_pinned_oanda_candidate
JOLTS,2017-07-11T09:00:00-05:00,2017-07-11,BLS,May 2017,no_pinned_oanda_candidate
JOLTS,2017-08-08T09:00:00-05:00,2017-08-08,BLS,June 2017,no_pinned_oanda_candidate
JOLTS,2017-09-12T09:00:00-05:00,2017-09-12,BLS,July 2017,no_pinned_oanda_candidate
JOLTS,2017-10-11T09:00:00-05:00,2017-10-11,BLS,August 2017,no_pinned_oanda_candidate
JOLTS,2017-11-07T09:00:00-06:00,2017-11-07,BLS,September 2017,no_pinned_oanda_candidate
JOLTS,2017-12-11T09:00:00-06:00,2017-12-11,BLS,October 2017,no_pinned_oanda_candidate
JOLTS,2018-01-09T09:00:00-06:00,2018-01-09,BLS,November 2017,no_pinned_oanda_candidate
JOLTS,2018-02-06T09:00:00-06:00,2018-02-06,BLS,December 2017,no_pinned_oanda_candidate
JOLTS,2018-03-16T09:00:00-05:00,2018-03-16,BLS,January 2018,no_pinned_oanda_candidate
JOLTS,2018-04-13T09:00:00-05:00,2018-04-13,BLS,February 2018,no_pinned_oanda_candidate
JOLTS,2018-05-08T09:00:00-05:00,2018-05-08,BLS,March 2018,no_pinned_oanda_candidate
JOLTS,2018-06-05T09:00:00-05:00,2018-06-05,BLS,April 2018,no_pinned_oanda_candidate
JOLTS,2018-07-10T09:00:00-05:00,2018-07-10,BLS,May 2018,no_pinned_oanda_candidate
JOLTS,2018-08-07T09:00:00-05:00,2018-08-07,BLS,June 2018,no_pinned_oanda_candidate
JOLTS,2018-09-11T09:00:00-05:00,2018-09-11,BLS,July 2018,no_pinned_oanda_candidate
JOLTS,2018-10-16T09:00:00-05:00,2018-10-16,BLS,August 2018,no_pinned_oanda_candidate
JOLTS,2018-11-06T09:00:00-06:00,2018-11-06,BLS,September 2018,no_pinned_oanda_candidate
JOLTS,2018-12-10T09:00:00-06:00,2018-12-10,BLS,October 2018,no_pinned_oanda_candidate
JOLTS,2019-01-08T09:00:00-06:00,2019-01-08,BLS,November 2018,no_pinned_oanda_candidate
JOLTS,2019-02-12T09:00:00-06:00,2019-02-12,BLS,December 2018,no_pinned_oanda_candidate
JOLTS,2019-03-15T09:00:00-05:00,2019-03-15,BLS,January 2019,no_pinned_oanda_candidate
JOLTS,2019-04-09T09:00:00-05:00,2019-04-09,BLS,February 2019,no_pinned_oanda_candidate
JOLTS,2019-05-07T09:00:00-05:00,2019-05-07,BLS,March 2019,no_pinned_oanda_candidate
JOLTS,2019-06-10T09:00:00-05:00,2019-06-10,BLS,April 2019,no_pinned_oanda_candidate
JOLTS,2019-07-09T09:00:00-05:00,2019-07-09,BLS,May 2019,no_pinned_oanda_candidate
JOLTS,2019-08-06T09:00:00-05:00,2019-08-06,BLS,June 2019,no_pinned_oanda_candidate
JOLTS,2019-09-10T09:00:00-05:00,2019-09-10,BLS,July 2019,no_pinned_oanda_candidate
JOLTS,2019-10-09T09:00:00-05:00,2019-10-09,BLS,August 2019,no_pinned_oanda_candidate
JOLTS,2019-11-05T09:00:00-06:00,2019-11-05,BLS,September 2019,no_pinned_oanda_candidate
JOLTS,2019-12-17T09:00:00-06:00,2019-12-17,BLS,October 2019,no_pinned_oanda_candidate
JOLTS,2020-01-17T09:00:00-06:00,2020-01-17,BLS,November 2019,no_pinned_oanda_candidate
JOLTS,2020-02-11T09:00:00-06:00,2020-02-11,BLS,December 2019,no_pinned_oanda_candidate
JOLTS,2020-03-17T09:00:00-05:00,2020-03-17,BLS,January 2020,no_pinned_oanda_candidate
FOMC,2020-03-23T07:00:00-05:00,2020-03-23,FEDERAL_RESERVE,FOMC 2020-03-23,no_pinned_oanda_candidate
JOLTS,2020-04-07T09:00:00-05:00,2020-04-07,BLS,February 2020,no_pinned_oanda_candidate
JOLTS,2020-05-15T09:00:00-05:00,2020-05-15,BLS,March 2020,no_pinned_oanda_candidate
JOLTS,2020-06-09T09:00:00-05:00,2020-06-09,BLS,April 2020,no_pinned_oanda_candidate
JOLTS,2020-07-07T09:00:00-05:00,2020-07-07,BLS,May 2020,no_pinned_oanda_candidate
JOLTS,2020-08-10T09:00:00-05:00,2020-08-10,BLS,June 2020,no_pinned_oanda_candidate
JOLTS,2020-09-09T09:00:00-05:00,2020-09-09,BLS,July 2020,no_pinned_oanda_candidate
JOLTS,2020-10-06T09:00:00-05:00,2020-10-06,BLS,August 2020,no_pinned_oanda_candidate
JOLTS,2020-11-10T09:00:00-06:00,2020-11-10,BLS,September 2020,no_pinned_oanda_candidate
JOLTS,2020-12-09T09:00:00-06:00,2020-12-09,BLS,October 2020,no_pinned_oanda_candidate
JOLTS,2021-01-12T09:00:00-06:00,2021-01-12,BLS,November 2020,no_pinned_oanda_candidate
JOLTS,2021-02-09T09:00:00-06:00,2021-02-09,BLS,December 2020,no_pinned_oanda_candidate
JOLTS,2021-03-11T09:00:00-06:00,2021-03-11,BLS,January 2021,no_pinned_oanda_candidate
JOLTS,2021-04-06T09:00:00-05:00,2021-04-06,BLS,February 2021,no_pinned_oanda_candidate
JOLTS,2021-05-11T09:00:00-05:00,2021-05-11,BLS,March 2021,no_pinned_oanda_candidate
JOLTS,2021-06-08T09:00:00-05:00,2021-06-08,BLS,April 2021,no_pinned_oanda_candidate
JOLTS,2021-07-07T09:00:00-05:00,2021-07-07,BLS,May 2021,no_pinned_oanda_candidate
JOLTS,2021-08-09T09:00:00-05:00,2021-08-09,BLS,June 2021,no_pinned_oanda_candidate
JOLTS,2021-09-08T09:00:00-05:00,2021-09-08,BLS,July 2021,no_pinned_oanda_candidate
JOLTS,2021-10-12T09:00:00-05:00,2021-10-12,BLS,August 2021,no_pinned_oanda_candidate
JOLTS,2021-11-12T09:00:00-06:00,2021-11-12,BLS,September 2021,no_pinned_oanda_candidate
JOLTS,2021-12-08T09:00:00-06:00,2021-12-08,BLS,October 2021,no_pinned_oanda_candidate
JOLTS,2022-01-04T09:00:00-06:00,2022-01-04,BLS,November 2021,no_pinned_oanda_candidate
JOLTS,2022-02-01T09:00:00-06:00,2022-02-01,BLS,December 2021,no_pinned_oanda_candidate
JOLTS,2022-03-09T09:00:00-06:00,2022-03-09,BLS,January 2022,no_pinned_oanda_candidate
JOLTS,2022-03-29T09:00:00-05:00,2022-03-29,BLS,February 2022,no_pinned_oanda_candidate
JOLTS,2022-05-03T09:00:00-05:00,2022-05-03,BLS,March 2022,no_pinned_oanda_candidate
JOLTS,2022-06-01T09:00:00-05:00,2022-06-01,BLS,April 2022,no_pinned_oanda_candidate
JOLTS,2022-07-06T09:00:00-05:00,2022-07-06,BLS,May 2022,no_pinned_oanda_candidate
JOLTS,2022-08-02T09:00:00-05:00,2022-08-02,BLS,June 2022,no_pinned_oanda_candidate
JOLTS,2022-08-30T09:00:00-05:00,2022-08-30,BLS,July 2022,no_pinned_oanda_candidate
JOLTS,2022-10-04T09:00:00-05:00,2022-10-04,BLS,August 2022,no_pinned_oanda_candidate
JOLTS,2022-11-01T09:00:00-05:00,2022-11-01,BLS,September 2022,no_pinned_oanda_candidate
JOLTS,2022-11-30T09:00:00-06:00,2022-11-30,BLS,October 2022,no_pinned_oanda_candidate
JOLTS,2023-01-04T09:00:00-06:00,2023-01-04,BLS,November 2022,no_pinned_oanda_candidate
JOLTS,2023-02-01T09:00:00-06:00,2023-02-01,BLS,December 2022,no_pinned_oanda_candidate
JOLTS,2023-03-08T09:00:00-06:00,2023-03-08,BLS,January 2023,no_pinned_oanda_candidate
JOLTS,2023-04-04T09:00:00-05:00,2023-04-04,BLS,February 2023,no_pinned_oanda_candidate
JOLTS,2023-05-02T09:00:00-05:00,2023-05-02,BLS,March 2023,no_pinned_oanda_candidate
JOLTS,2023-05-31T09:00:00-05:00,2023-05-31,BLS,April 2023,no_pinned_oanda_candidate
JOLTS,2023-07-06T09:00:00-05:00,2023-07-06,BLS,May 2023,no_pinned_oanda_candidate
JOLTS,2023-08-01T09:00:00-05:00,2023-08-01,BLS,June 2023,no_pinned_oanda_candidate
JOLTS,2023-08-29T09:00:00-05:00,2023-08-29,BLS,July 2023,no_pinned_oanda_candidate
JOLTS,2023-10-03T09:00:00-05:00,2023-10-03,BLS,August 2023,no_pinned_oanda_candidate
JOLTS,2023-11-01T09:00:00-05:00,2023-11-01,BLS,September 2023,no_pinned_oanda_candidate
