event_family,official_event_timestamp_utc,official_release_date,official_source_agency,original_unmatched_reason,classification,detail,cached_file,cached_file_exists,cached_total_rows,cached_us_rows,expected_pinned_report_ids,same_day_us_report_ids,same_day_us_event_names,pinned_report_rows,accepted_candidate_rows,rejected_pinned_rows,pinned_row_detail
EMPLOYMENT,2010-01-08T07:30:00-06:00,2010-01-08,BLS,no_pinned_oanda_candidate,cached_file_no_us_events,Cached file contains 0 total rows but no US rows.,EconomicCalendar/raw/oanda/daily/2010-01-08.json,1,0,0,707,,,0,0,0,
JOLTS,2010-01-12T09:00:00-06:00,2010-01-12,BLS,no_pinned_oanda_candidate,cached_file_no_us_events,Cached file contains 0 total rows but no US rows.,EconomicCalendar/raw/oanda/daily/2010-01-12.json,1,0,0,1371,,,0,0,0,
RETAIL_SALES,2010-01-14T07:30:00-06:00,2010-01-14,CENSUS,no_pinned_oanda_candidate,cached_file_no_us_events,Cached file contains 0 total rows but no US rows.,EconomicCalendar/raw/oanda/daily/2010-01-14.json,1,0,0,696,,,0,0,0,
CPI,2010-01-15T07:30:00-06:00,2010-01-15,BLS,no_pinned_oanda_candidate,cached_file_no_us_events,Cached file contains 0 total rows but no US rows.,EconomicCalendar/raw/oanda/daily/2010-01-15.json,1,0,0,699,,,0,0,0,
PPI,2010-01-20T07:30:00-06:00,2010-01-20,BLS,no_pinned_oanda_candidate,cached_file_no_us_events,Cached file contains 0 total rows but no US rows.,EconomicCalendar/raw/oanda/daily/2010-01-20.json,1,0,0,703,,,0,0,0,
FOMC,2010-01-27T13:15:00-06:00,2010-01-27,FEDERAL_RESERVE,no_pinned_oanda_candidate,cached_file_no_us_events,Cached file contains 0 total rows but no US rows.,EconomicCalendar/raw/oanda/daily/2010-01-27.json,1,0,0,82,,,0,0,0,
DURABLE_GOODS,2010-01-28T07:30:00-06:00,2010-01-28,CENSUS,no_pinned_oanda_candidate,cached_file_no_us_events,Cached file contains 0 total rows but no US rows.,EconomicCalendar/raw/oanda/daily/2010-01-28.json,1,0,0,59,,,0,0,0,
GDP,2010-01-29T07:30:00-06:00,2010-01-29,BEA,no_pinned_oanda_candidate,cached_file_no_us_events,Cached file contains 0 total rows but no US rows.,EconomicCalendar/raw/oanda/daily/2010-01-29.json,1,0,0,690,,,0,0,0,
PCE,2010-02-01T07:30:00-06:00,2010-02-01,BEA,no_pinned_oanda_candidate,cached_file_no_us_events,Cached file contains 0 total rows but no US rows.,EconomicCalendar/raw/oanda/daily/2010-02-01.json,1,0,0,694,,,0,0,0,
EMPLOYMENT,2010-02-05T07:30:00-06:00,2010-02-05,BLS,no_pinned_oanda_candidate,cached_file_no_us_events,Cached file contains 0 total rows but no US rows.,EconomicCalendar/raw/oanda/daily/2010-02-05.json,1,0,0,707,,,0,0,0,
JOLTS,2010-02-09T09:00:00-06:00,2010-02-09,BLS,no_pinned_oanda_candidate,cached_file_no_us_events,Cached file contains 0 total rows but no US rows.,EconomicCalendar/raw/oanda/daily/2010-02-09.json,1,0,0,1371,,,0,0,0,
RETAIL_SALES,2010-02-12T07:30:00-06:00,2010-02-12,CENSUS,no_pinned_oanda_candidate,cached_file_no_us_events,Cached file contains 0 total rows but no US rows.,EconomicCalendar/raw/oanda/daily/2010-02-12.json,1,0,0,696,,,0,0,0,
PPI,2010-02-18T07:30:00-06:00,2010-02-18,BLS,no_pinned_oanda_candidate,cached_file_no_us_events,Cached file contains 0 total rows but no US rows.,EconomicCalendar/raw/oanda/daily/2010-02-18.json,1,0,0,703,,,0,0,0,
CPI,2010-02-19T07:30:00-06:00,2010-02-19,BLS,no_pinned_oanda_candidate,cached_file_no_us_events,Cached file contains 0 total rows but no US rows.,EconomicCalendar/raw/oanda/daily/2010-02-19.json,1,0,0,699,,,0,0,0,
DURABLE_GOODS,2010-02-25T07:30:00-06:00,2010-02-25,CENSUS,no_pinned_oanda_candidate,cached_file_no_us_events,Cached file contains 0 total rows but no US rows.,EconomicCalendar/raw/oanda/daily/2010-02-25.json,1,0,0,59,,,0,0,0,
GDP,2010-02-26T07:30:00-06:00,2010-02-26,BEA,no_pinned_oanda_candidate,cached_file_no_us_events,Cached file contains 0 total rows but no US rows.,EconomicCalendar/raw/oanda/daily/2010-02-26.json,1,0,0,690,,,0,0,0,
PCE,2010-03-01T07:30:00-06:00,2010-03-01,BEA,no_pinned_oanda_candidate,cached_file_no_us_events,Cached file contains 0 total rows but no US rows.,EconomicCalendar/raw/oanda/daily/2010-03-01.json,1,0,0,694,,,0,0,0,
EMPLOYMENT,2010-03-05T07:30:00-06:00,2010-03-05,BLS,no_pinned_oanda_candidate,cached_file_no_us_events,Cached file contains 0 total rows but no US rows.,EconomicCalendar/raw/oanda/daily/2010-03-05.json,1,0,0,707,,,0,0,0,
JOLTS,2010-03-09T09:00:00-06:00,2010-03-09,BLS,no_pinned_oanda_candidate,cached_file_no_us_events,Cached file contains 0 total rows but no US rows.,EconomicCalendar/raw/oanda/daily/2010-03-09.json,1,0,0,1371,,,0,0,0,
RETAIL_SALES,2010-03-12T07:30:00-06:00,2010-03-12,CENSUS,no_pinned_oanda_candidate,cached_file_no_us_events,Cached file contains 0 total rows but no US rows.,EconomicCalendar/raw/oanda/daily/2010-03-12.json,1,0,0,696,,,0,0,0,
FOMC,2010-03-16T13:15:00-05:00,2010-03-16,FEDERAL_RESERVE,no_pinned_oanda_candidate,cached_file_no_us_events,Cached file contains 0 total rows but no US rows.,EconomicCalendar/raw/oanda/daily/2010-03-16.json,1,0,0,82,,,0,0,0,
PPI,2010-03-17T07:30:00-05:00,2010-03-17,BLS,no_pinned_oanda_candidate,cached_file_no_us_events,Cached file contains 0 total rows but no US rows.,EconomicCalendar/raw/oanda/daily/2010-03-17.json,1,0,0,703,,,0,0,0,
CPI,2010-03-18T07:30:00-05:00,2010-03-18,BLS,no_pinned_oanda_candidate,cached_file_no_us_events,Cached file contains 0 total rows but no US rows.,EconomicCalendar/raw/oanda/daily/2010-03-18.json,1,0,0,699,,,0,0,0,
DURABLE_GOODS,2010-03-24T07:30:00-05:00,2010-03-24,CENSUS,no_pinned_oanda_candidate,cached_file_no_us_events,Cached file contains 0 total rows but no US rows.,EconomicCalendar/raw/oanda/daily/2010-03-24.json,1,0,0,59,,,0,0,0,
GDP,2010-03-26T07:30:00-05:00,2010-03-26,BEA,no_pinned_oanda_candidate,cached_file_no_us_events,Cached file contains 0 total rows but no US rows.,EconomicCalendar/raw/oanda/daily/2010-03-26.json,1,0,0,690,,,0,0,0,
PCE,2010-03-29T07:30:00-05:00,2010-03-29,BEA,no_pinned_oanda_candidate,cached_file_no_us_events,Cached file contains 0 total rows but no US rows.,EconomicCalendar/raw/oanda/daily/2010-03-29.json,1,0,0,694,,,0,0,0,
EMPLOYMENT,2010-04-02T07:30:00-05:00,2010-04-02,BLS,no_pinned_oanda_candidate,cached_file_no_us_events,Cached file contains 0 total rows but no US rows.,EconomicCalendar/raw/oanda/daily/2010-04-02.json,1,0,0,707,,,0,0,0,
JOLTS,2010-04-06T09:00:00-05:00,2010-04-06,BLS,no_pinned_oanda_candidate,cached_file_no_us_events,Cached file contains 0 total rows but no US rows.,EconomicCalendar/raw/oanda/daily/2010-04-06.json,1,0,0,1371,,,0,0,0,
CPI,2010-04-14T07:30:00-05:00,2010-04-14,BLS,no_pinned_oanda_candidate,cached_file_no_us_events,Cached file contains 0 total rows but no US rows.,EconomicCalendar/raw/oanda/daily/2010-04-14.json,1,0,0,699,,,0,0,0,
RETAIL_SALES,2010-04-14T07:30:00-05:00,2010-04-14,CENSUS,no_pinned_oanda_candidate,cached_file_no_us_events,Cached file contains 0 total rows but no US rows.,EconomicCalendar/raw/oanda/daily/2010-04-14.json,1,0,0,696,,,0,0,0,
PPI,2010-04-22T07:30:00-05:00,2010-04-22,BLS,no_pinned_oanda_candidate,cached_file_no_us_events,Cached file contains 0 total rows but no US rows.,EconomicCalendar/raw/oanda/daily/2010-04-22.json,1,0,0,703,,,0,0,0,
DURABLE_GOODS,2010-04-23T07:30:00-05:00,2010-04-23,CENSUS,no_pinned_oanda_candidate,cached_file_no_us_events,Cached file contains 0 total rows but no US rows.,EconomicCalendar/raw/oanda/daily/2010-04-23.json,1,0,0,59,,,0,0,0,
FOMC,2010-04-28T13:15:00-05:00,2010-04-28,FEDERAL_RESERVE,no_pinned_oanda_candidate,cached_file_no_us_events,Cached file contains 0 total rows but no US rows.,EconomicCalendar/raw/oanda/daily/2010-04-28.json,1,0,0,82,,,0,0,0,
GDP,2010-04-30T07:30:00-05:00,2010-04-30,BEA,no_pinned_oanda_candidate,cached_file_no_us_events,Cached file contains 0 total rows but no US rows.,EconomicCalendar/raw/oanda/daily/2010-04-30.json,1,0,0,690,,,0,0,0,
PCE,2010-05-03T07:30:00-05:00,2010-05-03,BEA,no_pinned_oanda_candidate,cached_file_no_us_events,Cached file contains 0 total rows but no US rows.,EconomicCalendar/raw/oanda/daily/2010-05-03.json,1,0,0,694,,,0,0,0,
EMPLOYMENT,2010-05-07T07:30:00-05:00,2010-05-07,BLS,no_pinned_oanda_candidate,cached_file_no_us_events,Cached file contains 0 total rows but no US rows.,EconomicCalendar/raw/oanda/daily/2010-05-07.json,1,0,0,707,,,0,0,0,
FOMC,2010-05-09T20:15:00-05:00,2010-05-09,FEDERAL_RESERVE,no_pinned_oanda_candidate,cached_file_no_us_events,Cached file contains 0 total rows but no US rows.,EconomicCalendar/raw/oanda/daily/2010-05-09.json,1,0,0,82,,,0,0,0,
JOLTS,2010-05-11T09:00:00-05:00,2010-05-11,BLS,no_pinned_oanda_candidate,cached_file_no_us_events,Cached file contains 0 total rows but no US rows.,EconomicCalendar/raw/oanda/daily/2010-05-11.json,1,0,0,1371,,,0,0,0,
RETAIL_SALES,2010-05-14T07:30:00-05:00,2010-05-14,CENSUS,no_pinned_oanda_candidate,cached_file_no_us_events,Cached file contains 0 total rows but no US rows.,EconomicCalendar/raw/oanda/daily/2010-05-14.json,1,0,0,696,,,0,0,0,
PPI,2010-05-18T07:30:00-05:00,2010-05-18,BLS,no_pinned_oanda_candidate,cached_file_no_us_events,Cached file contains 0 total rows but no US rows.,EconomicCalendar/raw/oanda/daily/2010-05-18.json,1,0,0,703,,,0,0,0,
CPI,2010-05-19T07:30:00-05:00,2010-05-19,BLS,no_pinned_oanda_candidate,cached_file_no_us_events,Cached file contains 0 total rows but no US rows.,EconomicCalendar/raw/oanda/daily/2010-05-19.json,1,0,0,699,,,0,0,0,
DURABLE_GOODS,2010-05-26T07:30:00-05:00,2010-05-26,CENSUS,no_pinned_oanda_candidate,cached_file_no_us_events,Cached file contains 0 total rows but no US rows.,EconomicCalendar/raw/oanda/daily/2010-05-26.json,1,0,0,59,,,0,0,0,
GDP,2010-05-27T07:30:00-05:00,2010-05-27,BEA,no_pinned_oanda_candidate,cached_file_no_us_events,Cached file contains 0 total rows but no US rows.,EconomicCalendar/raw/oanda/daily/2010-05-27.json,1,0,0,690,,,0,0,0,
PCE,2010-05-28T07:30:00-05:00,2010-05-28,BEA,no_pinned_oanda_candidate,cached_file_no_us_events,Cached file contains 0 total rows but no US rows.,EconomicCalendar/raw/oanda/daily/2010-05-28.json,1,0,0,694,,,0,0,0,
EMPLOYMENT,2010-06-04T07:30:00-05:00,2010-06-04,BLS,no_pinned_oanda_candidate,cached_file_no_us_events,Cached file contains 0 total rows but no US rows.,EconomicCalendar/raw/oanda/daily/2010-06-04.json,1,0,0,707,,,0,0,0,
JOLTS,2010-06-08T09:00:00-05:00,2010-06-08,BLS,no_pinned_oanda_candidate,cached_file_no_us_events,Cached file contains 0 total rows but no US rows.,EconomicCalendar/raw/oanda/daily/2010-06-08.json,1,0,0,1371,,,0,0,0,
RETAIL_SALES,2010-06-11T07:30:00-05:00,2010-06-11,CENSUS,no_pinned_oanda_candidate,cached_file_no_us_events,Cached file contains 0 total rows but no US rows.,EconomicCalendar/raw/oanda/daily/2010-06-11.json,1,0,0,696,,,0,0,0,
PPI,2010-06-16T07:30:00-05:00,2010-06-16,BLS,no_pinned_oanda_candidate,cached_file_no_us_events,Cached file contains 0 total rows but no US rows.,EconomicCalendar/raw/oanda/daily/2010-06-16.json,1,0,0,703,,,0,0,0,
CPI,2010-06-17T07:30:00-05:00,2010-06-17,BLS,no_pinned_oanda_candidate,cached_file_no_us_events,Cached file contains 0 total rows but no US rows.,EconomicCalendar/raw/oanda/daily/2010-06-17.json,1,0,0,699,,,0,0,0,
FOMC,2010-06-23T13:15:00-05:00,2010-06-23,FEDERAL_RESERVE,no_pinned_oanda_candidate,cached_file_no_us_events,Cached file contains 0 total rows but no US rows.,EconomicCalendar/raw/oanda/daily/2010-06-23.json,1,0,0,82,,,0,0,0,
DURABLE_GOODS,2010-06-24T07:30:00-05:00,2010-06-24,CENSUS,no_pinned_oanda_candidate,cached_file_no_us_events,Cached file contains 0 total rows but no US rows.,EconomicCalendar/raw/oanda/daily/2010-06-24.json,1,0,0,59,,,0,0,0,
GDP,2010-06-25T07:30:00-05:00,2010-06-25,BEA,no_pinned_oanda_candidate,cached_file_no_us_events,Cached file contains 0 total rows but no US rows.,EconomicCalendar/raw/oanda/daily/2010-06-25.json,1,0,0,690,,,0,0,0,
PCE,2010-06-28T07:30:00-05:00,2010-06-28,BEA,no_pinned_oanda_candidate,cached_file_no_us_events,Cached file contains 0 total rows but no US rows.,EconomicCalendar/raw/oanda/daily/2010-06-28.json,1,0,0,694,,,0,0,0,
EMPLOYMENT,2010-07-02T07:30:00-05:00,2010-07-02,BLS,no_pinned_oanda_candidate,cached_file_no_us_events,Cached file contains 0 total rows but no US rows.,EconomicCalendar/raw/oanda/daily/2010-07-02.json,1,0,0,707,,,0,0,0,
JOLTS,2010-07-13T09:00:00-05:00,2010-07-13,BLS,no_pinned_oanda_candidate,cached_file_no_us_events,Cached file contains 0 total rows but no US rows.,EconomicCalendar/raw/oanda/daily/2010-07-13.json,1,0,0,1371,,,0,0,0,
RETAIL_SALES,2010-07-14T07:30:00-05:00,2010-07-14,CENSUS,no_pinned_oanda_candidate,cached_file_no_us_events,Cached file contains 0 total rows but no US rows.,EconomicCalendar/raw/oanda/daily/2010-07-14.json,1,0,0,696,,,0,0,0,
PPI,2010-07-15T07:30:00-05:00,2010-07-15,BLS,no_pinned_oanda_candidate,cached_file_no_us_events,Cached file contains 0 total rows but no US rows.,EconomicCalendar/raw/oanda/daily/2010-07-15.json,1,0,0,703,,,0,0,0,
CPI,2010-07-16T07:30:00-05:00,2010-07-16,BLS,no_pinned_oanda_candidate,cached_file_no_us_events,Cached file contains 0 total rows but no US rows.,EconomicCalendar/raw/oanda/daily/2010-07-16.json,1,0,0,699,,,0,0,0,
DURABLE_GOODS,2010-07-28T07:30:00-05:00,2010-07-28,CENSUS,no_pinned_oanda_candidate,cached_file_no_us_events,Cached file contains 0 total rows but no US rows.,EconomicCalendar/raw/oanda/daily/2010-07-28.json,1,0,0,59,,,0,0,0,
GDP,2010-07-30T07:30:00-05:00,2010-07-30,BEA,no_pinned_oanda_candidate,cached_file_no_us_events,Cached file contains 0 total rows but no US rows.,EconomicCalendar/raw/oanda/daily/2010-07-30.json,1,0,0,690,,,0,0,0,
PCE,2010-08-03T07:30:00-05:00,2010-08-03,BEA,no_pinned_oanda_candidate,cached_file_no_us_events,Cached file contains 0 total rows but no US rows.,EconomicCalendar/raw/oanda/daily/2010-08-03.json,1,0,0,694,,,0,0,0,
EMPLOYMENT,2010-08-06T07:30:00-05:00,2010-08-06,BLS,no_pinned_oanda_candidate,cached_file_no_us_events,Cached file contains 0 total rows but no US rows.,EconomicCalendar/raw/oanda/daily/2010-08-06.json,1,0,0,707,,,0,0,0,
FOMC,2010-08-10T13:15:00-05:00,2010-08-10,FEDERAL_RESERVE,no_pinned_oanda_candidate,cached_file_no_us_events,Cached file contains 0 total rows but no US rows.,EconomicCalendar/raw/oanda/daily/2010-08-10.json,1,0,0,82,,,0,0,0,
JOLTS,2010-08-11T09:00:00-05:00,2010-08-11,BLS,no_pinned_oanda_candidate,cached_file_no_us_events,Cached file contains 0 total rows but no US rows.,EconomicCalendar/raw/oanda/daily/2010-08-11.json,1,0,0,1371,,,0,0,0,
CPI,2010-08-13T07:30:00-05:00,2010-08-13,BLS,no_pinned_oanda_candidate,cached_file_no_us_events,Cached file contains 0 total rows but no US rows.,EconomicCalendar/raw/oanda/daily/2010-08-13.json,1,0,0,699,,,0,0,0,
RETAIL_SALES,2010-08-13T07:30:00-05:00,2010-08-13,CENSUS,no_pinned_oanda_candidate,cached_file_no_us_events,Cached file contains 0 total rows but no US rows.,EconomicCalendar/raw/oanda/daily/2010-08-13.json,1,0,0,696,,,0,0,0,
PPI,2010-08-17T07:30:00-05:00,2010-08-17,BLS,no_pinned_oanda_candidate,cached_file_no_us_events,Cached file contains 0 total rows but no US rows.,EconomicCalendar/raw/oanda/daily/2010-08-17.json,1,0,0,703,,,0,0,0,
DURABLE_GOODS,2010-08-25T07:30:00-05:00,2010-08-25,CENSUS,no_pinned_oanda_candidate,cached_file_no_us_events,Cached file contains 0 total rows but no US rows.,EconomicCalendar/raw/oanda/daily/2010-08-25.json,1,0,0,59,,,0,0,0,
GDP,2010-08-27T07:30:00-05:00,2010-08-27,BEA,no_pinned_oanda_candidate,cached_file_no_us_events,Cached file contains 0 total rows but no US rows.,EconomicCalendar/raw/oanda/daily/2010-08-27.json,1,0,0,690,,,0,0,0,
PCE,2010-08-30T07:30:00-05:00,2010-08-30,BEA,no_pinned_oanda_candidate,cached_file_no_us_events,Cached file contains 0 total rows but no US rows.,EconomicCalendar/raw/oanda/daily/2010-08-30.json,1,0,0,694,,,0,0,0,
EMPLOYMENT,2010-09-03T07:30:00-05:00,2010-09-03,BLS,no_pinned_oanda_candidate,cached_file_no_us_events,Cached file contains 0 total rows but no US rows.,EconomicCalendar/raw/oanda/daily/2010-09-03.json,1,0,0,707,,,0,0,0,
JOLTS,2010-09-08T09:00:00-05:00,2010-09-08,BLS,no_pinned_oanda_candidate,cached_file_no_us_events,Cached file contains 0 total rows but no US rows.,EconomicCalendar/raw/oanda/daily/2010-09-08.json,1,0,0,1371,,,0,0,0,
RETAIL_SALES,2010-09-14T07:30:00-05:00,2010-09-14,CENSUS,no_pinned_oanda_candidate,cached_file_no_us_events,Cached file contains 0 total rows but no US rows.,EconomicCalendar/raw/oanda/daily/2010-09-14.json,1,0,0,696,,,0,0,0,
PPI,2010-09-16T07:30:00-05:00,2010-09-16,BLS,no_pinned_oanda_candidate,cached_file_no_us_events,Cached file contains 0 total rows but no US rows.,EconomicCalendar/raw/oanda/daily/2010-09-16.json,1,0,0,703,,,0,0,0,
CPI,2010-09-17T07:30:00-05:00,2010-09-17,BLS,no_pinned_oanda_candidate,cached_file_no_us_events,Cached file contains 0 total rows but no US rows.,EconomicCalendar/raw/oanda/daily/2010-09-17.json,1,0,0,699,,,0,0,0,
FOMC,2010-09-21T13:15:00-05:00,2010-09-21,FEDERAL_RESERVE,no_pinned_oanda_candidate,cached_file_no_us_events,Cached file contains 0 total rows but no US rows.,EconomicCalendar/raw/oanda/daily/2010-09-21.json,1,0,0,82,,,0,0,0,
DURABLE_GOODS,2010-09-24T07:30:00-05:00,2010-09-24,CENSUS,no_pinned_oanda_candidate,cached_file_no_us_events,Cached file contains 0 total rows but no US rows.,EconomicCalendar/raw/oanda/daily/2010-09-24.json,1,0,0,59,,,0,0,0,
GDP,2010-09-30T07:30:00-05:00,2010-09-30,BEA,no_pinned_oanda_candidate,cached_file_no_us_events,Cached file contains 0 total rows but no US rows.,EconomicCalendar/raw/oanda/daily/2010-09-30.json,1,0,0,690,,,0,0,0,
PCE,2010-10-01T07:30:00-05:00,2010-10-01,BEA,no_pinned_oanda_candidate,cached_file_no_us_events,Cached file contains 0 total rows but no US rows.,EconomicCalendar/raw/oanda/daily/2010-10-01.json,1,0,0,694,,,0,0,0,
JOLTS,2010-10-07T09:00:00-05:00,2010-10-07,BLS,no_pinned_oanda_candidate,cached_file_no_us_events,Cached file contains 0 total rows but no US rows.,EconomicCalendar/raw/oanda/daily/2010-10-07.json,1,0,0,1371,,,0,0,0,
EMPLOYMENT,2010-10-08T07:30:00-05:00,2010-10-08,BLS,no_pinned_oanda_candidate,cached_file_no_us_events,Cached file contains 0 total rows but no US rows.,EconomicCalendar/raw/oanda/daily/2010-10-08.json,1,0,0,707,,,0,0,0,
PPI,2010-10-14T07:30:00-05:00,2010-10-14,BLS,no_pinned_oanda_candidate,cached_file_no_us_events,Cached file contains 0 total rows but no US rows.,EconomicCalendar/raw/oanda/daily/2010-10-14.json,1,0,0,703,,,0,0,0,
CPI,2010-10-15T07:30:00-05:00,2010-10-15,BLS,no_pinned_oanda_candidate,cached_file_no_us_events,Cached file contains 0 total rows but no US rows.,EconomicCalendar/raw/oanda/daily/2010-10-15.json,1,0,0,699,,,0,0,0,
RETAIL_SALES,2010-10-15T07:30:00-05:00,2010-10-15,CENSUS,no_pinned_oanda_candidate,cached_file_no_us_events,Cached file contains 0 total rows but no US rows.,EconomicCalendar/raw/oanda/daily/2010-10-15.json,1,0,0,696,,,0,0,0,
DURABLE_GOODS,2010-10-27T07:30:00-05:00,2010-10-27,CENSUS,no_pinned_oanda_candidate,cached_file_no_us_events,Cached file contains 0 total rows but no US rows.,EconomicCalendar/raw/oanda/daily/2010-10-27.json,1,0,0,59,,,0,0,0,
GDP,2010-10-29T07:30:00-05:00,2010-10-29,BEA,no_pinned_oanda_candidate,cached_file_no_us_events,Cached file contains 0 total rows but no US rows.,EconomicCalendar/raw/oanda/daily/2010-10-29.json,1,0,0,690,,,0,0,0,
PCE,2010-11-01T07:30:00-05:00,2010-11-01,BEA,no_pinned_oanda_candidate,cached_file_no_us_events,Cached file contains 0 total rows but no US rows.,EconomicCalendar/raw/oanda/daily/2010-11-01.json,1,0,0,694,,,0,0,0,
FOMC,2010-11-03T13:15:00-05:00,2010-11-03,FEDERAL_RESERVE,no_pinned_oanda_candidate,cached_file_no_us_events,Cached file contains 0 total rows but no US rows.,EconomicCalendar/raw/oanda/daily/2010-11-03.json,1,0,0,82,,,0,0,0,
EMPLOYMENT,2010-11-05T07:30:00-05:00,2010-11-05,BLS,no_pinned_oanda_candidate,cached_file_no_us_events,Cached file contains 0 total rows but no US rows.,EconomicCalendar/raw/oanda/daily/2010-11-05.json,1,0,0,707,,,0,0,0,
JOLTS,2010-11-09T09:00:00-06:00,2010-11-09,BLS,no_pinned_oanda_candidate,cached_file_no_us_events,Cached file contains 0 total rows but no US rows.,EconomicCalendar/raw/oanda/daily/2010-11-09.json,1,0,0,1371,,,0,0,0,
RETAIL_SALES,2010-11-15T07:30:00-06:00,2010-11-15,CENSUS,no_pinned_oanda_candidate,cached_file_no_us_events,Cached file contains 0 total rows but no US rows.,EconomicCalendar/raw/oanda/daily/2010-11-15.json,1,0,0,696,,,0,0,0,
PPI,2010-11-16T07:30:00-06:00,2010-11-16,BLS,no_pinned_oanda_candidate,cached_file_no_us_events,Cached file contains 0 total rows but no US rows.,EconomicCalendar/raw/oanda/daily/2010-11-16.json,1,0,0,703,,,0,0,0,
CPI,2010-11-17T07:30:00-06:00,2010-11-17,BLS,no_pinned_oanda_candidate,cached_file_no_us_events,Cached file contains 0 total rows but no US rows.,EconomicCalendar/raw/oanda/daily/2010-11-17.json,1,0,0,699,,,0,0,0,
GDP,2010-11-23T07:30:00-06:00,2010-11-23,BEA,no_pinned_oanda_candidate,cached_file_no_us_events,Cached file contains 0 total rows but no US rows.,EconomicCalendar/raw/oanda/daily/2010-11-23.json,1,0,0,690,,,0,0,0,
DURABLE_GOODS,2010-11-24T07:30:00-06:00,2010-11-24,CENSUS,no_pinned_oanda_candidate,cached_file_no_us_events,Cached file contains 0 total rows but no US rows.,EconomicCalendar/raw/oanda/daily/2010-11-24.json,1,0,0,59,,,0,0,0,
PCE,2010-11-24T07:30:00-06:00,2010-11-24,BEA,no_pinned_oanda_candidate,cached_file_no_us_events,Cached file contains 0 total rows but no US rows.,EconomicCalendar/raw/oanda/daily/2010-11-24.json,1,0,0,694,,,0,0,0,
EMPLOYMENT,2010-12-03T07:30:00-06:00,2010-12-03,BLS,no_pinned_oanda_candidate,cached_file_no_us_events,Cached file contains 0 total rows but no US rows.,EconomicCalendar/raw/oanda/daily/2010-12-03.json,1,0,0,707,,,0,0,0,
JOLTS,2010-12-07T09:00:00-06:00,2010-12-07,BLS,no_pinned_oanda_candidate,cached_file_no_us_events,Cached file contains 0 total rows but no US rows.,EconomicCalendar/raw/oanda/daily/2010-12-07.json,1,0,0,1371,,,0,0,0,
PPI,2010-12-14T07:30:00-06:00,2010-12-14,BLS,no_pinned_oanda_candidate,cached_file_no_us_events,Cached file contains 0 total rows but no US rows.,EconomicCalendar/raw/oanda/daily/2010-12-14.json,1,0,0,703,,,0,0,0,
RETAIL_SALES,2010-12-14T07:30:00-06:00,2010-12-14,CENSUS,no_pinned_oanda_candidate,cached_file_no_us_events,Cached file contains 0 total rows but no US rows.,EconomicCalendar/raw/oanda/daily/2010-12-14.json,1,0,0,696,,,0,0,0,
FOMC,2010-12-14T13:15:00-06:00,2010-12-14,FEDERAL_RESERVE,no_pinned_oanda_candidate,cached_file_no_us_events,Cached file contains 0 total rows but no US rows.,EconomicCalendar/raw/oanda/daily/2010-12-14.json,1,0,0,82,,,0,0,0,
CPI,2010-12-15T07:30:00-06:00,2010-12-15,BLS,no_pinned_oanda_candidate,cached_file_no_us_events,Cached file contains 0 total rows but no US rows.,EconomicCalendar/raw/oanda/daily/2010-12-15.json,1,0,0,699,,,0,0,0,
GDP,2010-12-22T07:30:00-06:00,2010-12-22,BEA,no_pinned_oanda_candidate,cached_file_no_us_events,Cached file contains 0 total rows but no US rows.,EconomicCalendar/raw/oanda/daily/2010-12-22.json,1,0,0,690,,,0,0,0,
DURABLE_GOODS,2010-12-23T07:30:00-06:00,2010-12-23,CENSUS,no_pinned_oanda_candidate,cached_file_no_us_events,Cached file contains 0 total rows but no US rows.,EconomicCalendar/raw/oanda/daily/2010-12-23.json,1,0,0,59,,,0,0,0,
PCE,2010-12-23T07:30:00-06:00,2010-12-23,BEA,no_pinned_oanda_candidate,cached_file_no_us_events,Cached file contains 0 total rows but no US rows.,EconomicCalendar/raw/oanda/daily/2010-12-23.json,1,0,0,694,,,0,0,0,
EMPLOYMENT,2011-01-07T07:30:00-06:00,2011-01-07,BLS,no_pinned_oanda_candidate,cached_file_no_us_events,Cached file contains 0 total rows but no US rows.,EconomicCalendar/raw/oanda/daily/2011-01-07.json,1,0,0,707,,,0,0,0,
JOLTS,2011-01-11T09:00:00-06:00,2011-01-11,BLS,no_pinned_oanda_candidate,cached_file_no_us_events,Cached file contains 0 total rows but no US rows.,EconomicCalendar/raw/oanda/daily/2011-01-11.json,1,0,0,1371,,,0,0,0,
PPI,2011-01-13T07:30:00-06:00,2011-01-13,BLS,no_pinned_oanda_candidate,cached_file_no_us_events,Cached file contains 0 total rows but no US rows.,EconomicCalendar/raw/oanda/daily/2011-01-13.json,1,0,0,703,,,0,0,0,
CPI,2011-01-14T07:30:00-06:00,2011-01-14,BLS,no_pinned_oanda_candidate,cached_file_no_us_events,Cached file contains 0 total rows but no US rows.,EconomicCalendar/raw/oanda/daily/2011-01-14.json,1,0,0,699,,,0,0,0,
RETAIL_SALES,2011-01-14T07:30:00-06:00,2011-01-14,CENSUS,no_pinned_oanda_candidate,cached_file_no_us_events,Cached file contains 0 total rows but no US rows.,EconomicCalendar/raw/oanda/daily/2011-01-14.json,1,0,0,696,,,0,0,0,
FOMC,2011-01-26T13:15:00-06:00,2011-01-26,FEDERAL_RESERVE,no_pinned_oanda_candidate,cached_file_no_us_events,Cached file contains 0 total rows but no US rows.,EconomicCalendar/raw/oanda/daily/2011-01-26.json,1,0,0,82,,,0,0,0,
DURABLE_GOODS,2011-01-27T07:30:00-06:00,2011-01-27,CENSUS,no_pinned_oanda_candidate,cached_file_no_us_events,Cached file contains 0 total rows but no US rows.,EconomicCalendar/raw/oanda/daily/2011-01-27.json,1,0,0,59,,,0,0,0,
GDP,2011-01-28T07:30:00-06:00,2011-01-28,BEA,no_pinned_oanda_candidate,cached_file_no_us_events,Cached file contains 0 total rows but no US rows.,EconomicCalendar/raw/oanda/daily/2011-01-28.json,1,0,0,690,,,0,0,0,
PCE,2011-01-31T07:30:00-06:00,2011-01-31,BEA,no_pinned_oanda_candidate,cached_file_no_us_events,Cached file contains 0 total rows but no US rows.,EconomicCalendar/raw/oanda/daily/2011-01-31.json,1,0,0,694,,,0,0,0,
EMPLOYMENT,2011-02-04T07:30:00-06:00,2011-02-04,BLS,no_pinned_oanda_candidate,cached_file_no_us_events,Cached file contains 0 total rows but no US rows.,EconomicCalendar/raw/oanda/daily/2011-02-04.json,1,0,0,707,,,0,0,0,
JOLTS,2011-02-08T09:00:00-06:00,2011-02-08,BLS,no_pinned_oanda_candidate,cached_file_no_us_events,Cached file contains 0 total rows but no US rows.,EconomicCalendar/raw/oanda/daily/2011-02-08.json,1,0,0,1371,,,0,0,0,
RETAIL_SALES,2011-02-15T07:30:00-06:00,2011-02-15,CENSUS,no_pinned_oanda_candidate,cached_file_no_us_events,Cached file contains 0 total rows but no US rows.,EconomicCalendar/raw/oanda/daily/2011-02-15.json,1,0,0,696,,,0,0,0,
PPI,2011-02-16T07:30:00-06:00,2011-02-16,BLS,no_pinned_oanda_candidate,cached_file_no_us_events,Cached file contains 0 total rows but no US rows.,EconomicCalendar/raw/oanda/daily/2011-02-16.json,1,0,0,703,,,0,0,0,
CPI,2011-02-17T07:30:00-06:00,2011-02-17,BLS,no_pinned_oanda_candidate,cached_file_no_us_events,Cached file contains 0 total rows but no US rows.,EconomicCalendar/raw/oanda/daily/2011-02-17.json,1,0,0,699,,,0,0,0,
DURABLE_GOODS,2011-02-24T07:30:00-06:00,2011-02-24,CENSUS,no_pinned_oanda_candidate,cached_file_no_us_events,Cached file contains 0 total rows but no US rows.,EconomicCalendar/raw/oanda/daily/2011-02-24.json,1,0,0,59,,,0,0,0,
GDP,2011-02-25T07:30:00-06:00,2011-02-25,BEA,no_pinned_oanda_candidate,cached_file_no_us_events,Cached file contains 0 total rows but no US rows.,EconomicCalendar/raw/oanda/daily/2011-02-25.json,1,0,0,690,,,0,0,0,
PCE,2011-02-28T07:30:00-06:00,2011-02-28,BEA,no_pinned_oanda_candidate,cached_file_no_us_events,Cached file contains 0 total rows but no US rows.,EconomicCalendar/raw/oanda/daily/2011-02-28.json,1,0,0,694,,,0,0,0,
EMPLOYMENT,2011-03-04T07:30:00-06:00,2011-03-04,BLS,no_pinned_oanda_candidate,cached_file_no_us_events,Cached file contains 0 total rows but no US rows.,EconomicCalendar/raw/oanda/daily/2011-03-04.json,1,0,0,707,,,0,0,0,
RETAIL_SALES,2011-03-11T07:30:00-06:00,2011-03-11,CENSUS,no_pinned_oanda_candidate,cached_file_no_us_events,Cached file contains 0 total rows but no US rows.,EconomicCalendar/raw/oanda/daily/2011-03-11.json,1,0,0,696,,,0,0,0,
JOLTS,2011-03-11T09:00:00-06:00,2011-03-11,BLS,no_pinned_oanda_candidate,cached_file_no_us_events,Cached file contains 0 total rows but no US rows.,EconomicCalendar/raw/oanda/daily/2011-03-11.json,1,0,0,1371,,,0,0,0,
FOMC,2011-03-15T13:15:00-05:00,2011-03-15,FEDERAL_RESERVE,no_pinned_oanda_candidate,cached_file_no_us_events,Cached file contains 0 total rows but no US rows.,EconomicCalendar/raw/oanda/daily/2011-03-15.json,1,0,0,82,,,0,0,0,
PPI,2011-03-16T07:30:00-05:00,2011-03-16,BLS,no_pinned_oanda_candidate,cached_file_no_us_events,Cached file contains 0 total rows but no US rows.,EconomicCalendar/raw/oanda/daily/2011-03-16.json,1,0,0,703,,,0,0,0,
CPI,2011-03-17T07:30:00-05:00,2011-03-17,BLS,no_pinned_oanda_candidate,cached_file_no_us_events,Cached file contains 0 total rows but no US rows.,EconomicCalendar/raw/oanda/daily/2011-03-17.json,1,0,0,699,,,0,0,0,
DURABLE_GOODS,2011-03-24T07:30:00-05:00,2011-03-24,CENSUS,no_pinned_oanda_candidate,cached_file_no_us_events,Cached file contains 0 total rows but no US rows.,EconomicCalendar/raw/oanda/daily/2011-03-24.json,1,0,0,59,,,0,0,0,
GDP,2011-03-25T07:30:00-05:00,2011-03-25,BEA,no_pinned_oanda_candidate,cached_file_no_us_events,Cached file contains 0 total rows but no US rows.,EconomicCalendar/raw/oanda/daily/2011-03-25.json,1,0,0,690,,,0,0,0,
PCE,2011-03-28T07:30:00-05:00,2011-03-28,BEA,no_pinned_oanda_candidate,cached_file_no_us_events,Cached file contains 0 total rows but no US rows.,EconomicCalendar/raw/oanda/daily/2011-03-28.json,1,0,0,694,,,0,0,0,
EMPLOYMENT,2011-04-01T07:30:00-05:00,2011-04-01,BLS,no_pinned_oanda_candidate,cached_file_no_us_events,Cached file contains 0 total rows but no US rows.,EconomicCalendar/raw/oanda/daily/2011-04-01.json,1,0,0,707,,,0,0,0,
RETAIL_SALES,2011-04-13T07:30:00-05:00,2011-04-13,CENSUS,no_pinned_oanda_candidate,cached_file_no_us_events,Cached file contains 0 total rows but no US rows.,EconomicCalendar/raw/oanda/daily/2011-04-13.json,1,0,0,696,,,0,0,0,
JOLTS,2011-04-13T09:00:00-05:00,2011-04-13,BLS,no_pinned_oanda_candidate,cached_file_no_us_events,Cached file contains 0 total rows but no US rows.,EconomicCalendar/raw/oanda/daily/2011-04-13.json,1,0,0,1371,,,0,0,0,
PPI,2011-04-14T07:30:00-05:00,2011-04-14,BLS,no_pinned_oanda_candidate,cached_file_no_us_events,Cached file contains 0 total rows but no US rows.,EconomicCalendar/raw/oanda/daily/2011-04-14.json,1,0,0,703,,,0,0,0,
CPI,2011-04-15T07:30:00-05:00,2011-04-15,BLS,no_pinned_oanda_candidate,cached_file_no_us_events,Cached file contains 0 total rows but no US rows.,EconomicCalendar/raw/oanda/daily/2011-04-15.json,1,0,0,699,,,0,0,0,
DURABLE_GOODS,2011-04-27T07:30:00-05:00,2011-04-27,CENSUS,no_pinned_oanda_candidate,cached_file_no_us_events,Cached file contains 0 total rows but no US rows.,EconomicCalendar/raw/oanda/daily/2011-04-27.json,1,0,0,59,,,0,0,0,
FOMC,2011-04-27T11:30:00-05:00,2011-04-27,FEDERAL_RESERVE,no_pinned_oanda_candidate,cached_file_no_us_events,Cached file contains 0 total rows but no US rows.,EconomicCalendar/raw/oanda/daily/2011-04-27.json,1,0,0,82,,,0,0,0,
GDP,2011-04-28T07:30:00-05:00,2011-04-28,BEA,no_pinned_oanda_candidate,cached_file_no_us_events,Cached file contains 0 total rows but no US rows.,EconomicCalendar/raw/oanda/daily/2011-04-28.json,1,0,0,690,,,0,0,0,
PCE,2011-04-29T07:30:00-05:00,2011-04-29,BEA,no_pinned_oanda_candidate,cached_file_no_us_events,Cached file contains 0 total rows but no US rows.,EconomicCalendar/raw/oanda/daily/2011-04-29.json,1,0,0,694,,,0,0,0,
EMPLOYMENT,2011-05-06T07:30:00-05:00,2011-05-06,BLS,no_pinned_oanda_candidate,cached_file_no_us_events,Cached file contains 0 total rows but no US rows.,EconomicCalendar/raw/oanda/daily/2011-05-06.json,1,0,0,707,,,0,0,0,
JOLTS,2011-05-11T09:00:00-05:00,2011-05-11,BLS,no_pinned_oanda_candidate,cached_file_no_us_events,Cached file contains 0 total rows but no US rows.,EconomicCalendar/raw/oanda/daily/2011-05-11.json,1,0,0,1371,,,0,0,0,
PPI,2011-05-12T07:30:00-05:00,2011-05-12,BLS,no_pinned_oanda_candidate,cached_file_no_us_events,Cached file contains 0 total rows but no US rows.,EconomicCalendar/raw/oanda/daily/2011-05-12.json,1,0,0,703,,,0,0,0,
RETAIL_SALES,2011-05-12T07:30:00-05:00,2011-05-12,CENSUS,no_pinned_oanda_candidate,cached_file_no_us_events,Cached file contains 0 total rows but no US rows.,EconomicCalendar/raw/oanda/daily/2011-05-12.json,1,0,0,696,,,0,0,0,
CPI,2011-05-13T07:30:00-05:00,2011-05-13,BLS,no_pinned_oanda_candidate,cached_file_no_us_events,Cached file contains 0 total rows but no US rows.,EconomicCalendar/raw/oanda/daily/2011-05-13.json,1,0,0,699,,,0,0,0,
DURABLE_GOODS,2011-05-25T07:30:00-05:00,2011-05-25,CENSUS,no_pinned_oanda_candidate,cached_file_no_us_events,Cached file contains 0 total rows but no US rows.,EconomicCalendar/raw/oanda/daily/2011-05-25.json,1,0,0,59,,,0,0,0,
GDP,2011-05-26T07:30:00-05:00,2011-05-26,BEA,no_pinned_oanda_candidate,cached_file_no_us_events,Cached file contains 0 total rows but no US rows.,EconomicCalendar/raw/oanda/daily/2011-05-26.json,1,0,0,690,,,0,0,0,
PCE,2011-05-27T07:30:00-05:00,2011-05-27,BEA,no_pinned_oanda_candidate,cached_file_no_us_events,Cached file contains 0 total rows but no US rows.,EconomicCalendar/raw/oanda/daily/2011-05-27.json,1,0,0,694,,,0,0,0,
EMPLOYMENT,2011-06-03T07:30:00-05:00,2011-06-03,BLS,no_pinned_oanda_candidate,cached_file_no_us_events,Cached file contains 0 total rows but no US rows.,EconomicCalendar/raw/oanda/daily/2011-06-03.json,1,0,0,707,,,0,0,0,
JOLTS,2011-06-07T09:00:00-05:00,2011-06-07,BLS,no_pinned_oanda_candidate,cached_file_no_us_events,Cached file contains 0 total rows but no US rows.,EconomicCalendar/raw/oanda/daily/2011-06-07.json,1,0,0,1371,,,0,0,0,
PPI,2011-06-14T07:30:00-05:00,2011-06-14,BLS,no_pinned_oanda_candidate,cached_file_no_us_events,Cached file contains 0 total rows but no US rows.,EconomicCalendar/raw/oanda/daily/2011-06-14.json,1,0,0,703,,,0,0,0,
RETAIL_SALES,2011-06-14T07:30:00-05:00,2011-06-14,CENSUS,no_pinned_oanda_candidate,cached_file_no_us_events,Cached file contains 0 total rows but no US rows.,EconomicCalendar/raw/oanda/daily/2011-06-14.json,1,0,0,696,,,0,0,0,
CPI,2011-06-15T07:30:00-05:00,2011-06-15,BLS,no_pinned_oanda_candidate,cached_file_no_us_events,Cached file contains 0 total rows but no US rows.,EconomicCalendar/raw/oanda/daily/2011-06-15.json,1,0,0,699,,,0,0,0,
FOMC,2011-06-22T11:30:00-05:00,2011-06-22,FEDERAL_RESERVE,no_pinned_oanda_candidate,cached_file_no_us_events,Cached file contains 0 total rows but no US rows.,EconomicCalendar/raw/oanda/daily/2011-06-22.json,1,0,0,82,,,0,0,0,
DURABLE_GOODS,2011-06-24T07:30:00-05:00,2011-06-24,CENSUS,no_pinned_oanda_candidate,cached_file_no_us_events,Cached file contains 0 total rows but no US rows.,EconomicCalendar/raw/oanda/daily/2011-06-24.json,1,0,0,59,,,0,0,0,
GDP,2011-06-24T07:30:00-05:00,2011-06-24,BEA,no_pinned_oanda_candidate,cached_file_no_us_events,Cached file contains 0 total rows but no US rows.,EconomicCalendar/raw/oanda/daily/2011-06-24.json,1,0,0,690,,,0,0,0,
PCE,2011-06-27T07:30:00-05:00,2011-06-27,BEA,no_pinned_oanda_candidate,cached_file_no_us_events,Cached file contains 0 total rows but no US rows.,EconomicCalendar/raw/oanda/daily/2011-06-27.json,1,0,0,694,,,0,0,0,
EMPLOYMENT,2011-07-08T07:30:00-05:00,2011-07-08,BLS,no_pinned_oanda_candidate,cached_file_no_us_events,Cached file contains 0 total rows but no US rows.,EconomicCalendar/raw/oanda/daily/2011-07-08.json,1,0,0,707,,,0,0,0,
JOLTS,2011-07-12T09:00:00-05:00,2011-07-12,BLS,no_pinned_oanda_candidate,same_day_us_but_no_pinned_report,"5 US rows exist, but none use the family pinned report ID(s) [1371]. Observed US report IDs: [81, 683, 684, 685, 803]",EconomicCalendar/raw/oanda/daily/2011-07-12.json,1,22,5,1371,81|683|684|685|803,Crude Oil Stocks (API) - Weekly Change | Exports | FOMC Minutes | Imports | Trade Balance,0,0,0,
JOLTS,2011-08-10T09:00:00-05:00,2011-08-10,BLS,no_pinned_oanda_candidate,same_day_us_but_no_pinned_report,"5 US rows exist, but none use the family pinned report ID(s) [1371]. Observed US report IDs: [40, 78, 711, 712, 713]",EconomicCalendar/raw/oanda/daily/2011-08-10.json,1,15,5,1371,40|78|711|712|713,Crude Oil Stocks - Weekly Change | Distillate Stocks - Weekly Change | Federal Budget Balance | Gasoline Stocks - Weekly Change | Wholesale Inventories,0,0,0,
JOLTS,2011-09-07T09:00:00-05:00,2011-09-07,BLS,no_pinned_oanda_candidate,same_day_us_but_no_pinned_report,"2 US rows exist, but none use the family pinned report ID(s) [1371]. Observed US report IDs: [37, 803]",EconomicCalendar/raw/oanda/daily/2011-09-07.json,1,24,2,1371,37|803,Beige Book | Crude Oil Stocks (API) - Weekly Change,0,0,0,
JOLTS,2011-10-12T09:00:00-05:00,2011-10-12,BLS,no_pinned_oanda_candidate,same_day_us_but_no_pinned_report,"2 US rows exist, but none use the family pinned report ID(s) [1371]. Observed US report IDs: [81, 803]",EconomicCalendar/raw/oanda/daily/2011-10-12.json,1,12,2,1371,81|803,Crude Oil Stocks (API) - Weekly Change | FOMC Minutes,0,0,0,
JOLTS,2011-11-08T09:00:00-06:00,2011-11-08,BLS,no_pinned_oanda_candidate,same_day_us_but_no_pinned_report,"1 US rows exist, but none use the family pinned report ID(s) [1371]. Observed US report IDs: [803]",EconomicCalendar/raw/oanda/daily/2011-11-08.json,1,16,1,1371,803,Crude Oil Stocks (API) - Weekly Change,0,0,0,
JOLTS,2011-12-13T09:00:00-06:00,2011-12-13,BLS,no_pinned_oanda_candidate,same_day_us_but_no_pinned_report,"5 US rows exist, but none use the family pinned report ID(s) [1371]. Observed US report IDs: [79, 82, 696, 697, 803]",EconomicCalendar/raw/oanda/daily/2011-12-13.json,1,20,5,1371,79|82|696|697|803,Business Inventories | Crude Oil Stocks (API) - Weekly Change | FOMC Interest Rate Decision | Retail Sales | Retail Sales Ex Autos,0,0,0,
JOLTS,2012-01-10T09:00:00-06:00,2012-01-10,BLS,no_pinned_oanda_candidate,same_day_us_but_no_pinned_report,"2 US rows exist, but none use the family pinned report ID(s) [1371]. Observed US report IDs: [78, 803]",EconomicCalendar/raw/oanda/daily/2012-01-10.json,1,10,2,1371,78|803,Crude Oil Stocks (API) - Weekly Change | Wholesale Inventories,0,0,0,
JOLTS,2012-02-07T09:00:00-06:00,2012-02-07,BLS,no_pinned_oanda_candidate,same_day_us_but_no_pinned_report,"3 US rows exist, but none use the family pinned report ID(s) [1371]. Observed US report IDs: [76, 241, 803]",EconomicCalendar/raw/oanda/daily/2012-02-07.json,1,12,3,1371,76|241|803,Consumer Credit | Crude Oil Stocks (API) - Weekly Change | Federal Reserve Chairman Ben Bernanke Speaks,0,0,0,
JOLTS,2012-03-13T09:00:00-05:00,2012-03-13,BLS,no_pinned_oanda_candidate,same_day_us_but_no_pinned_report,"5 US rows exist, but none use the family pinned report ID(s) [1371]. Observed US report IDs: [79, 82, 696, 697, 803]",EconomicCalendar/raw/oanda/daily/2012-03-13.json,1,24,5,1371,79|82|696|697|803,Business Inventories | Crude Oil Stocks (API) - Weekly Change | FOMC Interest Rate Decision | Retail Sales | Retail Sales Ex Autos,0,0,0,
JOLTS,2012-04-10T09:00:00-05:00,2012-04-10,BLS,no_pinned_oanda_candidate,same_day_us_but_no_pinned_report,"3 US rows exist, but none use the family pinned report ID(s) [1371]. Observed US report IDs: [78, 241, 803]",EconomicCalendar/raw/oanda/daily/2012-04-10.json,1,17,3,1371,78|241|803,Crude Oil Stocks (API) - Weekly Change | Federal Reserve Chairman Ben Bernanke Speaks | Wholesale Inventories,0,0,0,
JOLTS,2012-05-08T09:00:00-05:00,2012-05-08,BLS,no_pinned_oanda_candidate,same_day_us_but_no_pinned_report,"1 US rows exist, but none use the family pinned report ID(s) [1371]. Observed US report IDs: [803]",EconomicCalendar/raw/oanda/daily/2012-05-08.json,1,9,1,1371,803,Crude Oil Stocks (API) - Weekly Change,0,0,0,
JOLTS,2012-06-19T09:00:00-05:00,2012-06-19,BLS,no_pinned_oanda_candidate,same_day_us_but_no_pinned_report,"3 US rows exist, but none use the family pinned report ID(s) [1371]. Observed US report IDs: [54, 55, 803]",EconomicCalendar/raw/oanda/daily/2012-06-19.json,1,16,3,1371,54|55|803,Building Permits | Crude Oil Stocks (API) - Weekly Change | Housing Starts,0,0,0,
JOLTS,2012-07-10T09:00:00-05:00,2012-07-10,BLS,no_pinned_oanda_candidate,same_day_us_but_no_pinned_report,"1 US rows exist, but none use the family pinned report ID(s) [1371]. Observed US report IDs: [803]",EconomicCalendar/raw/oanda/daily/2012-07-10.json,1,16,1,1371,803,Crude Oil Stocks (API) - Weekly Change,0,0,0,
JOLTS,2012-08-07T09:00:00-05:00,2012-08-07,BLS,no_pinned_oanda_candidate,same_day_us_but_no_pinned_report,"3 US rows exist, but none use the family pinned report ID(s) [1371]. Observed US report IDs: [76, 241, 803]",EconomicCalendar/raw/oanda/daily/2012-08-07.json,1,22,3,1371,76|241|803,Consumer Credit | Crude Oil Stocks (API) - Weekly Change | Federal Reserve Chairman Ben Bernanke Speaks,0,0,0,
JOLTS,2012-09-11T09:00:00-05:00,2012-09-11,BLS,no_pinned_oanda_candidate,same_day_us_but_no_pinned_report,"4 US rows exist, but none use the family pinned report ID(s) [1371]. Observed US report IDs: [683, 684, 685, 803]",EconomicCalendar/raw/oanda/daily/2012-09-11.json,1,14,4,1371,683|684|685|803,Crude Oil Stocks (API) - Weekly Change | Exports | Imports | Trade Balance,0,0,0,
JOLTS,2012-10-10T09:00:00-05:00,2012-10-10,BLS,no_pinned_oanda_candidate,same_day_us_but_no_pinned_report,"3 US rows exist, but none use the family pinned report ID(s) [1371]. Observed US report IDs: [37, 78, 803]",EconomicCalendar/raw/oanda/daily/2012-10-10.json,1,8,3,1371,37|78|803,Beige Book | Crude Oil Stocks (API) - Weekly Change | Wholesale Inventories,0,0,0,
JOLTS,2012-11-06T09:00:00-06:00,2012-11-06,BLS,no_pinned_oanda_candidate,same_day_us_but_no_pinned_report,"1 US rows exist, but none use the family pinned report ID(s) [1371]. Observed US report IDs: [803]",EconomicCalendar/raw/oanda/daily/2012-11-06.json,1,20,1,1371,803,Crude Oil Stocks (API) - Weekly Change,0,0,0,
JOLTS,2012-12-11T09:00:00-06:00,2012-12-11,BLS,no_pinned_oanda_candidate,same_day_us_but_no_pinned_report,"5 US rows exist, but none use the family pinned report ID(s) [1371]. Observed US report IDs: [78, 683, 684, 685, 803]",EconomicCalendar/raw/oanda/daily/2012-12-11.json,1,11,5,1371,78|683|684|685|803,Crude Oil Stocks (API) - Weekly Change | Exports | Imports | Trade Balance | Wholesale Inventories,0,0,0,
JOLTS,2013-01-10T09:00:00-06:00,2013-01-10,BLS,no_pinned_oanda_candidate,same_day_us_but_no_pinned_report,"2 US rows exist, but none use the family pinned report ID(s) [1371]. Observed US report IDs: [50, 78]",EconomicCalendar/raw/oanda/daily/2013-01-10.json,1,18,2,1371,50|78,Weekly Jobless Claims | Wholesale Inventories,0,0,0,
JOLTS,2013-02-12T09:00:00-06:00,2013-02-12,BLS,no_pinned_oanda_candidate,same_day_us_but_no_pinned_report,"6 US rows exist, but none use the family pinned report ID(s) [1371]. Observed US report IDs: [40, 803, 902, 910, 912, 917]",EconomicCalendar/raw/oanda/daily/2013-02-12.json,1,20,6,1371,40|803|902|910|912|917,Crude Oil Stocks (API) - Weekly Change | FOMC Member George Speaks | FOMC Member Lacker Speaks | FOMC Member Plosser Speaks | FOMC Member Yellen Speaks | Federal Budget Balance,0,0,0,
JOLTS,2013-03-12T09:00:00-05:00,2013-03-12,BLS,no_pinned_oanda_candidate,same_day_us_but_no_pinned_report,"1 US rows exist, but none use the family pinned report ID(s) [1371]. Observed US report IDs: [803]",EconomicCalendar/raw/oanda/daily/2013-03-12.json,1,14,1,1371,803,Crude Oil Stocks (API) - Weekly Change,0,0,0,
JOLTS,2013-04-09T09:00:00-05:00,2013-04-09,BLS,no_pinned_oanda_candidate,same_day_us_but_no_pinned_report,"5 US rows exist, but none use the family pinned report ID(s) [1371]. Observed US report IDs: [78, 241, 803, 911, 912]",EconomicCalendar/raw/oanda/daily/2013-04-09.json,1,29,5,1371,78|241|803|911|912,Crude Oil Stocks (API) - Weekly Change | FOMC Member Lacker Speaks | FOMC Member Pianalto Speaks | Federal Reserve Chairman Ben Bernanke Speaks | Wholesale Inventories,0,0,0,
JOLTS,2013-05-07T09:00:00-05:00,2013-05-07,BLS,no_pinned_oanda_candidate,same_day_us_but_no_pinned_report,"2 US rows exist, but none use the family pinned report ID(s) [1371]. Observed US report IDs: [76, 803]",EconomicCalendar/raw/oanda/daily/2013-05-07.json,1,18,2,1371,76|803,Consumer Credit | Crude Oil Stocks (API) - Weekly Change,0,0,0,
JOLTS,2013-06-11T09:00:00-05:00,2013-06-11,BLS,no_pinned_oanda_candidate,same_day_us_but_no_pinned_report,"2 US rows exist, but none use the family pinned report ID(s) [1371]. Observed US report IDs: [78, 803]",EconomicCalendar/raw/oanda/daily/2013-06-11.json,1,15,2,1371,78|803,Crude Oil Stocks (API) - Weekly Change | Wholesale Inventories,0,0,0,
JOLTS,2013-07-09T09:00:00-05:00,2013-07-09,BLS,no_pinned_oanda_candidate,same_day_us_but_no_pinned_report,"1 US rows exist, but none use the family pinned report ID(s) [1371]. Observed US report IDs: [803]",EconomicCalendar/raw/oanda/daily/2013-07-09.json,1,18,1,1371,803,Crude Oil Stocks (API) - Weekly Change,0,0,0,
JOLTS,2013-08-06T09:00:00-05:00,2013-08-06,BLS,no_pinned_oanda_candidate,same_day_us_but_no_pinned_report,"4 US rows exist, but none use the family pinned report ID(s) [1371]. Observed US report IDs: [683, 684, 685, 803]",EconomicCalendar/raw/oanda/daily/2013-08-06.json,1,23,4,1371,683|684|685|803,Crude Oil Stocks (API) - Weekly Change | Exports | Imports | Trade Balance,0,0,0,
JOLTS,2013-09-10T09:00:00-05:00,2013-09-10,BLS,no_pinned_oanda_candidate,same_day_us_but_no_pinned_report,"1 US rows exist, but none use the family pinned report ID(s) [1371]. Observed US report IDs: [803]",EconomicCalendar/raw/oanda/daily/2013-09-10.json,1,15,1,1371,803,Crude Oil Stocks (API) - Weekly Change,0,0,0,
JOLTS,2013-10-24T09:00:00-05:00,2013-10-24,BLS,no_pinned_oanda_candidate,same_day_us_but_no_pinned_report,"5 US rows exist, but none use the family pinned report ID(s) [1371]. Observed US report IDs: [50, 555, 683, 684, 685]",EconomicCalendar/raw/oanda/daily/2013-10-24.json,1,19,5,1371,50|555|683|684|685,Exports | Imports | Manufacturing PMI - pre.. | Trade Balance | Weekly Jobless Claims,0,0,0,
JOLTS,2013-11-22T09:00:00-06:00,2013-11-22,BLS,no_pinned_oanda_candidate,same_day_us_but_no_pinned_report,"2 US rows exist, but none use the family pinned report ID(s) [1371]. Observed US report IDs: [904, 917]",EconomicCalendar/raw/oanda/daily/2013-11-22.json,1,18,2,1371,904|917,FOMC Member George Speaks | FOMC Member Tarullo Speaks,0,0,0,
JOLTS,2013-12-10T09:00:00-06:00,2013-12-10,BLS,no_pinned_oanda_candidate,same_day_us_but_no_pinned_report,"3 US rows exist, but none use the family pinned report ID(s) [1371]. Observed US report IDs: [78, 803, 918]",EconomicCalendar/raw/oanda/daily/2013-12-10.json,1,23,3,1371,78|803|918,Crude Oil Stocks (API) - Weekly Change | FOMC Member Fisher Speaks | Wholesale Inventories,0,0,0,
JOLTS,2014-01-17T09:00:00-06:00,2014-01-17,BLS,no_pinned_oanda_candidate,same_day_us_but_no_pinned_report,"6 US rows exist, but none use the family pinned report ID(s) [1371]. Observed US report IDs: [45, 46, 54, 55, 68, 912]",EconomicCalendar/raw/oanda/daily/2014-01-17.json,1,14,6,1371,45|46|54|55|68|912,Building Permits | Capacity Utilization | FOMC Member Lacker Speaks | Housing Starts | Industrial Production | University of Michigan Consumer Sentiment - pre..,0,0,0,
JOLTS,2014-02-11T09:00:00-06:00,2014-02-11,BLS,no_pinned_oanda_candidate,same_day_us_but_no_pinned_report,"5 US rows exist, but none use the family pinned report ID(s) [1371]. Observed US report IDs: [78, 803, 881, 910, 912]",EconomicCalendar/raw/oanda/daily/2014-02-11.json,1,7,5,1371,78|803|881|910|912,Crude Oil Stocks (API) - Weekly Change | FOMC Member Lacker Speaks | FOMC Member Plosser Speaks | Fed Chair Testifies | Wholesale Inventories,0,0,0,
JOLTS,2014-03-11T09:00:00-05:00,2014-03-11,BLS,no_pinned_oanda_candidate,same_day_us_but_no_pinned_report,"2 US rows exist, but none use the family pinned report ID(s) [1371]. Observed US report IDs: [78, 803]",EconomicCalendar/raw/oanda/daily/2014-03-11.json,1,21,2,1371,78|803,Crude Oil Stocks (API) - Weekly Change | Wholesale Inventories,0,0,0,
JOLTS,2014-04-08T09:00:00-05:00,2014-04-08,BLS,no_pinned_oanda_candidate,same_day_us_but_no_pinned_report,"3 US rows exist, but none use the family pinned report ID(s) [1371]. Observed US report IDs: [803, 910, 916]",EconomicCalendar/raw/oanda/daily/2014-04-08.json,1,24,3,1371,803|910|916,Crude Oil Stocks (API) - Weekly Change | FOMC Member Kocherlakota Speaks | FOMC Member Plosser Speaks,0,0,0,
JOLTS,2014-05-09T09:00:00-05:00,2014-05-09,BLS,no_pinned_oanda_candidate,same_day_us_but_no_pinned_report,"2 US rows exist, but none use the family pinned report ID(s) [1371]. Observed US report IDs: [78, 918]",EconomicCalendar/raw/oanda/daily/2014-05-09.json,1,17,2,1371,78|918,FOMC Member Fisher Speaks | Wholesale Inventories,0,0,0,
JOLTS,2014-06-10T09:00:00-05:00,2014-06-10,BLS,no_pinned_oanda_candidate,same_day_us_but_no_pinned_report,"5 US rows exist, but none use the family pinned report ID(s) [1371]. Observed US report IDs: [78, 803, 904, 908, 915]",EconomicCalendar/raw/oanda/daily/2014-06-10.json,1,26,5,1371,78|803|904|908|915,Crude Oil Stocks (API) - Weekly Change | FOMC Member Bullard Speaks | FOMC Member Rosengren Speaks | FOMC Member Tarullo Speaks | Wholesale Inventories,0,0,0,
JOLTS,2014-07-08T09:00:00-05:00,2014-07-08,BLS,no_pinned_oanda_candidate,same_day_us_but_no_pinned_report,"2 US rows exist, but none use the family pinned report ID(s) [1371]. Observed US report IDs: [76, 803]",EconomicCalendar/raw/oanda/daily/2014-07-08.json,1,20,2,1371,76|803,Consumer Credit | Crude Oil Stocks (API) - Weekly Change,0,0,0,
JOLTS,2014-08-12T09:00:00-05:00,2014-08-12,BLS,no_pinned_oanda_candidate,same_day_us_but_no_pinned_report,"2 US rows exist, but none use the family pinned report ID(s) [1371]. Observed US report IDs: [40, 803]",EconomicCalendar/raw/oanda/daily/2014-08-12.json,1,9,2,1371,40|803,Crude Oil Stocks (API) - Weekly Change | Federal Budget Balance,0,0,0,
JOLTS,2014-09-09T09:00:00-05:00,2014-09-09,BLS,no_pinned_oanda_candidate,same_day_us_but_no_pinned_report,"2 US rows exist, but none use the family pinned report ID(s) [1371]. Observed US report IDs: [803, 904]",EconomicCalendar/raw/oanda/daily/2014-09-09.json,1,13,2,1371,803|904,Crude Oil Stocks (API) - Weekly Change | FOMC Member Tarullo Speaks,0,0,0,
JOLTS,2014-10-07T09:00:00-05:00,2014-10-07,BLS,no_pinned_oanda_candidate,same_day_us_but_no_pinned_report,"5 US rows exist, but none use the family pinned report ID(s) [1371]. Observed US report IDs: [76, 803, 909, 916, 917]",EconomicCalendar/raw/oanda/daily/2014-10-07.json,1,23,5,1371,76|803|909|916|917,Consumer Credit | Crude Oil Stocks (API) - Weekly Change | FOMC Member Dudley Speaks | FOMC Member George Speaks | FOMC Member Kocherlakota Speaks,0,0,0,
JOLTS,2014-11-13T09:00:00-06:00,2014-11-13,BLS,no_pinned_oanda_candidate,same_day_us_but_no_pinned_report,"7 US rows exist, but none use the family pinned report ID(s) [1371]. Observed US report IDs: [40, 50, 711, 712, 713, 910, 941]",EconomicCalendar/raw/oanda/daily/2014-11-13.json,1,29,7,1371,40|50|711|712|713|910|941,Crude Oil Stocks - Weekly Change | Distillate Stocks - Weekly Change | FOMC Member Plosser Speaks | Federal Budget Balance | Federal Reserve Chairwoman Janet L. Yellen Speaks | Gasoline Stocks - Weekly Change | Weekly Jobless Claims,0,0,0,
JOLTS,2014-12-09T09:00:00-06:00,2014-12-09,BLS,no_pinned_oanda_candidate,same_day_us_but_no_pinned_report,"2 US rows exist, but none use the family pinned report ID(s) [1371]. Observed US report IDs: [78, 803]",EconomicCalendar/raw/oanda/daily/2014-12-09.json,1,18,2,1371,78|803,Crude Oil Stocks (API) - Weekly Change | Wholesale Inventories,0,0,0,
JOLTS,2015-01-13T09:00:00-06:00,2015-01-13,BLS,no_pinned_oanda_candidate,same_day_us_but_no_pinned_report,"3 US rows exist, but none use the family pinned report ID(s) [1371]. Observed US report IDs: [40, 803, 916]",EconomicCalendar/raw/oanda/daily/2015-01-13.json,1,20,3,1371,40|803|916,Crude Oil Stocks (API) - Weekly Change | FOMC Member Kocherlakota Speaks | Federal Budget Balance,0,0,0,
JOLTS,2015-02-10T09:00:00-06:00,2015-02-10,BLS,no_pinned_oanda_candidate,same_day_us_but_no_pinned_report,"3 US rows exist, but none use the family pinned report ID(s) [1371]. Observed US report IDs: [78, 803, 912]",EconomicCalendar/raw/oanda/daily/2015-02-10.json,1,18,3,1371,78|803|912,Crude Oil Stocks (API) - Weekly Change | FOMC Member Lacker Speaks | Wholesale Inventories,0,0,0,
JOLTS,2015-03-10T09:00:00-05:00,2015-03-10,BLS,no_pinned_oanda_candidate,same_day_us_but_no_pinned_report,"3 US rows exist, but none use the family pinned report ID(s) [1371]. Observed US report IDs: [78, 803, 918]",EconomicCalendar/raw/oanda/daily/2015-03-10.json,1,14,3,1371,78|803|918,Crude Oil Stocks (API) - Weekly Change | FOMC Member Fisher Speaks | Wholesale Inventories,0,0,0,
JOLTS,2015-04-07T09:00:00-05:00,2015-04-07,BLS,no_pinned_oanda_candidate,same_day_us_but_no_pinned_report,"3 US rows exist, but none use the family pinned report ID(s) [1371]. Observed US report IDs: [76, 803, 916]",EconomicCalendar/raw/oanda/daily/2015-04-07.json,1,15,3,1371,76|803|916,Consumer Credit | Crude Oil Stocks (API) - Weekly Change | FOMC Member Kocherlakota Speaks,0,0,0,
JOLTS,2015-05-12T09:00:00-05:00,2015-05-12,BLS,no_pinned_oanda_candidate,same_day_us_but_no_pinned_report,"2 US rows exist, but none use the family pinned report ID(s) [1371]. Observed US report IDs: [40, 803]",EconomicCalendar/raw/oanda/daily/2015-05-12.json,1,17,2,1371,40|803,Crude Oil Stocks (API) - Weekly Change | Federal Budget Balance,0,0,0,
JOLTS,2015-06-09T09:00:00-05:00,2015-06-09,BLS,no_pinned_oanda_candidate,same_day_us_but_no_pinned_report,"3 US rows exist, but none use the family pinned report ID(s) [1371]. Observed US report IDs: [78, 803, 909]",EconomicCalendar/raw/oanda/daily/2015-06-09.json,1,17,3,1371,78|803|909,Crude Oil Stocks (API) - Weekly Change | FOMC Member Dudley Speaks | Wholesale Inventories,0,0,0,
JOLTS,2015-07-07T09:00:00-05:00,2015-07-07,BLS,no_pinned_oanda_candidate,same_day_us_but_no_pinned_report,"5 US rows exist, but none use the family pinned report ID(s) [1371]. Observed US report IDs: [76, 683, 684, 685, 803]",EconomicCalendar/raw/oanda/daily/2015-07-07.json,1,25,5,1371,76|683|684|685|803,Consumer Credit | Crude Oil Stocks (API) - Weekly Change | Exports | Imports | Trade Balance,0,0,0,
JOLTS,2015-08-12T09:00:00-05:00,2015-08-12,BLS,no_pinned_oanda_candidate,same_day_us_but_no_pinned_report,"5 US rows exist, but none use the family pinned report ID(s) [1371]. Observed US report IDs: [40, 711, 712, 713, 909]",EconomicCalendar/raw/oanda/daily/2015-08-12.json,1,21,5,1371,40|711|712|713|909,Crude Oil Stocks - Weekly Change | Distillate Stocks - Weekly Change | FOMC Member Dudley Speaks | Federal Budget Balance | Gasoline Stocks - Weekly Change,0,0,0,
JOLTS,2015-09-09T09:00:00-05:00,2015-09-09,BLS,no_pinned_oanda_candidate,same_day_us_but_no_pinned_report,"1 US rows exist, but none use the family pinned report ID(s) [1371]. Observed US report IDs: [803]",EconomicCalendar/raw/oanda/daily/2015-09-09.json,1,19,1,1371,803,Crude Oil Stocks (API) - Weekly Change,0,0,0,
JOLTS,2015-10-16T09:00:00-05:00,2015-10-16,BLS,no_pinned_oanda_candidate,same_day_us_but_no_pinned_report,"5 US rows exist, but none use the family pinned report ID(s) [1371]. Observed US report IDs: [45, 46, 68, 716, 717]",EconomicCalendar/raw/oanda/daily/2015-10-16.json,1,24,5,1371,45|46|68|716|717,Capacity Utilization | Industrial Production | Monthly Net TIC Flows | Net Long-Term TIC Flows | University of Michigan Consumer Sentiment - pre..,0,0,0,
JOLTS,2015-11-12T09:00:00-06:00,2015-11-12,BLS,no_pinned_oanda_candidate,same_day_us_but_no_pinned_report,"11 US rows exist, but none use the family pinned report ID(s) [1371]. Observed US report IDs: [40, 50, 711, 712, 713, 909, 910, 912, 914, 915, 941]",EconomicCalendar/raw/oanda/daily/2015-11-12.json,1,30,11,1371,40|50|711|712|713|909|910|912|914|915|941,Crude Oil Stocks - Weekly Change | Distillate Stocks - Weekly Change | FOMC Member Bullard Speaks | FOMC Member Dudley Speaks | FOMC Member Evans Speaks | FOMC Member Lacker Speaks | FOMC Member Plosser Speaks | Federal Budget Balance | Federal Reserve Chairwoman Janet L. Yellen Speaks | Gasoline Stocks - Weekly Change | Weekly Jobless Claims,0,0,0,
JOLTS,2015-12-08T09:00:00-06:00,2015-12-08,BLS,no_pinned_oanda_candidate,same_day_us_but_no_pinned_report,"1 US rows exist, but none use the family pinned report ID(s) [1371]. Observed US report IDs: [803]",EconomicCalendar/raw/oanda/daily/2015-12-08.json,1,27,1,1371,803,Crude Oil Stocks (API) - Weekly Change,0,0,0,
JOLTS,2016-01-12T09:00:00-06:00,2016-01-12,BLS,no_pinned_oanda_candidate,same_day_us_but_no_pinned_report,"4 US rows exist, but none use the family pinned report ID(s) [1371]. Observed US report IDs: [803, 912, 947, 999]",EconomicCalendar/raw/oanda/daily/2016-01-12.json,1,18,4,1371,803|912|947|999,Crude Oil Stocks (API) - Weekly Change | FOMC Member Fischer Speaks | FOMC Member Kaplan Speaks | FOMC Member Lacker Speaks,0,0,0,
JOLTS,2016-02-09T09:00:00-06:00,2016-02-09,BLS,no_pinned_oanda_candidate,same_day_us_but_no_pinned_report,"2 US rows exist, but none use the family pinned report ID(s) [1371]. Observed US report IDs: [78, 803]",EconomicCalendar/raw/oanda/daily/2016-02-09.json,1,10,2,1371,78|803,Crude Oil Stocks (API) - Weekly Change | Wholesale Inventories,0,0,0,
JOLTS,2016-03-17T09:00:00-05:00,2016-03-17,BLS,no_pinned_oanda_candidate,same_day_us_but_no_pinned_report,"4 US rows exist, but none use the family pinned report ID(s) [1371]. Observed US report IDs: [50, 61, 65, 72]",EconomicCalendar/raw/oanda/daily/2016-03-17.json,1,40,4,1371,50|61|65|72,Conference Board Leading Indicators | Current Account | Philadelphia Fed Index | Weekly Jobless Claims,0,0,0,
JOLTS,2016-04-05T09:00:00-05:00,2016-04-05,BLS,no_pinned_oanda_candidate,same_day_us_but_no_pinned_report,"8 US rows exist, but none use the family pinned report ID(s) [1371]. Observed US report IDs: [683, 684, 685, 803, 817, 818, 914, 939]",EconomicCalendar/raw/oanda/daily/2016-04-05.json,1,24,8,1371,683|684|685|803|817|818|914|939,Business Activity Index | Crude Oil Stocks (API) - Weekly Change | Exports | FOMC Member Evans Speaks | ISM Non-Manufacturing Index | Imports | Services PMI - fin.. | Trade Balance,0,0,0,
JOLTS,2016-05-10T09:00:00-05:00,2016-05-10,BLS,no_pinned_oanda_candidate,same_day_us_but_no_pinned_report,"3 US rows exist, but none use the family pinned report ID(s) [1371]. Observed US report IDs: [78, 803, 919]",EconomicCalendar/raw/oanda/daily/2016-05-10.json,1,22,3,1371,78|803|919,Crude Oil Stocks (API) - Weekly Change | FOMC Member Williams Speaks | Wholesale Inventories,0,0,0,
JOLTS,2016-06-08T09:00:00-05:00,2016-06-08,BLS,no_pinned_oanda_candidate,same_day_us_but_no_pinned_report,"3 US rows exist, but none use the family pinned report ID(s) [1371]. Observed US report IDs: [711, 712, 713]",EconomicCalendar/raw/oanda/daily/2016-06-08.json,1,31,3,1371,711|712|713,Crude Oil Stocks - Weekly Change | Distillate Stocks - Weekly Change | Gasoline Stocks - Weekly Change,0,0,0,
JOLTS,2016-07-12T09:00:00-05:00,2016-07-12,BLS,no_pinned_oanda_candidate,same_day_us_but_no_pinned_report,"6 US rows exist, but none use the family pinned report ID(s) [1371]. Observed US report IDs: [78, 803, 904, 915, 945, 1012]",EconomicCalendar/raw/oanda/daily/2016-07-12.json,1,16,6,1371,78|803|904|915|945|1012,Crude Oil Stocks (API) - Weekly Change | FOMC Member Bullard Speaks | FOMC Member Kashkari Speaks | FOMC Member Mester Speaks | FOMC Member Tarullo Speaks | Wholesale Inventories,0,0,0,
JOLTS,2016-08-10T09:00:00-05:00,2016-08-10,BLS,no_pinned_oanda_candidate,same_day_us_but_no_pinned_report,"4 US rows exist, but none use the family pinned report ID(s) [1371]. Observed US report IDs: [40, 711, 712, 713]",EconomicCalendar/raw/oanda/daily/2016-08-10.json,1,17,4,1371,40|711|712|713,Crude Oil Stocks - Weekly Change | Distillate Stocks - Weekly Change | Federal Budget Balance | Gasoline Stocks - Weekly Change,0,0,0,
JOLTS,2016-09-07T09:00:00-05:00,2016-09-07,BLS,no_pinned_oanda_candidate,same_day_us_but_no_pinned_report,"3 US rows exist, but none use the family pinned report ID(s) [1371]. Observed US report IDs: [37, 803, 919]",EconomicCalendar/raw/oanda/daily/2016-09-07.json,1,24,3,1371,37|803|919,Beige Book | Crude Oil Stocks (API) - Weekly Change | FOMC Member Williams Speaks,0,0,0,
JOLTS,2016-10-12T09:00:00-05:00,2016-10-12,BLS,no_pinned_oanda_candidate,same_day_us_but_no_pinned_report,"4 US rows exist, but none use the family pinned report ID(s) [1371]. Observed US report IDs: [81, 803, 909, 917]",EconomicCalendar/raw/oanda/daily/2016-10-12.json,1,19,4,1371,81|803|909|917,Crude Oil Stocks (API) - Weekly Change | FOMC Member Dudley Speaks | FOMC Member George Speaks | FOMC Minutes,0,0,0,
JOLTS,2016-11-08T09:00:00-06:00,2016-11-08,BLS,no_pinned_oanda_candidate,same_day_us_but_no_pinned_report,"2 US rows exist, but none use the family pinned report ID(s) [1371]. Observed US report IDs: [803, 914]",EconomicCalendar/raw/oanda/daily/2016-11-08.json,1,28,2,1371,803|914,Crude Oil Stocks (API) - Weekly Change | FOMC Member Evans Speaks,0,0,0,
JOLTS,2016-12-07T09:00:00-06:00,2016-12-07,BLS,no_pinned_oanda_candidate,same_day_us_but_no_pinned_report,"4 US rows exist, but none use the family pinned report ID(s) [1371]. Observed US report IDs: [76, 711, 712, 713]",EconomicCalendar/raw/oanda/daily/2016-12-07.json,1,24,4,1371,76|711|712|713,Consumer Credit | Crude Oil Stocks - Weekly Change | Distillate Stocks - Weekly Change | Gasoline Stocks - Weekly Change,0,0,0,
JOLTS,2017-01-10T09:00:00-06:00,2017-01-10,BLS,no_pinned_oanda_candidate,same_day_us_but_no_pinned_report,"2 US rows exist, but none use the family pinned report ID(s) [1371]. Observed US report IDs: [78, 803]",EconomicCalendar/raw/oanda/daily/2017-01-10.json,1,15,2,1371,78|803,Crude Oil Stocks (API) - Weekly Change | Wholesale Inventories,0,0,0,
JOLTS,2017-02-07T09:00:00-06:00,2017-02-07,BLS,no_pinned_oanda_candidate,same_day_us_but_no_pinned_report,"5 US rows exist, but none use the family pinned report ID(s) [1371]. Observed US report IDs: [76, 683, 684, 685, 803]",EconomicCalendar/raw/oanda/daily/2017-02-07.json,1,18,5,1371,76|683|684|685|803,Consumer Credit | Crude Oil Stocks (API) - Weekly Change | Exports | Imports | Trade Balance,0,0,0,
JOLTS,2017-03-16T09:00:00-05:00,2017-03-16,BLS,no_pinned_oanda_candidate,same_day_us_but_no_pinned_report,"4 US rows exist, but none use the family pinned report ID(s) [1371]. Observed US report IDs: [50, 54, 55, 65]",EconomicCalendar/raw/oanda/daily/2017-03-16.json,1,35,4,1371,50|54|55|65,Building Permits | Housing Starts | Philadelphia Fed Index | Weekly Jobless Claims,0,0,0,
JOLTS,2017-04-11T09:00:00-05:00,2017-04-11,BLS,no_pinned_oanda_candidate,same_day_us_but_no_pinned_report,"2 US rows exist, but none use the family pinned report ID(s) [1371]. Observed US report IDs: [803, 1012]",EconomicCalendar/raw/oanda/daily/2017-04-11.json,1,21,2,1371,803|1012,Crude Oil Stocks (API) - Weekly Change | FOMC Member Kashkari Speaks,0,0,0,
JOLTS,2017-05-09T09:00:00-05:00,2017-05-09,BLS,no_pinned_oanda_candidate,same_day_us_but_no_pinned_report,"4 US rows exist, but none use the family pinned report ID(s) [1371]. Observed US report IDs: [78, 803, 908, 999]",EconomicCalendar/raw/oanda/daily/2017-05-09.json,1,18,4,1371,78|803|908|999,Crude Oil Stocks (API) - Weekly Change | FOMC Member Kaplan Speaks | FOMC Member Rosengren Speaks | Wholesale Inventories,0,0,0,
JOLTS,2017-06-06T09:00:00-05:00,2017-06-06,BLS,no_pinned_oanda_candidate,same_day_us_but_no_pinned_report,"1 US rows exist, but none use the family pinned report ID(s) [1371]. Observed US report IDs: [803]",EconomicCalendar/raw/oanda/daily/2017-06-06.json,1,11,1,1371,803,Crude Oil Stocks (API) - Weekly Change,0,0,0,
JOLTS,2017-07-11T09:00:00-05:00,2017-07-11,BLS,no_pinned_oanda_candidate,same_day_us_but_no_pinned_report,"5 US rows exist, but none use the family pinned report ID(s) [1371]. Observed US report IDs: [78, 803, 919, 961, 1012]",EconomicCalendar/raw/oanda/daily/2017-07-11.json,1,12,5,1371,78|803|919|961|1012,Crude Oil Stocks (API) - Weekly Change | FOMC Member Brainard Speaks | FOMC Member Kashkari Speaks | FOMC Member Williams Speaks | Wholesale Inventories,0,0,0,
JOLTS,2017-08-08T09:00:00-05:00,2017-08-08,BLS,no_pinned_oanda_candidate,same_day_us_but_no_pinned_report,"1 US rows exist, but none use the family pinned report ID(s) [1371]. Observed US report IDs: [803]",EconomicCalendar/raw/oanda/daily/2017-08-08.json,1,16,1,1371,803,Crude Oil Stocks (API) - Weekly Change,0,0,0,
JOLTS,2017-09-12T09:00:00-05:00,2017-09-12,BLS,no_pinned_oanda_candidate,same_day_us_but_no_pinned_report,"1 US rows exist, but none use the family pinned report ID(s) [1371]. Observed US report IDs: [803]",EconomicCalendar/raw/oanda/daily/2017-09-12.json,1,13,1,1371,803,Crude Oil Stocks (API) - Weekly Change,0,0,0,
JOLTS,2017-10-11T09:00:00-05:00,2017-10-11,BLS,no_pinned_oanda_candidate,same_day_us_but_no_pinned_report,"4 US rows exist, but none use the family pinned report ID(s) [1371]. Observed US report IDs: [81, 803, 914, 999]",EconomicCalendar/raw/oanda/daily/2017-10-11.json,1,10,4,1371,81|803|914|999,Crude Oil Stocks (API) - Weekly Change | FOMC Member Evans Speaks | FOMC Member Kaplan Speaks | FOMC Minutes,0,0,0,
JOLTS,2017-11-07T09:00:00-06:00,2017-11-07,BLS,no_pinned_oanda_candidate,same_day_us_but_no_pinned_report,"3 US rows exist, but none use the family pinned report ID(s) [1371]. Observed US report IDs: [76, 803, 941]",EconomicCalendar/raw/oanda/daily/2017-11-07.json,1,18,3,1371,76|803|941,Consumer Credit | Crude Oil Stocks (API) - Weekly Change | Federal Reserve Chairwoman Janet L. Yellen Speaks,0,0,0,
JOLTS,2017-12-11T09:00:00-06:00,2017-12-11,BLS,no_pinned_oanda_candidate,cached_file_no_us_events,Cached file contains 12 total rows but no US rows.,EconomicCalendar/raw/oanda/daily/2017-12-11.json,1,12,0,1371,,,0,0,0,
JOLTS,2018-01-09T09:00:00-06:00,2018-01-09,BLS,no_pinned_oanda_candidate,same_day_us_but_no_pinned_report,"2 US rows exist, but none use the family pinned report ID(s) [1371]. Observed US report IDs: [803, 1012]",EconomicCalendar/raw/oanda/daily/2018-01-09.json,1,21,2,1371,803|1012,Crude Oil Stocks (API) - Weekly Change | FOMC Member Kashkari Speaks,0,0,0,
JOLTS,2018-02-06T09:00:00-06:00,2018-02-06,BLS,no_pinned_oanda_candidate,same_day_us_but_no_pinned_report,"5 US rows exist, but none use the family pinned report ID(s) [1371]. Observed US report IDs: [683, 684, 685, 803, 915]",EconomicCalendar/raw/oanda/daily/2018-02-06.json,1,19,5,1371,683|684|685|803|915,Crude Oil Stocks (API) - Weekly Change | Exports | FOMC Member Bullard Speaks | Imports | Trade Balance,0,0,0,
JOLTS,2018-03-16T09:00:00-05:00,2018-03-16,BLS,no_pinned_oanda_candidate,same_day_us_but_no_pinned_report,"8 US rows exist, but none use the family pinned report ID(s) [1371]. Observed US report IDs: [45, 46, 54, 55, 68, 1084, 1085, 1099]",EconomicCalendar/raw/oanda/daily/2018-03-16.json,1,34,8,1371,45|46|54|55|68|1084|1085|1099,Building Permits | Capacity Utilization | Housing Starts | Industrial Production | Oil Rig Count | University of Michigan 1-Year Inflation Outlook - pre.. | University of Michigan 5-Year Inflation Outlook - pre.. | University of Michigan Consumer Sentiment - pre..,0,0,0,
JOLTS,2018-04-13T09:00:00-05:00,2018-04-13,BLS,no_pinned_oanda_candidate,same_day_us_but_no_pinned_report,"6 US rows exist, but none use the family pinned report ID(s) [1371]. Observed US report IDs: [68, 908, 915, 1084, 1085, 1099]",EconomicCalendar/raw/oanda/daily/2018-04-13.json,1,25,6,1371,68|908|915|1084|1085|1099,FOMC Member Bullard Speaks | FOMC Member Rosengren Speaks | Oil Rig Count | University of Michigan 1-Year Inflation Outlook - pre.. | University of Michigan 5-Year Inflation Outlook - pre.. | University of Michigan Consumer Sentiment - pre..,0,0,0,
JOLTS,2018-05-08T09:00:00-05:00,2018-05-08,BLS,no_pinned_oanda_candidate,same_day_us_but_no_pinned_report,"2 US rows exist, but none use the family pinned report ID(s) [1371]. Observed US report IDs: [803, 1165]",EconomicCalendar/raw/oanda/daily/2018-05-08.json,1,20,2,1371,803|1165,Crude Oil Stocks (API) - Weekly Change | Federal Reserve Chairman Jerome Powell Speaks,0,0,0,
JOLTS,2018-06-05T09:00:00-05:00,2018-06-05,BLS,no_pinned_oanda_candidate,same_day_us_but_no_pinned_report,"6 US rows exist, but none use the family pinned report ID(s) [1371]. Observed US report IDs: [803, 817, 818, 939, 1077, 1078]",EconomicCalendar/raw/oanda/daily/2018-06-05.json,1,26,6,1371,803|817|818|939|1077|1078,Business Activity Index | Crude Oil Stocks (API) - Weekly Change | ISM Non-Manufacturing Employment Index | ISM Non-Manufacturing Index | ISM Non-Manufacturing Prices Index | Services PMI - fin..,0,0,0,
JOLTS,2018-07-10T09:00:00-05:00,2018-07-10,BLS,no_pinned_oanda_candidate,same_day_us_but_no_pinned_report,"1 US rows exist, but none use the family pinned report ID(s) [1371]. Observed US report IDs: [803]",EconomicCalendar/raw/oanda/daily/2018-07-10.json,1,22,1,1371,803,Crude Oil Stocks (API) - Weekly Change,0,0,0,
JOLTS,2018-08-07T09:00:00-05:00,2018-08-07,BLS,no_pinned_oanda_candidate,same_day_us_but_no_pinned_report,"2 US rows exist, but none use the family pinned report ID(s) [1371]. Observed US report IDs: [76, 803]",EconomicCalendar/raw/oanda/daily/2018-08-07.json,1,18,2,1371,76|803,Consumer Credit | Crude Oil Stocks (API) - Weekly Change,0,0,0,
JOLTS,2018-09-11T09:00:00-05:00,2018-09-11,BLS,no_pinned_oanda_candidate,same_day_us_but_no_pinned_report,"2 US rows exist, but none use the family pinned report ID(s) [1371]. Observed US report IDs: [78, 803]",EconomicCalendar/raw/oanda/daily/2018-09-11.json,1,10,2,1371,78|803,Crude Oil Stocks (API) - Weekly Change | Wholesale Inventories,0,0,0,
JOLTS,2018-10-16T09:00:00-05:00,2018-10-16,BLS,no_pinned_oanda_candidate,same_day_us_but_no_pinned_report,"6 US rows exist, but none use the family pinned report ID(s) [1371]. Observed US report IDs: [45, 46, 71, 716, 717, 803]",EconomicCalendar/raw/oanda/daily/2018-10-16.json,1,30,6,1371,45|46|71|716|717|803,Capacity Utilization | Crude Oil Stocks (API) - Weekly Change | Industrial Production | Monthly Net TIC Flows | NAHB Housing Market Index | Net Long-Term TIC Flows,0,0,0,
JOLTS,2018-11-06T09:00:00-06:00,2018-11-06,BLS,no_pinned_oanda_candidate,same_day_us_but_no_pinned_report,"1 US rows exist, but none use the family pinned report ID(s) [1371]. Observed US report IDs: [803]",EconomicCalendar/raw/oanda/daily/2018-11-06.json,1,22,1,1371,803,Crude Oil Stocks (API) - Weekly Change,0,0,0,
JOLTS,2018-12-10T09:00:00-06:00,2018-12-10,BLS,no_pinned_oanda_candidate,cached_file_no_us_events,Cached file contains 30 total rows but no US rows.,EconomicCalendar/raw/oanda/daily/2018-12-10.json,1,30,0,1371,,,0,0,0,
JOLTS,2019-01-08T09:00:00-06:00,2019-01-08,BLS,no_pinned_oanda_candidate,same_day_us_but_no_pinned_report,"2 US rows exist, but none use the family pinned report ID(s) [1371]. Observed US report IDs: [76, 803]",EconomicCalendar/raw/oanda/daily/2019-01-08.json,1,24,2,1371,76|803,Consumer Credit | Crude Oil Stocks (API) - Weekly Change,0,0,0,
JOLTS,2019-02-12T09:00:00-06:00,2019-02-12,BLS,no_pinned_oanda_candidate,same_day_us_but_no_pinned_report,"2 US rows exist, but none use the family pinned report ID(s) [1371]. Observed US report IDs: [803, 1165]",EconomicCalendar/raw/oanda/daily/2019-02-12.json,1,6,2,1371,803|1165,Crude Oil Stocks (API) - Weekly Change | Federal Reserve Chairman Jerome Powell Speaks,0,0,0,
JOLTS,2019-03-15T09:00:00-05:00,2019-03-15,BLS,no_pinned_oanda_candidate,same_day_us_but_no_pinned_report,"9 US rows exist, but none use the family pinned report ID(s) [1371]. Observed US report IDs: [45, 46, 68, 69, 716, 717, 1084, 1085, 1099]",EconomicCalendar/raw/oanda/daily/2019-03-15.json,1,26,9,1371,45|46|68|69|716|717|1084|1085|1099,Capacity Utilization | Industrial Production | Monthly Net TIC Flows | NY Empire State Manufacturing Index | Net Long-Term TIC Flows | Oil Rig Count | University of Michigan 1-Year Inflation Outlook - pre.. | University of Michigan 5-Year Inflation Outlook - pre.. | University of Michigan Consumer Sentiment - pre..,0,0,0,
JOLTS,2019-04-09T09:00:00-05:00,2019-04-09,BLS,no_pinned_oanda_candidate,same_day_us_but_no_pinned_report,"1 US rows exist, but none use the family pinned report ID(s) [1371]. Observed US report IDs: [803]",EconomicCalendar/raw/oanda/daily/2019-04-09.json,1,9,1,1371,803,Crude Oil Stocks (API) - Weekly Change,0,0,0,
JOLTS,2019-05-07T09:00:00-05:00,2019-05-07,BLS,no_pinned_oanda_candidate,same_day_us_but_no_pinned_report,"4 US rows exist, but none use the family pinned report ID(s) [1371]. Observed US report IDs: [76, 803, 999, 1149]",EconomicCalendar/raw/oanda/daily/2019-05-07.json,1,16,4,1371,76|803|999|1149,Consumer Credit | Crude Oil Stocks (API) - Weekly Change | FOMC Member Kaplan Speaks | FOMC Member Quarles Speaks,0,0,0,
JOLTS,2019-06-10T09:00:00-05:00,2019-06-10,BLS,no_pinned_oanda_candidate,cached_file_no_us_events,Cached file contains 22 total rows but no US rows.,EconomicCalendar/raw/oanda/daily/2019-06-10.json,1,22,0,1371,,,0,0,0,
JOLTS,2019-07-09T09:00:00-05:00,2019-07-09,BLS,no_pinned_oanda_candidate,same_day_us_but_no_pinned_report,"5 US rows exist, but none use the family pinned report ID(s) [1371]. Observed US report IDs: [803, 907, 915, 1142, 1149]",EconomicCalendar/raw/oanda/daily/2019-07-09.json,1,17,5,1371,803|907|915|1142|1149,Crude Oil Stocks (API) - Weekly Change | FOMC Member Bostic Speaks | FOMC Member Bullard Speaks | FOMC Member Powell Speaks | FOMC Member Quarles Speaks,0,0,0,
JOLTS,2019-08-06T09:00:00-05:00,2019-08-06,BLS,no_pinned_oanda_candidate,same_day_us_but_no_pinned_report,"3 US rows exist, but none use the family pinned report ID(s) [1371]. Observed US report IDs: [803, 915, 997]",EconomicCalendar/raw/oanda/daily/2019-08-06.json,1,15,3,1371,803|915|997,Crude Oil Stocks (API) - Weekly Change | FOMC Member Bullard Speaks | FOMC Member Harker Speaks,0,0,0,
JOLTS,2019-09-10T09:00:00-05:00,2019-09-10,BLS,no_pinned_oanda_candidate,same_day_us_but_no_pinned_report,"1 US rows exist, but none use the family pinned report ID(s) [1371]. Observed US report IDs: [803]",EconomicCalendar/raw/oanda/daily/2019-09-10.json,1,19,1,1371,803,Crude Oil Stocks (API) - Weekly Change,0,0,0,
JOLTS,2019-10-09T09:00:00-05:00,2019-10-09,BLS,no_pinned_oanda_candidate,same_day_us_but_no_pinned_report,"7 US rows exist, but none use the family pinned report ID(s) [1371]. Observed US report IDs: [78, 81, 711, 712, 713, 917, 1165]",EconomicCalendar/raw/oanda/daily/2019-10-09.json,1,13,7,1371,78|81|711|712|713|917|1165,Crude Oil Stocks - Weekly Change | Distillate Stocks - Weekly Change | FOMC Member George Speaks | FOMC Minutes | Federal Reserve Chairman Jerome Powell Speaks | Gasoline Stocks - Weekly Change | Wholesale Inventories,0,0,0,
JOLTS,2019-11-05T09:00:00-06:00,2019-11-05,BLS,no_pinned_oanda_candidate,same_day_us_but_no_pinned_report,"11 US rows exist, but none use the family pinned report ID(s) [1371]. Observed US report IDs: [683, 684, 685, 803, 817, 818, 939, 999, 1077, 1078, 1175]",EconomicCalendar/raw/oanda/daily/2019-11-05.json,1,21,11,1371,683|684|685|803|817|818|939|999|1077|1078|1175,Business Activity Index | Crude Oil Stocks (API) - Weekly Change | Exports | FOMC Member Barkin Speaks | FOMC Member Kaplan Speaks | ISM Non-Manufacturing Employment Index | ISM Non-Manufacturing Index | ISM Non-Manufacturing Prices Index | Imports | Services PMI - fin.. | Trade Balance,0,0,0,
JOLTS,2019-12-17T09:00:00-06:00,2019-12-17,BLS,no_pinned_oanda_candidate,same_day_us_but_no_pinned_report,"5 US rows exist, but none use the family pinned report ID(s) [1371]. Observed US report IDs: [45, 46, 54, 55, 803]",EconomicCalendar/raw/oanda/daily/2019-12-17.json,1,18,5,1371,45|46|54|55|803,Building Permits | Capacity Utilization | Crude Oil Stocks (API) - Weekly Change | Housing Starts | Industrial Production,0,0,0,
JOLTS,2020-01-17T09:00:00-06:00,2020-01-17,BLS,no_pinned_oanda_candidate,same_day_us_but_no_pinned_report,"10 US rows exist, but none use the family pinned report ID(s) [1371]. Observed US report IDs: [45, 46, 54, 55, 68, 997, 1084, 1085, 1099, 1149]",EconomicCalendar/raw/oanda/daily/2020-01-17.json,1,28,10,1371,45|46|54|55|68|997|1084|1085|1099|1149,Building Permits | Capacity Utilization | FOMC Member Harker Speaks | FOMC Member Quarles Speaks | Housing Starts | Industrial Production | Oil Rig Count | University of Michigan 1-Year Inflation Outlook - pre.. | University of Michigan 5-Year Inflation Outlook - pre.. | University of Michigan Consumer Sentiment - pre..,0,0,0,
JOLTS,2020-02-11T09:00:00-06:00,2020-02-11,BLS,no_pinned_oanda_candidate,same_day_us_but_no_pinned_report,"4 US rows exist, but none use the family pinned report ID(s) [1371]. Observed US report IDs: [803, 881, 1012, 1149]",EconomicCalendar/raw/oanda/daily/2020-02-11.json,1,15,4,1371,803|881|1012|1149,Crude Oil Stocks (API) - Weekly Change | FOMC Member Kashkari Speaks | FOMC Member Quarles Speaks | Fed Chair Testifies,0,0,0,
JOLTS,2020-03-17T09:00:00-05:00,2020-03-17,BLS,no_pinned_oanda_candidate,same_day_us_but_no_pinned_report,"8 US rows exist, but none use the family pinned report ID(s) [1371]. Observed US report IDs: [45, 46, 71, 79, 696, 697, 803, 1092]",EconomicCalendar/raw/oanda/daily/2020-03-17.json,1,28,8,1371,45|46|71|79|696|697|803|1092,Business Inventories | Capacity Utilization | Crude Oil Stocks (API) - Weekly Change | Industrial Production | NAHB Housing Market Index | Retail Sales | Retail Sales Ex Autos | Retail Sales Ex Gas and Autos,0,0,0,
FOMC,2020-03-23T07:00:00-05:00,2020-03-23,FEDERAL_RESERVE,no_pinned_oanda_candidate,cached_file_no_us_events,Cached file contains 2 total rows but no US rows.,EconomicCalendar/raw/oanda/daily/2020-03-23.json,1,2,0,82,,,0,0,0,
JOLTS,2020-04-07T09:00:00-05:00,2020-04-07,BLS,no_pinned_oanda_candidate,same_day_us_but_no_pinned_report,"2 US rows exist, but none use the family pinned report ID(s) [1371]. Observed US report IDs: [76, 803]",EconomicCalendar/raw/oanda/daily/2020-04-07.json,1,26,2,1371,76|803,Consumer Credit | Crude Oil Stocks (API) - Weekly Change,0,0,0,
JOLTS,2020-05-15T09:00:00-05:00,2020-05-15,BLS,no_pinned_oanda_candidate,same_day_us_but_no_pinned_report,"13 US rows exist, but none use the family pinned report ID(s) [1371]. Observed US report IDs: [45, 46, 68, 69, 79, 696, 697, 716, 717, 1084, 1085, 1092, 1099]",EconomicCalendar/raw/oanda/daily/2020-05-15.json,1,42,13,1371,45|46|68|69|79|696|697|716|717|1084|1085|1092|1099,Business Inventories | Capacity Utilization | Industrial Production | Monthly Net TIC Flows | NY Empire State Manufacturing Index | Net Long-Term TIC Flows | Oil Rig Count | Retail Sales | Retail Sales Ex Autos | Retail Sales Ex Gas and Autos | University of Michigan 1-Year Inflation Outlook - pre.. | University of Michigan 5-Year Inflation Outlook - pre.. | University of Michigan Consumer Sentiment - pre..,0,0,0,
JOLTS,2020-06-09T09:00:00-05:00,2020-06-09,BLS,no_pinned_oanda_candidate,same_day_us_but_no_pinned_report,"2 US rows exist, but none use the family pinned report ID(s) [1371]. Observed US report IDs: [78, 803]",EconomicCalendar/raw/oanda/daily/2020-06-09.json,1,15,2,1371,78|803,Crude Oil Stocks (API) - Weekly Change | Wholesale Inventories,0,0,0,
JOLTS,2020-07-07T09:00:00-05:00,2020-07-07,BLS,no_pinned_oanda_candidate,same_day_us_but_no_pinned_report,"5 US rows exist, but none use the family pinned report ID(s) [1371]. Observed US report IDs: [803, 1142, 1149, 1175, 1202]",EconomicCalendar/raw/oanda/daily/2020-07-07.json,1,23,5,1371,803|1142|1149|1175|1202,Crude Oil Stocks (API) - Weekly Change | FOMC Member Barkin Speaks | FOMC Member Bostic Speaks | FOMC Member Daly Speaks | FOMC Member Quarles Speaks,0,0,0,
JOLTS,2020-08-10T09:00:00-05:00,2020-08-10,BLS,no_pinned_oanda_candidate,cached_file_no_us_events,Cached file contains 10 total rows but no US rows.,EconomicCalendar/raw/oanda/daily/2020-08-10.json,1,10,0,1371,,,0,0,0,
JOLTS,2020-09-09T09:00:00-05:00,2020-09-09,BLS,no_pinned_oanda_candidate,same_day_us_but_no_pinned_report,"1 US rows exist, but none use the family pinned report ID(s) [1371]. Observed US report IDs: [803]",EconomicCalendar/raw/oanda/daily/2020-09-09.json,1,10,1,1371,803,Crude Oil Stocks (API) - Weekly Change,0,0,0,
JOLTS,2020-10-06T09:00:00-05:00,2020-10-06,BLS,no_pinned_oanda_candidate,same_day_us_but_no_pinned_report,"6 US rows exist, but none use the family pinned report ID(s) [1371]. Observed US report IDs: [683, 684, 685, 803, 997, 1165]",EconomicCalendar/raw/oanda/daily/2020-10-06.json,1,18,6,1371,683|684|685|803|997|1165,Crude Oil Stocks (API) - Weekly Change | Exports | FOMC Member Harker Speaks | Federal Reserve Chairman Jerome Powell Speaks | Imports | Trade Balance,0,0,0,
JOLTS,2020-11-10T09:00:00-06:00,2020-11-10,BLS,no_pinned_oanda_candidate,same_day_us_but_no_pinned_report,"5 US rows exist, but none use the family pinned report ID(s) [1371]. Observed US report IDs: [803, 908, 961, 1149]",EconomicCalendar/raw/oanda/daily/2020-11-10.json,1,26,5,1371,803|908|961|1149,Crude Oil Stocks (API) - Weekly Change | FOMC Member Brainard Speaks | FOMC Member Quarles Speaks | FOMC Member Rosengren Speaks,0,0,0,
JOLTS,2020-12-09T09:00:00-06:00,2020-12-09,BLS,no_pinned_oanda_candidate,same_day_us_but_no_pinned_report,"4 US rows exist, but none use the family pinned report ID(s) [1371]. Observed US report IDs: [78, 711, 712, 713]",EconomicCalendar/raw/oanda/daily/2020-12-09.json,1,19,4,1371,78|711|712|713,Crude Oil Stocks - Weekly Change | Distillate Stocks - Weekly Change | Gasoline Stocks - Weekly Change | Wholesale Inventories,0,0,0,
JOLTS,2021-01-12T09:00:00-06:00,2021-01-12,BLS,no_pinned_oanda_candidate,same_day_us_but_no_pinned_report,"3 US rows exist, but none use the family pinned report ID(s) [1371]. Observed US report IDs: [803, 945, 999]",EconomicCalendar/raw/oanda/daily/2021-01-12.json,1,10,3,1371,803|945|999,Crude Oil Stocks (API) - Weekly Change | FOMC Member Kaplan Speaks | FOMC Member Mester Speaks,0,0,0,
JOLTS,2021-02-09T09:00:00-06:00,2021-02-09,BLS,no_pinned_oanda_candidate,same_day_us_but_no_pinned_report,"2 US rows exist, but none use the family pinned report ID(s) [1371]. Observed US report IDs: [803, 915]",EconomicCalendar/raw/oanda/daily/2021-02-09.json,1,8,2,1371,803|915,Crude Oil Stocks (API) - Weekly Change | FOMC Member Bullard Speaks,0,0,0,
JOLTS,2021-03-11T09:00:00-06:00,2021-03-11,BLS,no_pinned_oanda_candidate,same_day_us_but_no_pinned_report,"2 US rows exist, but none use the family pinned report ID(s) [1371]. Observed US report IDs: [50, 1177]",EconomicCalendar/raw/oanda/daily/2021-03-11.json,1,11,2,1371,50|1177,EIA Natural Gas Storage | Weekly Jobless Claims,0,0,0,
JOLTS,2021-04-06T09:00:00-05:00,2021-04-06,BLS,no_pinned_oanda_candidate,same_day_us_but_no_pinned_report,"1 US rows exist, but none use the family pinned report ID(s) [1371]. Observed US report IDs: [803]",EconomicCalendar/raw/oanda/daily/2021-04-06.json,1,10,1,1371,803,Crude Oil Stocks (API) - Weekly Change,0,0,0,
JOLTS,2021-05-11T09:00:00-05:00,2021-05-11,BLS,no_pinned_oanda_candidate,same_day_us_but_no_pinned_report,"6 US rows exist, but none use the family pinned report ID(s) [1371]. Observed US report IDs: [803, 961, 997, 1142, 1186, 1202]",EconomicCalendar/raw/oanda/daily/2021-05-11.json,1,16,6,1371,803|961|997|1142|1186|1202,Crude Oil Stocks (API) - Weekly Change | FOMC Member Bostic Speaks | FOMC Member Brainard Speaks | FOMC Member Daly Speaks | FOMC Member Harker Speaks | FOMC Member Williams Speaks,0,0,0,
JOLTS,2021-06-08T09:00:00-05:00,2021-06-08,BLS,no_pinned_oanda_candidate,same_day_us_but_no_pinned_report,"4 US rows exist, but none use the family pinned report ID(s) [1371]. Observed US report IDs: [683, 684, 685, 803]",EconomicCalendar/raw/oanda/daily/2021-06-08.json,1,23,4,1371,683|684|685|803,Crude Oil Stocks (API) - Weekly Change | Exports | Imports | Trade Balance,0,0,0,
JOLTS,2021-07-07T09:00:00-05:00,2021-07-07,BLS,no_pinned_oanda_candidate,same_day_us_but_no_pinned_report,"2 US rows exist, but none use the family pinned report ID(s) [1371]. Observed US report IDs: [81, 803]",EconomicCalendar/raw/oanda/daily/2021-07-07.json,1,19,2,1371,81|803,Crude Oil Stocks (API) - Weekly Change | FOMC Minutes,0,0,0,
JOLTS,2021-08-09T09:00:00-05:00,2021-08-09,BLS,no_pinned_oanda_candidate,same_day_us_but_no_pinned_report,"2 US rows exist, but none use the family pinned report ID(s) [1371]. Observed US report IDs: [1142, 1175]",EconomicCalendar/raw/oanda/daily/2021-08-09.json,1,13,2,1371,1142|1175,FOMC Member Barkin Speaks | FOMC Member Bostic Speaks,0,0,0,
JOLTS,2021-09-08T09:00:00-05:00,2021-09-08,BLS,no_pinned_oanda_candidate,same_day_us_but_no_pinned_report,"4 US rows exist, but none use the family pinned report ID(s) [1371]. Observed US report IDs: [37, 76, 803, 1186]",EconomicCalendar/raw/oanda/daily/2021-09-08.json,1,24,4,1371,37|76|803|1186,Beige Book | Consumer Credit | Crude Oil Stocks (API) - Weekly Change | FOMC Member Williams Speaks,0,0,0,
JOLTS,2021-10-12T09:00:00-05:00,2021-10-12,BLS,no_pinned_oanda_candidate,same_day_us_but_no_pinned_report,"3 US rows exist, but none use the family pinned report ID(s) [1371]. Observed US report IDs: [914, 1142, 1197]",EconomicCalendar/raw/oanda/daily/2021-10-12.json,1,9,3,1371,914|1142|1197,FOMC Member Bostic Speaks | FOMC Member Clarida Speaks | FOMC Member Evans Speaks,0,0,0,
JOLTS,2021-11-12T09:00:00-06:00,2021-11-12,BLS,no_pinned_oanda_candidate,same_day_us_but_no_pinned_report,"5 US rows exist, but none use the family pinned report ID(s) [1371]. Observed US report IDs: [68, 1084, 1085, 1099, 1186]",EconomicCalendar/raw/oanda/daily/2021-11-12.json,1,19,5,1371,68|1084|1085|1099|1186,FOMC Member Williams Speaks | Oil Rig Count | University of Michigan 1-Year Inflation Outlook - pre.. | University of Michigan 5-Year Inflation Outlook - pre.. | University of Michigan Consumer Sentiment - pre..,0,0,0,
JOLTS,2021-12-08T09:00:00-06:00,2021-12-08,BLS,no_pinned_oanda_candidate,same_day_us_but_no_pinned_report,"3 US rows exist, but none use the family pinned report ID(s) [1371]. Observed US report IDs: [711, 712, 713]",EconomicCalendar/raw/oanda/daily/2021-12-08.json,1,19,3,1371,711|712|713,Crude Oil Stocks - Weekly Change | Distillate Stocks - Weekly Change | Gasoline Stocks - Weekly Change,0,0,0,
JOLTS,2022-01-04T09:00:00-06:00,2022-01-04,BLS,no_pinned_oanda_candidate,same_day_us_but_no_pinned_report,"5 US rows exist, but none use the family pinned report ID(s) [1371]. Observed US report IDs: [66, 803, 1080, 1081, 1082]",EconomicCalendar/raw/oanda/daily/2022-01-04.json,1,25,5,1371,66|803|1080|1081|1082,Crude Oil Stocks (API) - Weekly Change | ISM Manufacturing Employment Index | ISM Manufacturing Index | ISM Manufacturing New Orders Index | ISM Manufacturing Prices Index,0,0,0,
JOLTS,2022-02-01T09:00:00-06:00,2022-02-01,BLS,no_pinned_oanda_candidate,same_day_us_but_no_pinned_report,"7 US rows exist, but none use the family pinned report ID(s) [1371]. Observed US report IDs: [66, 80, 555, 803, 1080, 1081, 1082]",EconomicCalendar/raw/oanda/daily/2022-02-01.json,1,43,7,1371,66|80|555|803|1080|1081|1082,Construction Spending | Crude Oil Stocks (API) - Weekly Change | ISM Manufacturing Employment Index | ISM Manufacturing Index | ISM Manufacturing New Orders Index | ISM Manufacturing Prices Index | Manufacturing PMI - fin..,0,0,0,
JOLTS,2022-03-09T09:00:00-06:00,2022-03-09,BLS,no_pinned_oanda_candidate,same_day_us_but_no_pinned_report,"3 US rows exist, but none use the family pinned report ID(s) [1371]. Observed US report IDs: [711, 712, 713]",EconomicCalendar/raw/oanda/daily/2022-03-09.json,1,15,3,1371,711|712|713,Crude Oil Stocks - Weekly Change | Distillate Stocks - Weekly Change | Gasoline Stocks - Weekly Change,0,0,0,
JOLTS,2022-03-29T09:00:00-05:00,2022-03-29,BLS,no_pinned_oanda_candidate,same_day_us_but_no_pinned_report,"7 US rows exist, but none use the family pinned report ID(s) [1371]. Observed US report IDs: [63, 73, 714, 715, 803, 997, 1186]",EconomicCalendar/raw/oanda/daily/2022-03-29.json,1,17,7,1371,63|73|714|715|803|997|1186,Conference Board Consumer Confidence | Crude Oil Stocks (API) - Weekly Change | FHFA House Price Index | FOMC Member Harker Speaks | FOMC Member Williams Speaks | S&P/Case-Shiller 10-City Composities | S&P/Case-Shiller 20-City Composities,0,0,0,
JOLTS,2022-05-03T09:00:00-05:00,2022-05-03,BLS,no_pinned_oanda_candidate,same_day_us_but_no_pinned_report,"4 US rows exist, but none use the family pinned report ID(s) [1371]. Observed US report IDs: [58, 59, 60, 803]",EconomicCalendar/raw/oanda/daily/2022-05-03.json,1,10,4,1371,58|59|60|803,Crude Oil Stocks (API) - Weekly Change | Durable Goods Orders - fin.. | Durable Goods Orders Ex-Transport - fin.. | Factory Orders,0,0,0,
JOLTS,2022-06-01T09:00:00-05:00,2022-06-01,BLS,no_pinned_oanda_candidate,same_day_us_but_no_pinned_report,"11 US rows exist, but none use the family pinned report ID(s) [1371]. Observed US report IDs: [37, 66, 80, 555, 803, 915, 945, 1080, 1081, 1082, 1186]",EconomicCalendar/raw/oanda/daily/2022-06-01.json,1,39,11,1371,37|66|80|555|803|915|945|1080|1081|1082|1186,Beige Book | Construction Spending | Crude Oil Stocks (API) - Weekly Change | FOMC Member Bullard Speaks | FOMC Member Mester Speaks | FOMC Member Williams Speaks | ISM Manufacturing Employment Index | ISM Manufacturing Index | ISM Manufacturing New Orders Index | ISM Manufacturing Prices Index | Manufacturing PMI - fin..,0,0,0,
JOLTS,2022-07-06T09:00:00-05:00,2022-07-06,BLS,no_pinned_oanda_candidate,same_day_us_but_no_pinned_report,"8 US rows exist, but none use the family pinned report ID(s) [1371]. Observed US report IDs: [81, 803, 817, 818, 939, 1077, 1078, 1186]",EconomicCalendar/raw/oanda/daily/2022-07-06.json,1,19,8,1371,81|803|817|818|939|1077|1078|1186,Business Activity Index | Crude Oil Stocks (API) - Weekly Change | FOMC Member Williams Speaks | FOMC Minutes | ISM Non-Manufacturing Employment Index | ISM Non-Manufacturing Index | ISM Non-Manufacturing Prices Index | Services PMI - fin..,0,0,0,
JOLTS,2022-08-02T09:00:00-05:00,2022-08-02,BLS,no_pinned_oanda_candidate,same_day_us_but_no_pinned_report,"2 US rows exist, but none use the family pinned report ID(s) [1371]. Observed US report IDs: [803, 914]",EconomicCalendar/raw/oanda/daily/2022-08-02.json,1,8,2,1371,803|914,Crude Oil Stocks (API) - Weekly Change | FOMC Member Evans Speaks,0,0,0,
JOLTS,2022-08-30T09:00:00-05:00,2022-08-30,BLS,no_pinned_oanda_candidate,same_day_us_but_no_pinned_report,"6 US rows exist, but none use the family pinned report ID(s) [1371]. Observed US report IDs: [63, 73, 714, 715, 803, 1186]",EconomicCalendar/raw/oanda/daily/2022-08-30.json,1,27,6,1371,63|73|714|715|803|1186,Conference Board Consumer Confidence | Crude Oil Stocks (API) - Weekly Change | FHFA House Price Index | FOMC Member Williams Speaks | S&P/Case-Shiller 10-City Composities | S&P/Case-Shiller 20-City Composities,0,0,0,
JOLTS,2022-10-04T09:00:00-05:00,2022-10-04,BLS,no_pinned_oanda_candidate,same_day_us_but_no_pinned_report,"6 US rows exist, but none use the family pinned report ID(s) [1371]. Observed US report IDs: [58, 59, 60, 803, 945, 1186]",EconomicCalendar/raw/oanda/daily/2022-10-04.json,1,15,6,1371,58|59|60|803|945|1186,Crude Oil Stocks (API) - Weekly Change | Durable Goods Orders - fin.. | Durable Goods Orders Ex-Transport - fin.. | FOMC Member Mester Speaks | FOMC Member Williams Speaks | Factory Orders,0,0,0,
JOLTS,2022-11-01T09:00:00-05:00,2022-11-01,BLS,no_pinned_oanda_candidate,same_day_us_but_no_pinned_report,"7 US rows exist, but none use the family pinned report ID(s) [1371]. Observed US report IDs: [66, 80, 555, 803, 1080, 1081, 1082]",EconomicCalendar/raw/oanda/daily/2022-11-01.json,1,27,7,1371,66|80|555|803|1080|1081|1082,Construction Spending | Crude Oil Stocks (API) - Weekly Change | ISM Manufacturing Employment Index | ISM Manufacturing Index | ISM Manufacturing New Orders Index | ISM Manufacturing Prices Index | Manufacturing PMI - fin..,0,0,0,
JOLTS,2022-11-30T09:00:00-06:00,2022-11-30,BLS,no_pinned_oanda_candidate,same_day_us_but_no_pinned_report,"14 US rows exist, but none use the family pinned report ID(s) [1371]. Observed US report IDs: [37, 51, 64, 70, 690, 691, 692, 711, 712, 713, 1025, 1086, 1165, 1257]",EconomicCalendar/raw/oanda/daily/2022-11-30.json,1,39,14,1371,37|51|64|70|690|691|692|711|712|713|1025|1086|1165|1257,ADP National Employment Report | Beige Book | Chicago PMI | Consumer Spending (Annualized) - rev.. | Crude Oil Stocks - Weekly Change | Distillate Stocks - Weekly Change | FOMC Member Bowman Speaks | Federal Reserve Chairman Jerome Powell Speaks | GDP (Annualized) - rev.. | GDP Price Deflator - rev.. | Gasoline Stocks - Weekly Change | International Trade in Goods | PCE Core - rev.. | Pending Home Sales,0,0,0,
JOLTS,2023-01-04T09:00:00-06:00,2023-01-04,BLS,no_pinned_oanda_candidate,same_day_us_but_no_pinned_report,"6 US rows exist, but none use the family pinned report ID(s) [1371]. Observed US report IDs: [66, 81, 803, 1080, 1081, 1082]",EconomicCalendar/raw/oanda/daily/2023-01-04.json,1,26,6,1371,66|81|803|1080|1081|1082,Crude Oil Stocks (API) - Weekly Change | FOMC Minutes | ISM Manufacturing Employment Index | ISM Manufacturing Index | ISM Manufacturing New Orders Index | ISM Manufacturing Prices Index,0,0,0,
JOLTS,2023-02-01T09:00:00-06:00,2023-02-01,BLS,no_pinned_oanda_candidate,same_day_us_but_no_pinned_report,"12 US rows exist, but none use the family pinned report ID(s) [1371]. Observed US report IDs: [51, 66, 80, 82, 462, 555, 711, 712, 713, 1080, 1081, 1082]",EconomicCalendar/raw/oanda/daily/2023-02-01.json,1,37,12,1371,51|66|80|82|462|555|711|712|713|1080|1081|1082,ADP National Employment Report | Construction Spending | Crude Oil Stocks - Weekly Change | Distillate Stocks - Weekly Change | FOMC Interest Rate Decision | FOMC Press Conference | Gasoline Stocks - Weekly Change | ISM Manufacturing Employment Index | ISM Manufacturing Index | ISM Manufacturing New Orders Index | ISM Manufacturing Prices Index | Manufacturing PMI - fin..,0,0,0,
JOLTS,2023-03-08T09:00:00-06:00,2023-03-08,BLS,no_pinned_oanda_candidate,same_day_us_but_no_pinned_report,"9 US rows exist, but none use the family pinned report ID(s) [1371]. Observed US report IDs: [37, 51, 683, 684, 685, 711, 712, 713, 881]",EconomicCalendar/raw/oanda/daily/2023-03-08.json,1,28,9,1371,37|51|683|684|685|711|712|713|881,ADP National Employment Report | Beige Book | Crude Oil Stocks - Weekly Change | Distillate Stocks - Weekly Change | Exports | Fed Chair Testifies | Gasoline Stocks - Weekly Change | Imports | Trade Balance,0,0,0,
JOLTS,2023-04-04T09:00:00-05:00,2023-04-04,BLS,no_pinned_oanda_candidate,same_day_us_but_no_pinned_report,"5 US rows exist, but none use the family pinned report ID(s) [1371]. Observed US report IDs: [58, 59, 60, 803, 1363]",EconomicCalendar/raw/oanda/daily/2023-04-04.json,1,13,5,1371,58|59|60|803|1363,Crude Oil Stocks (API) - Weekly Change | Durable Goods Orders - fin.. | Durable Goods Orders Ex-Transport - fin.. | FOMC Member Cook Speaks | Factory Orders,0,0,0,
JOLTS,2023-05-02T09:00:00-05:00,2023-05-02,BLS,no_pinned_oanda_candidate,same_day_us_but_no_pinned_report,"4 US rows exist, but none use the family pinned report ID(s) [1371]. Observed US report IDs: [58, 59, 60, 803]",EconomicCalendar/raw/oanda/daily/2023-05-02.json,1,32,4,1371,58|59|60|803,Crude Oil Stocks (API) - Weekly Change | Durable Goods Orders - fin.. | Durable Goods Orders Ex-Transport - fin.. | Factory Orders,0,0,0,
JOLTS,2023-05-31T09:00:00-05:00,2023-05-31,BLS,no_pinned_oanda_candidate,same_day_us_but_no_pinned_report,"7 US rows exist, but none use the family pinned report ID(s) [1371]. Observed US report IDs: [37, 64, 803, 997, 1257, 1357, 1362]",EconomicCalendar/raw/oanda/daily/2023-05-31.json,1,40,7,1371,37|64|803|997|1257|1357|1362,Beige Book | Chicago PMI | Crude Oil Stocks (API) - Weekly Change | FOMC Member  Jefferson Speaks | FOMC Member Bowman Speaks | FOMC Member Collins Speaks | FOMC Member Harker Speaks,0,0,0,
JOLTS,2023-07-06T09:00:00-05:00,2023-07-06,BLS,no_pinned_oanda_candidate,same_day_us_but_no_pinned_report,"15 US rows exist, but none use the family pinned report ID(s) [1371]. Observed US report IDs: [50, 51, 52, 683, 684, 685, 711, 712, 713, 817, 818, 939, 1077, 1078, 1358]",EconomicCalendar/raw/oanda/daily/2023-07-06.json,1,31,15,1371,50|51|52|683|684|685|711|712|713|817|818|939|1077|1078|1358,ADP National Employment Report | Business Activity Index | Challenger Job-Cut Report | Crude Oil Stocks - Weekly Change | Distillate Stocks - Weekly Change | Exports | FOMC Member Logan Speaks | Gasoline Stocks - Weekly Change | ISM Non-Manufacturing Employment Index | ISM Non-Manufacturing Index | ISM Non-Manufacturing Prices Index | Imports | Services PMI - fin.. | Trade Balance | Weekly Jobless Claims,0,0,0,
JOLTS,2023-08-01T09:00:00-05:00,2023-08-01,BLS,no_pinned_oanda_candidate,same_day_us_but_no_pinned_report,"7 US rows exist, but none use the family pinned report ID(s) [1371]. Observed US report IDs: [66, 80, 555, 803, 1080, 1081, 1082]",EconomicCalendar/raw/oanda/daily/2023-08-01.json,1,30,7,1371,66|80|555|803|1080|1081|1082,Construction Spending | Crude Oil Stocks (API) - Weekly Change | ISM Manufacturing Employment Index | ISM Manufacturing Index | ISM Manufacturing New Orders Index | ISM Manufacturing Prices Index | Manufacturing PMI - fin..,0,0,0,
JOLTS,2023-08-29T09:00:00-05:00,2023-08-29,BLS,no_pinned_oanda_candidate,same_day_us_but_no_pinned_report,"5 US rows exist, but none use the family pinned report ID(s) [1371]. Observed US report IDs: [63, 73, 714, 715, 803]",EconomicCalendar/raw/oanda/daily/2023-08-29.json,1,17,5,1371,63|73|714|715|803,Conference Board Consumer Confidence | Crude Oil Stocks (API) - Weekly Change | FHFA House Price Index | S&P/Case-Shiller 10-City Composities | S&P/Case-Shiller 20-City Composities,0,0,0,
JOLTS,2023-10-03T09:00:00-05:00,2023-10-03,BLS,no_pinned_oanda_candidate,same_day_us_but_no_pinned_report,"1 US rows exist, but none use the family pinned report ID(s) [1371]. Observed US report IDs: [803]",EconomicCalendar/raw/oanda/daily/2023-10-03.json,1,7,1,1371,803,Crude Oil Stocks (API) - Weekly Change,0,0,0,
JOLTS,2023-11-01T09:00:00-05:00,2023-11-01,BLS,no_pinned_oanda_candidate,same_day_us_but_no_pinned_report,"12 US rows exist, but none use the family pinned report ID(s) [1371]. Observed US report IDs: [51, 66, 80, 82, 462, 555, 711, 712, 713, 1080, 1081, 1082]",EconomicCalendar/raw/oanda/daily/2023-11-01.json,1,24,12,1371,51|66|80|82|462|555|711|712|713|1080|1081|1082,ADP National Employment Report | Construction Spending | Crude Oil Stocks - Weekly Change | Distillate Stocks - Weekly Change | FOMC Interest Rate Decision | FOMC Press Conference | Gasoline Stocks - Weekly Change | ISM Manufacturing Employment Index | ISM Manufacturing Index | ISM Manufacturing New Orders Index | ISM Manufacturing Prices Index | Manufacturing PMI - fin..,0,0,0,
