symbol,population,level,finite_count,invalid_count,pip_fallback_count,signed_p01,signed_p05,signed_p50,signed_p95,signed_p99,absolute_p50,absolute_p90,absolute_p95,absolute_p99,absolute_max,approximation
audcadrmp,geometric,1.272,198589654,0,0,-42.8249874887,-27.476843741,1.92066929704,31.7937793524,47.5161563409,10.5257357742,29.8236776932,36.7889563677,51.6777754929,171.473410605,log_bins_gamma_2log1p001_zero_exact_representative_relative_error_le_0.1pct
audcadrmp,geometric,1.618,198589654,0,0,-41.8935863469,-26.6119295218,2.80242424229,32.8271088531,48.7671434121,10.6740577589,30.0631038499,37.0843001722,52.0926475722,199.208748895,log_bins_gamma_2log1p001_zero_exact_representative_relative_error_le_0.1pct
audcadrmp,geometric,0.382,198589654,0,0,-44.7503724108,-29.2919175223,0.245049029354,29.9431514654,45.471773556,10.4210550238,29.586158355,36.568993142,51.2662075046,132.232022766,log_bins_gamma_2log1p001_zero_exact_representative_relative_error_le_0.1pct
audcadrmp,geometric,0.5,198589654,0,0,-45.1096309097,-29.586158355,-0.0550479604099,29.586158355,45.1096309097,10.4210550238,29.586158355,36.568993142,51.2662075046,131.178911112,log_bins_gamma_2log1p001_zero_exact_representative_relative_error_le_0.1pct
audcadrmp,geometric,0.618,198589654,0,0,-45.471773556,-29.9431514654,-0.354700380166,29.2919175223,44.7503724108,10.4210550238,29.6453602579,36.568993142,51.3687911858,131.967954888,log_bins_gamma_2log1p001_zero_exact_representative_relative_error_le_0.1pct
audcadrmp,event_relevant_20,1.272,3029678,0,0,-5.49670085606,-3.45002305176,0.186344147424,3.70004853084,5.73235867353,1.25971383104,3.58357865473,4.47385744374,6.4499225385,14.580140937,log_bins_gamma_2log1p001_zero_exact_representative_relative_error_le_0.1pct
audcadrmp,event_relevant_20,1.618,3029678,0,0,-4.86569239536,-2.7469599755,1.01105516533,4.66566331211,6.68622963591,1.55702764432,4.02411078702,4.9342566429,6.9173527407,17.280443864,log_bins_gamma_2log1p001_zero_exact_representative_relative_error_le_0.1pct
audcadrmp,event_relevant_20,0.382,3029678,0,0,-7.56844911922,-5.35569809838,-1.35641827127,2.39303824489,4.55507504231,1.75895113994,4.49177973456,5.50769975447,7.69045677116,18.385172002,log_bins_gamma_2log1p001_zero_exact_representative_relative_error_le_0.1pct
audcadrmp,event_relevant_20,0.5,3029678,0,0,-8.14945618404,-5.78994090549,-1.61730253604,2.19593244876,4.37655546712,1.93608853785,4.82694143884,5.88327800582,8.21488047523,21.3162676269,log_bins_gamma_2log1p001_zero_exact_representative_relative_error_le_0.1pct
audcadrmp,event_relevant_20,0.618,3029678,0,0,-8.79262431883,-6.23441724642,-1.87514447448,2.00301336969,4.20503231646,2.12680903643,5.17675311477,6.2970427171,8.82784760703,24.4688667735,log_bins_gamma_2log1p001_zero_exact_representative_relative_error_le_0.1pct
audusdrmp,geometric,1.272,198360532,0,0,-53.2507998254,-34.0298021821,2.06398326901,38.519889441,58.379619941,12.8548780106,36.4230821293,45.1998952812,63.8746063249,309.863665355,log_bins_gamma_2log1p001_zero_exact_representative_relative_error_le_0.1pct
audusdrmp,geometric,1.618,198360532,0,0,-52.1968849599,-33.0245645699,3.00551780231,39.692399728,59.6775476052,12.9840068055,36.7154886748,45.471773556,64.2588133604,348.651707414,log_bins_gamma_2log1p001_zero_exact_representative_relative_error_le_0.1pct
audusdrmp,geometric,0.382,198360532,0,0,-55.4228984621,-35.9888329357,0.269727001602,36.4959647166,55.9796281395,12.7525002238,36.2777533044,44.9296425818,63.4926964847,284.910297065,log_bins_gamma_2log1p001_zero_exact_representative_relative_error_le_0.1pct
audusdrmp,geometric,0.5,198360532,0,0,-55.8678365985,-36.3503450887,-0.0516369133325,36.2053064861,55.644922815,12.7525002238,36.2777533044,44.9296425818,63.4926964847,282.076801684,log_bins_gamma_2log1p001_zero_exact_representative_relative_error_le_0.1pct
audusdrmp,geometric,0.618,198360532,0,0,-56.2038827538,-36.7154886748,-0.37213230497,35.8452367737,55.2017599907,12.7525002238,36.2777533044,44.9296425818,63.4926964847,278.713779762,log_bins_gamma_2log1p001_zero_exact_representative_relative_error_le_0.1pct
audusdrmp,event_relevant_20,1.272,2995366,0,0,-5.89505044511,-3.80506070553,0.0942486018661,3.96026902536,6.00206812429,1.3865749047,3.8896568978,4.81730201751,6.7804477382,15.7938467763,log_bins_gamma_2log1p001_zero_exact_representative_relative_error_le_0.1pct
audusdrmp,event_relevant_20,1.618,2995366,0,0,-5.26020528341,-3.09081829442,0.97727371487,4.96393629536,6.97288563636,1.65988225457,4.31574078841,5.26020528341,7.24281657063,17.1771231246,log_bins_gamma_2log1p001_zero_exact_representative_relative_error_le_0.1pct
audusdrmp,event_relevant_20,0.382,2995366,0,0,-8.18210293812,-5.87152907614,-1.54771808904,2.64458412967,4.84627818556,1.98706113151,4.9342566429,5.99008197027,8.26429314571,24.3225660519,log_bins_gamma_2log1p001_zero_exact_representative_relative_error_le_0.1pct
audusdrmp,event_relevant_20,0.5,2995366,0,0,-8.82784760703,-6.33491955508,-1.82339418339,2.44624158096,4.67499930439,2.17409341902,5.30243450636,6.41135809126,8.88094728708,28.1439275059,log_bins_gamma_2log1p001_zero_exact_representative_relative_error_le_0.1pct
audusdrmp,event_relevant_20,0.618,2995366,0,0,-9.56271088684,-6.82123226706,-2.09306761061,2.25374611287,4.50076778581,2.37397980193,5.68670548306,6.87599350216,9.58184587133,32.500636057,log_bins_gamma_2log1p001_zero_exact_representative_relative_error_le_0.1pct
eurusdrmp,geometric,1.272,199208203,0,0,-64.774686717,-39.4550766523,2.10565745418,44.4828074338,70.5888301354,14.0087254187,42.1455771073,53.3573546759,78.6350834815,214.07304495,log_bins_gamma_2log1p001_zero_exact_representative_relative_error_le_0.1pct
eurusdrmp,geometric,1.618,199208203,0,0,-63.4926964847,-38.3661943131,3.0600794287,45.8368235037,72.1581996431,14.1777577885,42.3990835972,53.6783002322,79.1080750825,221.916081759,log_bins_gamma_2log1p001_zero_exact_representative_relative_error_le_0.1pct
eurusdrmp,geometric,0.382,199208203,0,0,-67.1478498229,-41.5599408118,0.275173098564,42.2299104071,67.9580705846,13.897158253,41.8935863469,53.1444577655,78.3213279285,205.683231679,log_bins_gamma_2log1p001_zero_exact_representative_relative_error_le_0.1pct
eurusdrmp,geometric,0.5,199208203,0,0,-67.6869165262,-41.9774154132,-0.0518437710139,41.8935863469,67.4168443779,13.897158253,41.9774154132,53.1444577655,78.3213279285,205.272481443,log_bins_gamma_2log1p001_zero_exact_representative_relative_error_le_0.1pct
eurusdrmp,geometric,0.618,199208203,0,0,-68.0940546839,-42.3990835972,-0.376622535415,41.476945444,67.0137552985,13.9249664667,41.9774154132,53.1444577655,78.3213279285,206.094803825,log_bins_gamma_2log1p001_zero_exact_representative_relative_error_le_0.1pct
eurusdrmp,event_relevant_20,1.272,3022340,0,0,-6.05025306373,-3.92872896891,0.0889402657091,4.04831589395,6.09882483456,1.4202382183,3.98409012281,4.9342566429,6.87599350216,15.0540100417,log_bins_gamma_2log1p001_zero_exact_representative_relative_error_le_0.1pct
eurusdrmp,event_relevant_20,1.618,3022340,0,0,-5.49670085606,-3.27529157405,0.93522651003,5.03388493355,7.09947014059,1.6900154567,4.41169069981,5.36641485028,7.3743013522,23.5098986641,log_bins_gamma_2log1p001_zero_exact_representative_relative_error_le_0.1pct
eurusdrmp,event_relevant_20,0.382,3022340,0,0,-8.38074831692,-5.97811975264,-1.4811275131,2.84191422518,5.06416385218,1.98309296249,5.01379963217,6.11102858306,8.46493394121,39.062687263,log_bins_gamma_2log1p001_zero_exact_representative_relative_error_le_0.1pct
eurusdrmp,event_relevant_20,0.5,3022340,0,0,-9.11476144823,-6.4499225385,-1.73798028659,2.66581499934,4.91456886038,2.15677867885,5.36641485028,6.54081075123,9.15127521906,46.2972599058,log_bins_gamma_2log1p001_zero_exact_representative_relative_error_le_0.1pct
eurusdrmp,event_relevant_20,0.618,3022340,0,0,-9.93289786802,-6.94506368346,-1.99502130635,2.49065020801,4.76939289257,2.34099202878,5.73235867353,7.00081904412,9.97268909662,53.5711044522,log_bins_gamma_2log1p001_zero_exact_representative_relative_error_le_0.1pct
gbpusdrmp,geometric,1.272,199432183,0,0,-65.6874504705,-39.1408517002,2.05574793456,44.3939750897,71.8702869859,13.7314712927,41.8935863469,53.5711044522,80.7053576862,284.910297065,log_bins_gamma_2log1p001_zero_exact_representative_relative_error_le_0.1pct
gbpusdrmp,geometric,1.618,199432183,0,0,-64.3873952459,-38.0606413502,2.98754764344,45.6539336628,73.4681465438,13.8694055725,42.2299104071,53.8933357177,81.190802028,334.318602124,log_bins_gamma_2log1p001_zero_exact_representative_relative_error_le_0.1pct
gbpusdrmp,geometric,0.382,199432183,0,0,-68.0940546839,-41.2289524697,0.278493397846,42.1455771073,69.1917691023,13.6221122121,41.6431022534,53.2507998254,80.2228158432,244.26442128,log_bins_gamma_2log1p001_zero_exact_representative_relative_error_le_0.1pct
gbpusdrmp,geometric,0.5,199432183,0,0,-68.6407175729,-41.6431022534,-0.0389538533249,41.726430101,68.6407175729,13.6493700586,41.726430101,53.2507998254,80.2228158432,243.776624255,log_bins_gamma_2log1p001_zero_exact_representative_relative_error_le_0.1pct
gbpusdrmp,geometric,0.618,199432183,0,0,-69.053592863,-42.0614122215,-0.35399204209,41.3114516036,68.2303108873,13.6493700586,41.726430101,53.3573546759,80.3833416977,246.718086755,log_bins_gamma_2log1p001_zero_exact_representative_relative_error_le_0.1pct
gbpusdrmp,event_relevant_20,1.272,3005601,0,0,-5.94237624062,-3.88188923743,0.0896542831491,3.96819352368,6.03817068419,1.3949151805,3.92088328147,4.85597558821,6.79401541413,14.8151810004,log_bins_gamma_2log1p001_zero_exact_representative_relative_error_le_0.1pct
gbpusdrmp,event_relevant_20,1.618,3005601,0,0,-5.38791272964,-3.23624236016,0.931494937583,4.94413009044,6.97288563636,1.66986647956,4.32437658573,5.28127768682,7.24281657063,23.0907140196,log_bins_gamma_2log1p001_zero_exact_representative_relative_error_le_0.1pct
gbpusdrmp,event_relevant_20,0.382,3005601,0,0,-8.23131845106,-5.88327800582,-1.46933163633,2.78566839116,5.01379963217,1.95944980904,4.94413009044,6.02611243321,8.31400303439,36.7154886748,log_bins_gamma_2log1p001_zero_exact_representative_relative_error_le_0.1pct
gbpusdrmp,event_relevant_20,0.5,3005601,0,0,-8.95224402985,-6.34759572911,-1.72758880535,2.61305443865,4.86569239536,2.13532904194,5.29184552347,6.4499225385,8.98810675526,43.6024245632,log_bins_gamma_2log1p001_zero_exact_representative_relative_error_le_0.1pct
gbpusdrmp,event_relevant_20,0.618,3005601,0,0,-9.75579296762,-6.84855815081,-1.98309296249,2.44135642675,4.72196023439,2.31771034971,5.66401541464,6.90353875965,9.77531430935,50.5538349638,log_bins_gamma_2log1p001_zero_exact_representative_relative_error_le_0.1pct
usdcadrmp,geometric,1.272,196918205,0,0,-63.2393593581,-38.0606413502,2.04345650279,43.0825806456,69.1917691023,13.2461687678,40.7374059471,51.9886183468,77.0787747744,222.805078471,log_bins_gamma_2log1p001_zero_exact_representative_relative_error_le_0.1pct
usdcadrmp,geometric,1.618,196918205,0,0,-62.1117931041,-37.0102426766,2.98158149886,44.3939750897,70.7300783845,13.4059999609,40.9824422592,52.3013309267,77.5424051474,230.968032532,log_bins_gamma_2log1p001_zero_exact_representative_relative_error_le_0.1pct
usdcadrmp,geometric,0.382,196918205,0,0,-65.6874504705,-40.1713369751,0.251500585858,40.9006001583,66.6130763112,13.1406746946,40.4938347208,51.7811827217,76.7712289242,216.223434421,log_bins_gamma_2log1p001_zero_exact_representative_relative_error_le_0.1pct
usdcadrmp,geometric,0.5,196918205,0,0,-66.214793006,-40.5748628841,-0.069137058443,40.4938347208,66.0825617998,13.1406746946,40.4938347208,51.7811827217,76.7712289242,215.3606986,log_bins_gamma_2log1p001_zero_exact_representative_relative_error_le_0.1pct
usdcadrmp,geometric,0.618,196918205,0,0,-66.7463690769,-40.9824422592,-0.388863142993,40.0911146547,65.6874504705,13.1669691846,40.5748628841,51.7811827217,76.7712289242,215.791635358,log_bins_gamma_2log1p001_zero_exact_representative_relative_error_le_0.1pct
usdcadrmp,event_relevant_20,1.272,2939855,0,0,-5.95426693548,-3.83560794622,0.116959540097,4.03216303271,6.09882483456,1.39770640578,3.93659035558,4.87542864584,6.87599350216,17.280443864,log_bins_gamma_2log1p001_zero_exact_representative_relative_error_le_0.1pct
usdcadrmp,event_relevant_20,1.618,2939855,0,0,-5.36641485028,-3.15322545434,0.979229239573,5.04395773731,7.14217359558,1.67991075985,4.37655546712,5.35569809838,7.40384283292,18.1659773142,log_bins_gamma_2log1p001_zero_exact_representative_relative_error_le_0.1pct
usdcadrmp,event_relevant_20,0.382,2939855,0,0,-8.46493394121,-5.96618142361,-1.46346897377,2.78566839116,4.98382184402,1.95553677995,4.98382184402,6.09882483456,8.56707370063,27.3672105859,log_bins_gamma_2log1p001_zero_exact_representative_relative_error_le_0.1pct
usdcadrmp,event_relevant_20,0.5,2939855,0,0,-9.22474216963,-6.4499225385,-1.7241388036,2.59743084015,4.81730201751,2.12680903643,5.34500274789,6.55389891354,9.28022917841,31.7937793524,log_bins_gamma_2log1p001_zero_exact_representative_relative_error_le_0.1pct
usdcadrmp,event_relevant_20,0.618,2939855,0,0,-10.0930217622,-6.97288563636,-1.97913271792,2.41707660172,4.66566331211,2.31308187288,5.73235867353,7.02886435322,10.1132178987,36.4959647166,log_bins_gamma_2log1p001_zero_exact_representative_relative_error_le_0.1pct
usdjpyrmp,geometric,1.272,196946704,0,3072,-63.7470484809,-38.6742002722,2.12256179029,43.6024245632,69.7472445042,13.5949087996,41.2289524697,52.4059858899,77.8530403327,297.125140212,log_bins_gamma_2log1p001_zero_exact_representative_relative_error_le_0.1pct
usdjpyrmp,geometric,1.618,196946704,0,3072,-62.4853967828,-37.6068685818,3.10320012487,44.7503724108,71.2979034196,13.7589479668,41.476945444,52.721208944,78.4780489057,330.993730314,log_bins_gamma_2log1p001_zero_exact_representative_relative_error_le_0.1pct
usdjpyrmp,geometric,0.382,196946704,0,3072,-66.0825617998,-40.7374059471,0.23686143294,41.3941158182,67.0137552985,13.4597044504,41.0644481262,52.1968849599,77.3875526545,268.32645734,log_bins_gamma_2log1p001_zero_exact_representative_relative_error_le_0.1pct
usdjpyrmp,geometric,0.5,196946704,0,3072,-66.6130763112,-41.1466180869,-0.10047450495,40.9824422592,66.6130763112,13.486637319,41.0644481262,52.1968849599,77.3875526545,264.597911589,log_bins_gamma_2log1p001_zero_exact_representative_relative_error_le_0.1pct
usdjpyrmp,geometric,0.618,196946704,0,3072,-67.0137552985,-41.5599408118,-0.436666393894,40.6560531847,66.214793006,13.486637319,41.0644481262,52.1968849599,77.5424051474,263.015865891,log_bins_gamma_2log1p001_zero_exact_representative_relative_error_le_0.1pct
usdjpyrmp,event_relevant_20,1.272,3001550,0,43,-6.28446749764,-4.01607462171,0.0745934658301,3.90523887889,6.05025306373,1.4005032163,3.96026902536,4.94413009044,7.05702201194,21.104272671,log_bins_gamma_2log1p001_zero_exact_representative_relative_error_le_0.1pct
usdjpyrmp,event_relevant_20,1.618,3001550,0,43,-5.69808458073,-3.32809111437,0.948405128143,4.9342566429,7.04292911079,1.68327226129,4.35909292343,5.34500274789,7.43350265694,21.7466674745,log_bins_gamma_2log1p001_zero_exact_representative_relative_error_le_0.1pct
usdjpyrmp,event_relevant_20,0.382,3001550,0,43,-8.53289090552,-6.05025306373,-1.55702764432,2.6393028846,4.96393629536,1.99502130635,5.06416385218,6.18476560139,8.63585064865,34.6475730538,log_bins_gamma_2log1p001_zero_exact_representative_relative_error_le_0.1pct
usdjpyrmp,event_relevant_20,0.5,3001550,0,43,-9.20632032266,-6.52774872603,-1.83069870778,2.45113651036,4.79808088628,2.18717063445,5.42032113255,6.61973361598,9.28022917841,40.9824422592,log_bins_gamma_2log1p001_zero_exact_representative_relative_error_le_0.1pct
usdjpyrmp,event_relevant_20,0.618,3001550,0,43,-9.95277359666,-7.01482768303,-2.10145244783,2.26730244085,4.64704722234,2.38825933795,5.81313543193,7.08529247036,9.99264444751,47.3265659285,log_bins_gamma_2log1p001_zero_exact_representative_relative_error_le_0.1pct
combined,geometric,1.272,1189455481,0,3072,-59.9166160996,-36.1330043444,2.04754545925,40.9824422592,65.6874504705,12.9063747034,38.6742002722,49.1586487738,73.4681465438,309.863665355,log_bins_gamma_2log1p001_zero_exact_representative_relative_error_le_0.1pct
combined,geometric,1.618,1189455481,0,3072,-58.7307745235,-35.06563831,2.98158149886,42.1455771073,67.1478498229,13.0621058663,38.9068263609,49.4543390301,74.0579529436,348.651707414,log_bins_gamma_2log1p001_zero_exact_representative_relative_error_le_0.1pct
combined,geometric,0.382,1189455481,0,3072,-62.2360788021,-38.1368006936,0.25915603421,38.8291292732,63.1130701049,12.8035867907,38.4429650679,48.9625047837,73.1750071723,284.910297065,log_bins_gamma_2log1p001_zero_exact_representative_relative_error_le_0.1pct
combined,geometric,0.5,1189455481,0,3072,-62.7357135323,-38.519889441,-0.0609560947412,38.4429650679,62.6104300617,12.8035867907,38.519889441,48.9625047837,73.1750071723,282.076801684,log_bins_gamma_2log1p001_zero_exact_representative_relative_error_le_0.1pct
combined,geometric,0.618,1189455481,0,3072,-63.1130701049,-38.9068263609,-0.379646082247,38.0606413502,62.2360788021,12.8035867907,38.519889441,48.9625047837,73.1750071723,278.713779762,log_bins_gamma_2log1p001_zero_exact_representative_relative_error_le_0.1pct
combined,event_relevant_20,1.272,17994390,0,43,-5.95426693548,-3.82030379394,0.1108142134,3.93659035558,6.00206812429,1.37553205622,3.88188923743,4.81730201751,6.80761023897,21.104272671,log_bins_gamma_2log1p001_zero_exact_representative_relative_error_le_0.1pct
combined,event_relevant_20,1.618,17994390,0,43,-5.36641485028,-3.14064402182,0.963693951646,4.9342566429,6.98683838052,1.65325929124,4.30712223682,5.26020528341,7.27183132279,23.5098986641,log_bins_gamma_2log1p001_zero_exact_representative_relative_error_le_0.1pct
combined,event_relevant_20,0.382,17994390,0,43,-8.24778931928,-5.85980360912,-1.47521778475,2.68184992992,4.91456886038,1.93608853785,4.91456886038,5.99008197027,8.34730896381,39.062687263,log_bins_gamma_2log1p001_zero_exact_representative_relative_error_le_0.1pct
combined,event_relevant_20,0.5,17994390,0,43,-8.93436636276,-6.32226869542,-1.74145798514,2.49563399908,4.75036291971,2.11409272637,5.26020528341,6.41135809126,8.98810675526,46.2972599058,log_bins_gamma_2log1p001_zero_exact_representative_relative_error_le_0.1pct
combined,event_relevant_20,0.618,17994390,0,43,-9.69746253637,-6.80761023897,-2.00301336969,2.31308187288,4.60083131868,2.30385263002,5.63014995001,6.87599350216,9.73631061009,53.5711044522,log_bins_gamma_2log1p001_zero_exact_representative_relative_error_le_0.1pct
