version	acl_tuple_key	object_class	object_identity	grantee	privilege	grant_option	requirement_id
h1-explicit-acl-v1	schema:public:PUBLIC:USAGE:false	schema	public	PUBLIC	USAGE	false	H1-ACL-SCHEMA-PUBLIC
h1-explicit-acl-v1	schema:public:campaign_operations_auditor:USAGE:false	schema	public	campaign_operations_auditor	USAGE	false	H1-ACL-SCHEMA-PUBLIC
h1-explicit-acl-v1	schema:public:campaign_operations_cancellation_coordinator:USAGE:false	schema	public	campaign_operations_cancellation_coordinator	USAGE	false	H1-ACL-SCHEMA-PUBLIC
h1-explicit-acl-v1	schema:public:campaign_operations_completion_writer:USAGE:false	schema	public	campaign_operations_completion_writer	USAGE	false	H1-ACL-SCHEMA-PUBLIC
h1-explicit-acl-v1	schema:public:campaign_operations_controller:USAGE:false	schema	public	campaign_operations_controller	USAGE	false	H1-ACL-SCHEMA-PUBLIC
h1-explicit-acl-v1	schema:public:campaign_operations_production_reader:USAGE:false	schema	public	campaign_operations_production_reader	USAGE	false	H1-ACL-SCHEMA-PUBLIC
h1-explicit-acl-v1	schema:public:campaign_operations_reader:USAGE:false	schema	public	campaign_operations_reader	USAGE	false	H1-ACL-SCHEMA-PUBLIC
h1-explicit-acl-v1	schema:public:campaign_operations_reconciler:USAGE:false	schema	public	campaign_operations_reconciler	USAGE	false	H1-ACL-SCHEMA-PUBLIC
h1-explicit-acl-v1	schema:public:campaign_operations_recovery:USAGE:false	schema	public	campaign_operations_recovery	USAGE	false	H1-ACL-SCHEMA-PUBLIC
h1-explicit-acl-v1	schema:public:campaign_operations_scheduler_protocol_evidence_reader:USAGE:false	schema	public	campaign_operations_scheduler_protocol_evidence_reader	USAGE	false	H1-ACL-SCHEMA-PUBLIC
h1-explicit-acl-v1	schema:public:experiment_lifecycle_cancellation:USAGE:false	schema	public	experiment_lifecycle_cancellation	USAGE	false	H1-ACL-SCHEMA-PUBLIC
h1-explicit-acl-v1	schema:public:experiment_lifecycle_cancellation_owner:USAGE:false	schema	public	experiment_lifecycle_cancellation_owner	USAGE	false	H1-ACL-SCHEMA-PUBLIC
h1-explicit-acl-v1	table:public.schema_migrations:campaign_operations_owner:SELECT:false	table	public.schema_migrations	campaign_operations_owner	SELECT	false	H1-ACL-LEDGER
h1-explicit-acl-v1	table:public.experiment_scheduler_protocol:pqxx:SELECT:false	table	public.experiment_scheduler_protocol	pqxx	SELECT	false	H1-ACL-SCHEDULER-EVIDENCE
h1-explicit-acl-v1	table:public.campaign_operations_production_enablement_event:campaign_operations_owner:SELECT:false	table	public.campaign_operations_production_enablement_event	campaign_operations_owner	SELECT	false	H1-ACL-ENABLEMENT
h1-explicit-acl-v1	table:public.campaign_operations_production_enablement_event:campaign_operations_production_reader:SELECT:false	table	public.campaign_operations_production_enablement_event	campaign_operations_production_reader	SELECT	false	H1-ACL-ENABLEMENT
h1-explicit-acl-v1	table:public.campaign_operations_production_enablement_audit_reference_event:campaign_operations_owner:SELECT:false	table	public.campaign_operations_production_enablement_audit_reference_event	campaign_operations_owner	SELECT	false	H1-ACL-ENABLEMENT-AUDIT
h1-explicit-acl-v1	table:public.campaign_operations_production_enablement_audit_reference_event:campaign_operations_production_reader:SELECT:false	table	public.campaign_operations_production_enablement_audit_reference_event	campaign_operations_production_reader	SELECT	false	H1-ACL-ENABLEMENT-AUDIT
h1-explicit-acl-v1	table:public.campaign_operations_request_production_admission:campaign_operations_owner:SELECT:false	table	public.campaign_operations_request_production_admission	campaign_operations_owner	SELECT	false	H1-ACL-ADMISSION
h1-explicit-acl-v1	table:public.campaign_operations_request_production_admission:campaign_operations_production_reader:SELECT:false	table	public.campaign_operations_request_production_admission	campaign_operations_production_reader	SELECT	false	H1-ACL-ADMISSION
h1-explicit-acl-v1	view:public.campaign_operations_production_readiness_v1:campaign_operations_production_reader:SELECT:false	view	public.campaign_operations_production_readiness_v1	campaign_operations_production_reader	SELECT	false	H1-ACL-READINESS
h1-explicit-acl-v1	view:public.campaign_operations_production_status_v1:campaign_operations_production_reader:SELECT:false	view	public.campaign_operations_production_status_v1	campaign_operations_production_reader	SELECT	false	H1-ACL-STATUS
h1-explicit-acl-v1	table:public.campaign_operations_operational_request:campaign_operations_owner:SELECT:false	table	public.campaign_operations_operational_request	campaign_operations_owner	SELECT	false	H1-ACL-REQUEST
h1-explicit-acl-v1	table:public.campaign_operations_operational_request:campaign_operations_cancellation_coordinator:SELECT:false	table	public.campaign_operations_operational_request	campaign_operations_cancellation_coordinator	SELECT	false	H1-ACL-REQUEST
h1-explicit-acl-v1	table:public.campaign_operations_operational_request:campaign_operations_completion_writer:SELECT:false	table	public.campaign_operations_operational_request	campaign_operations_completion_writer	SELECT	false	H1-ACL-REQUEST
h1-explicit-acl-v1	table:public.campaign_operations_operational_request:campaign_operations_reconciler:SELECT:false	table	public.campaign_operations_operational_request	campaign_operations_reconciler	SELECT	false	H1-ACL-REQUEST
h1-explicit-acl-v1	table:public.campaign_operations_operational_request:campaign_operations_recovery:SELECT:false	table	public.campaign_operations_operational_request	campaign_operations_recovery	SELECT	false	H1-ACL-REQUEST
h1-explicit-acl-v1	table:public.campaign_operations_dispatch_attempt:campaign_operations_owner:SELECT:false	table	public.campaign_operations_dispatch_attempt	campaign_operations_owner	SELECT	false	H1-ACL-ATTEMPT
h1-explicit-acl-v1	table:public.campaign_operations_dispatch_attempt:campaign_operations_cancellation_coordinator:SELECT:false	table	public.campaign_operations_dispatch_attempt	campaign_operations_cancellation_coordinator	SELECT	false	H1-ACL-ATTEMPT
h1-explicit-acl-v1	table:public.campaign_operations_dispatch_attempt:campaign_operations_completion_writer:SELECT:false	table	public.campaign_operations_dispatch_attempt	campaign_operations_completion_writer	SELECT	false	H1-ACL-ATTEMPT
h1-explicit-acl-v1	table:public.campaign_operations_dispatch_attempt:campaign_operations_reconciler:SELECT:false	table	public.campaign_operations_dispatch_attempt	campaign_operations_reconciler	SELECT	false	H1-ACL-ATTEMPT
h1-explicit-acl-v1	table:public.campaign_operations_dispatch_attempt:campaign_operations_recovery:SELECT:false	table	public.campaign_operations_dispatch_attempt	campaign_operations_recovery	SELECT	false	H1-ACL-ATTEMPT
h1-explicit-acl-v1	table:public.campaign_operations_dispatch_audit_reference_event:campaign_operations_owner:SELECT:false	table	public.campaign_operations_dispatch_audit_reference_event	campaign_operations_owner	SELECT	false	H1-ACL-DISPATCH-AUDIT
h1-explicit-acl-v1	table:public.campaign_operations_dispatch_audit_reference_event:campaign_operations_recovery:SELECT:false	table	public.campaign_operations_dispatch_audit_reference_event	campaign_operations_recovery	SELECT	false	H1-ACL-DISPATCH-AUDIT
h1-explicit-acl-v1	table:public.campaign_operations_completion_event:campaign_operations_owner:SELECT:false	table	public.campaign_operations_completion_event	campaign_operations_owner	SELECT	false	H1-ACL-COMPLETION
h1-explicit-acl-v1	table:public.campaign_operations_completion_event:campaign_operations_auditor:SELECT:false	table	public.campaign_operations_completion_event	campaign_operations_auditor	SELECT	false	H1-ACL-COMPLETION
h1-explicit-acl-v1	table:public.campaign_operations_completion_event:campaign_operations_completion_writer:SELECT:false	table	public.campaign_operations_completion_event	campaign_operations_completion_writer	SELECT	false	H1-ACL-COMPLETION
h1-explicit-acl-v1	table:public.campaign_operations_completion_event:campaign_operations_reader:SELECT:false	table	public.campaign_operations_completion_event	campaign_operations_reader	SELECT	false	H1-ACL-COMPLETION
h1-explicit-acl-v1	table:public.campaign_operations_completion_audit_reference_event:campaign_operations_owner:SELECT:false	table	public.campaign_operations_completion_audit_reference_event	campaign_operations_owner	SELECT	false	H1-ACL-COMPLETION-AUDIT
h1-explicit-acl-v1	table:public.campaign_operations_completion_audit_reference_event:campaign_operations_auditor:SELECT:false	table	public.campaign_operations_completion_audit_reference_event	campaign_operations_auditor	SELECT	false	H1-ACL-COMPLETION-AUDIT
h1-explicit-acl-v1	table:public.campaign_operations_completion_audit_reference_event:campaign_operations_completion_writer:SELECT:false	table	public.campaign_operations_completion_audit_reference_event	campaign_operations_completion_writer	SELECT	false	H1-ACL-COMPLETION-AUDIT
h1-explicit-acl-v1	table:public.campaign_operations_completion_audit_reference_event:campaign_operations_reader:SELECT:false	table	public.campaign_operations_completion_audit_reference_event	campaign_operations_reader	SELECT	false	H1-ACL-COMPLETION-AUDIT
h1-explicit-acl-v1	sequence:public.campaign_operations_completion_event_completion_event_id_seq:campaign_operations_completion_writer:USAGE:false	sequence	public.campaign_operations_completion_event_completion_event_id_seq	campaign_operations_completion_writer	USAGE	false	H1-ACL-SEQUENCES
h1-explicit-acl-v1	sequence:public.campaign_operations_completio_completion_audit_reference_ev_seq:campaign_operations_completion_writer:USAGE:false	sequence	public.campaign_operations_completio_completion_audit_reference_ev_seq	campaign_operations_completion_writer	USAGE	false	H1-ACL-SEQUENCES
h1-explicit-acl-v1	sequence:public.campaign_operations_dispatch__dispatch_audit_reference_even_seq:campaign_operations_cancellation_coordinator:USAGE:false	sequence	public.campaign_operations_dispatch__dispatch_audit_reference_even_seq	campaign_operations_cancellation_coordinator	USAGE	false	H1-ACL-SEQUENCES
h1-explicit-acl-v1	sequence:public.campaign_operations_dispatch__dispatch_audit_reference_even_seq:campaign_operations_recovery:USAGE:false	sequence	public.campaign_operations_dispatch__dispatch_audit_reference_even_seq	campaign_operations_recovery	USAGE	false	H1-ACL-SEQUENCES
h1-explicit-acl-v1	function:public.campaign_operations_scheduler_protocol_evidence_lock_v1():campaign_operations_scheduler_protocol_evidence_reader:EXECUTE:false	function	public.campaign_operations_scheduler_protocol_evidence_lock_v1()	campaign_operations_scheduler_protocol_evidence_reader	EXECUTE	false	H1-ACL-SCHEDULER-EVIDENCE
h1-explicit-acl-v1	function:public.campaign_operations_scheduler_protocol_evidence_snapshot_v1():campaign_operations_scheduler_protocol_evidence_reader:EXECUTE:false	function	public.campaign_operations_scheduler_protocol_evidence_snapshot_v1()	campaign_operations_scheduler_protocol_evidence_reader	EXECUTE	false	H1-ACL-SCHEDULER-EVIDENCE
h1-explicit-acl-v1	function:public.campaign_operations_scheduler_protocol_evidence_snapshot_v1():campaign_operations_owner:EXECUTE:false	function	public.campaign_operations_scheduler_protocol_evidence_snapshot_v1()	campaign_operations_owner	EXECUTE	false	H1-ACL-SCHEDULER-EVIDENCE
h1-explicit-acl-v1	function:public.campaign_operations_tagged_fnv1a64(text):campaign_operations_owner:EXECUTE:false	function	public.campaign_operations_tagged_fnv1a64(text)	campaign_operations_owner	EXECUTE	false	H1-ACL-CANONICAL
h1-explicit-acl-v1	function:public.lock_campaign_operations_authorization_head(bigint,text):campaign_operations_owner:EXECUTE:false	function	public.lock_campaign_operations_authorization_head(bigint,text)	campaign_operations_owner	EXECUTE	false	H1-ACL-LOCK-1
h1-explicit-acl-v1	function:public.lock_campaign_operations_authorization_head(bigint,text):campaign_operations_completion_writer:EXECUTE:false	function	public.lock_campaign_operations_authorization_head(bigint,text)	campaign_operations_completion_writer	EXECUTE	false	H1-ACL-LOCK-1
h1-explicit-acl-v1	function:public.lock_campaign_operations_budget_head(bigint):campaign_operations_owner:EXECUTE:false	function	public.lock_campaign_operations_budget_head(bigint)	campaign_operations_owner	EXECUTE	false	H1-ACL-LOCK-2
h1-explicit-acl-v1	function:public.lock_campaign_operations_budget_head(bigint):campaign_operations_cancellation_coordinator:EXECUTE:false	function	public.lock_campaign_operations_budget_head(bigint)	campaign_operations_cancellation_coordinator	EXECUTE	false	H1-ACL-LOCK-2
h1-explicit-acl-v1	function:public.lock_campaign_operations_budget_head(bigint):campaign_operations_completion_writer:EXECUTE:false	function	public.lock_campaign_operations_budget_head(bigint)	campaign_operations_completion_writer	EXECUTE	false	H1-ACL-LOCK-2
h1-explicit-acl-v1	function:public.lock_campaign_operations_campaign(bigint):campaign_operations_owner:EXECUTE:false	function	public.lock_campaign_operations_campaign(bigint)	campaign_operations_owner	EXECUTE	false	H1-ACL-LOCK-3
h1-explicit-acl-v1	function:public.lock_campaign_operations_campaign(bigint):campaign_operations_cancellation_coordinator:EXECUTE:false	function	public.lock_campaign_operations_campaign(bigint)	campaign_operations_cancellation_coordinator	EXECUTE	false	H1-ACL-LOCK-3
h1-explicit-acl-v1	function:public.lock_campaign_operations_campaign(bigint):campaign_operations_completion_writer:EXECUTE:false	function	public.lock_campaign_operations_campaign(bigint)	campaign_operations_completion_writer	EXECUTE	false	H1-ACL-LOCK-3
h1-explicit-acl-v1	function:public.lock_campaign_operations_campaign(bigint):campaign_operations_controller:EXECUTE:false	function	public.lock_campaign_operations_campaign(bigint)	campaign_operations_controller	EXECUTE	false	H1-ACL-LOCK-3
h1-explicit-acl-v1	function:public.lock_campaign_operations_campaign(bigint):campaign_operations_reconciler:EXECUTE:false	function	public.lock_campaign_operations_campaign(bigint)	campaign_operations_reconciler	EXECUTE	false	H1-ACL-LOCK-3
h1-explicit-acl-v1	function:public.lock_campaign_operations_campaign(bigint):campaign_operations_recovery:EXECUTE:false	function	public.lock_campaign_operations_campaign(bigint)	campaign_operations_recovery	EXECUTE	false	H1-ACL-LOCK-3
h1-explicit-acl-v1	function:public.lock_campaign_operations_reservation(bigint):campaign_operations_owner:EXECUTE:false	function	public.lock_campaign_operations_reservation(bigint)	campaign_operations_owner	EXECUTE	false	H1-ACL-LOCK-4
h1-explicit-acl-v1	function:public.lock_campaign_operations_reservation(bigint):campaign_operations_cancellation_coordinator:EXECUTE:false	function	public.lock_campaign_operations_reservation(bigint)	campaign_operations_cancellation_coordinator	EXECUTE	false	H1-ACL-LOCK-4
h1-explicit-acl-v1	function:public.lock_campaign_operations_reservation(bigint):campaign_operations_completion_writer:EXECUTE:false	function	public.lock_campaign_operations_reservation(bigint)	campaign_operations_completion_writer	EXECUTE	false	H1-ACL-LOCK-4
h1-explicit-acl-v1	function:public.lock_campaign_operations_reservation(bigint):campaign_operations_recovery:EXECUTE:false	function	public.lock_campaign_operations_reservation(bigint)	campaign_operations_recovery	EXECUTE	false	H1-ACL-LOCK-4
h1-explicit-acl-v1	function:public.lock_campaign_operations_request(bigint):campaign_operations_owner:EXECUTE:false	function	public.lock_campaign_operations_request(bigint)	campaign_operations_owner	EXECUTE	false	H1-ACL-LOCK-5
h1-explicit-acl-v1	function:public.lock_campaign_operations_request(bigint):campaign_operations_cancellation_coordinator:EXECUTE:false	function	public.lock_campaign_operations_request(bigint)	campaign_operations_cancellation_coordinator	EXECUTE	false	H1-ACL-LOCK-5
h1-explicit-acl-v1	function:public.lock_campaign_operations_request(bigint):campaign_operations_completion_writer:EXECUTE:false	function	public.lock_campaign_operations_request(bigint)	campaign_operations_completion_writer	EXECUTE	false	H1-ACL-LOCK-5
h1-explicit-acl-v1	function:public.lock_campaign_operations_request(bigint):campaign_operations_reconciler:EXECUTE:false	function	public.lock_campaign_operations_request(bigint)	campaign_operations_reconciler	EXECUTE	false	H1-ACL-LOCK-5
h1-explicit-acl-v1	function:public.lock_campaign_operations_request(bigint):campaign_operations_recovery:EXECUTE:false	function	public.lock_campaign_operations_request(bigint)	campaign_operations_recovery	EXECUTE	false	H1-ACL-LOCK-5
