version	object_key	object_class	schema_name	object_identity	owner	acl_catalog_column	expected_acl_origin	requirement_id
h1-object-inventory-v1	schema:public	schema	public	public	pg_database_owner	nspacl	explicit	H1-ACL-SCHEMA-PUBLIC
h1-object-inventory-v1	table:public.schema_migrations	table	public	public.schema_migrations	vjp	relacl	explicit	H1-ACL-LEDGER
h1-object-inventory-v1	table:public.experiment_scheduler_protocol	table	public	public.experiment_scheduler_protocol	campaign_manager_login	relacl	explicit	H1-ACL-SCHEDULER-EVIDENCE
h1-object-inventory-v1	table:public.campaign_operations_production_transition_context	table	public	public.campaign_operations_production_transition_context	campaign_operations_h1_boundary_authority	relacl	explicit	H1-ACL-CONTEXT
h1-object-inventory-v1	table:public.campaign_operations_production_enablement_event	table	public	public.campaign_operations_production_enablement_event	campaign_operations_h1_boundary_authority	relacl	explicit	H1-ACL-ENABLEMENT
h1-object-inventory-v1	table:public.campaign_operations_production_enablement_audit_reference_event	table	public	public.campaign_operations_production_enablement_audit_reference_event	campaign_operations_h1_boundary_authority	relacl	explicit	H1-ACL-ENABLEMENT-AUDIT
h1-object-inventory-v1	table:public.campaign_operations_request_production_admission	table	public	public.campaign_operations_request_production_admission	campaign_operations_h1_boundary_authority	relacl	explicit	H1-ACL-ADMISSION
h1-object-inventory-v1	table:public.campaign_operations_operational_request	table	public	public.campaign_operations_operational_request	campaign_operations_h1_boundary_authority	relacl	explicit	H1-ACL-REQUEST
h1-object-inventory-v1	table:public.campaign_operations_dispatch_attempt	table	public	public.campaign_operations_dispatch_attempt	campaign_operations_h1_boundary_authority	relacl	explicit	H1-ACL-ATTEMPT
h1-object-inventory-v1	table:public.campaign_operations_dispatch_audit_reference_event	table	public	public.campaign_operations_dispatch_audit_reference_event	campaign_operations_h1_boundary_authority	relacl	explicit	H1-ACL-DISPATCH-AUDIT
h1-object-inventory-v1	table:public.campaign_operations_completion_event	table	public	public.campaign_operations_completion_event	campaign_operations_h1_boundary_authority	relacl	explicit	H1-ACL-COMPLETION
h1-object-inventory-v1	table:public.campaign_operations_completion_audit_reference_event	table	public	public.campaign_operations_completion_audit_reference_event	campaign_operations_h1_boundary_authority	relacl	explicit	H1-ACL-COMPLETION-AUDIT
h1-object-inventory-v1	view:public.campaign_operations_production_readiness_v1	view	public	public.campaign_operations_production_readiness_v1	campaign_operations_h1_boundary_authority	relacl	explicit	H1-ACL-READINESS
h1-object-inventory-v1	view:public.campaign_operations_production_status_v1	view	public	public.campaign_operations_production_status_v1	campaign_operations_h1_boundary_authority	relacl	explicit	H1-ACL-STATUS
h1-object-inventory-v1	sequence:public.campaign_operations_completio_completion_audit_reference_ev_seq	sequence	public	public.campaign_operations_completio_completion_audit_reference_ev_seq	campaign_operations_h1_boundary_authority	relacl	explicit	H1-ACL-SEQUENCES
h1-object-inventory-v1	sequence:public.campaign_operations_completion_event_completion_event_id_seq	sequence	public	public.campaign_operations_completion_event_completion_event_id_seq	campaign_operations_h1_boundary_authority	relacl	explicit	H1-ACL-SEQUENCES
h1-object-inventory-v1	sequence:public.campaign_operations_dispatch__dispatch_audit_reference_even_seq	sequence	public	public.campaign_operations_dispatch__dispatch_audit_reference_even_seq	campaign_operations_h1_boundary_authority	relacl	explicit	H1-ACL-SEQUENCES
h1-object-inventory-v1	sequence:public.campaign_operations_dispatch_attempt_dispatch_attempt_id_seq	sequence	public	public.campaign_operations_dispatch_attempt_dispatch_attempt_id_seq	campaign_operations_h1_boundary_authority	relacl	explicit	H1-ACL-SEQUENCES
h1-object-inventory-v1	sequence:public.campaign_operations_operational_requ_operational_request_id_seq	sequence	public	public.campaign_operations_operational_requ_operational_request_id_seq	campaign_operations_h1_boundary_authority	relacl	explicit	H1-ACL-SEQUENCES
h1-object-inventory-v1	sequence:public.campaign_operations_productio_production_enablement_audit_r_seq	sequence	public	public.campaign_operations_productio_production_enablement_audit_r_seq	campaign_operations_h1_boundary_authority	relacl	explicit	H1-ACL-SEQUENCES
h1-object-inventory-v1	sequence:public.campaign_operations_productio_production_enablement_event_i_seq	sequence	public	public.campaign_operations_productio_production_enablement_event_i_seq	campaign_operations_h1_boundary_authority	relacl	explicit	H1-ACL-SEQUENCES
h1-object-inventory-v1	sequence:public.campaign_operations_request_p_request_production_admission__seq	sequence	public	public.campaign_operations_request_p_request_production_admission__seq	campaign_operations_h1_boundary_authority	relacl	explicit	H1-ACL-SEQUENCES
h1-object-inventory-v1	function:public.campaign_operations_dispatch_attempt_v2_canonical(campaign_operations_dispatch_attempt)	function	public	public.campaign_operations_dispatch_attempt_v2_canonical(campaign_operations_dispatch_attempt)	campaign_operations_h1_boundary_authority	proacl	explicit	H1-ACL-SUPPORTING-DEFINERS
h1-object-inventory-v1	function:public.campaign_operations_h1_deployment_audit_v1(text,boolean,boolean)	function	public	public.campaign_operations_h1_deployment_audit_v1(text,boolean,boolean)	campaign_operations_h1_boundary_authority	proacl	explicit	H1-ACL-DEPLOYMENT-AUDIT
h1-object-inventory-v1	function:public.campaign_operations_has_explicit_role_v1(name,name)	function	public	public.campaign_operations_has_explicit_role_v1(name,name)	campaign_operations_h1_boundary_authority	proacl	explicit	H1-ACL-SUPPORTING-DEFINERS
h1-object-inventory-v1	function:public.campaign_operations_isolated_v1_authority_valid()	function	public	public.campaign_operations_isolated_v1_authority_valid()	campaign_operations_h1_boundary_authority	proacl	explicit	H1-ACL-SUPPORTING-DEFINERS
h1-object-inventory-v1	function:public.campaign_operations_manager_build_canonical_v1(text,text,text,text)	function	public	public.campaign_operations_manager_build_canonical_v1(text,text,text,text)	campaign_operations_h1_boundary_authority	proacl	explicit	H1-ACL-CANONICAL
h1-object-inventory-v1	function:public.campaign_operations_production_acquire_replay_v2(bigint,integer,text,timestamp with time zone,text,text,text)	function	public	public.campaign_operations_production_acquire_replay_v2(bigint,integer,text,timestamp with time zone,text,text,text)	campaign_operations_h1_boundary_authority	proacl	explicit	H1-ACL-REPLAY
h1-object-inventory-v1	function:public.campaign_operations_production_enablement_history_valid_v1(bigint)	function	public	public.campaign_operations_production_enablement_history_valid_v1(bigint)	campaign_operations_h1_boundary_authority	proacl	explicit	H1-ACL-REPLAY
h1-object-inventory-v1	function:public.campaign_operations_production_context_valid_v1(text,bigint,text)	function	public	public.campaign_operations_production_context_valid_v1(text,bigint,text)	campaign_operations_h1_boundary_authority	proacl	explicit	H1-ACL-CONTEXT
h1-object-inventory-v1	function:public.campaign_operations_production_disable_replay_v1(text,bigint,text,integer,text,text)	function	public	public.campaign_operations_production_disable_replay_v1(text,bigint,text,integer,text,text)	campaign_operations_h1_boundary_authority	proacl	explicit	H1-ACL-REPLAY
h1-object-inventory-v1	function:public.campaign_operations_production_enable_replay_v1(text,integer,text,text,text,text,text,text,text,text,text)	function	public	public.campaign_operations_production_enable_replay_v1(text,integer,text,text,text,text,text,text,text,text,text)	campaign_operations_h1_boundary_authority	proacl	explicit	H1-ACL-REPLAY
h1-object-inventory-v1	function:public.campaign_operations_production_enablement_canonical_v1(campaign_operations_production_enablement_event)	function	public	public.campaign_operations_production_enablement_canonical_v1(campaign_operations_production_enablement_event)	campaign_operations_h1_boundary_authority	proacl	explicit	H1-ACL-CANONICAL
h1-object-inventory-v1	function:public.campaign_operations_request_production_admission_canonical_v1(campaign_operations_request_production_admission)	function	public	public.campaign_operations_request_production_admission_canonical_v1(campaign_operations_request_production_admission)	campaign_operations_h1_boundary_authority	proacl	explicit	H1-ACL-CANONICAL
h1-object-inventory-v1	function:public.campaign_operations_scheduler_protocol_evidence_canonical_v1(integer,text,timestamp with time zone,text,text,text)	function	public	public.campaign_operations_scheduler_protocol_evidence_canonical_v1(integer,text,timestamp with time zone,text,text,text)	campaign_operations_h1_boundary_authority	proacl	explicit	H1-ACL-SCHEDULER-EVIDENCE
h1-object-inventory-v1	function:public.campaign_operations_scheduler_protocol_evidence_lock_v1()	function	public	public.campaign_operations_scheduler_protocol_evidence_lock_v1()	campaign_operations_h1_boundary_authority	proacl	explicit	H1-ACL-SCHEDULER-EVIDENCE
h1-object-inventory-v1	function:public.campaign_operations_scheduler_protocol_evidence_snapshot_v1()	function	public	public.campaign_operations_scheduler_protocol_evidence_snapshot_v1()	campaign_operations_h1_boundary_authority	proacl	explicit	H1-ACL-SCHEDULER-EVIDENCE
h1-object-inventory-v1	function:public.campaign_operations_tagged_fnv1a64(text)	function	public	public.campaign_operations_tagged_fnv1a64(text)	campaign_operations_h1_boundary_authority	proacl	explicit	H1-ACL-CANONICAL
h1-object-inventory-v1	function:public.enforce_campaign_operations_complete_binding()	function	public	public.enforce_campaign_operations_complete_binding()	campaign_operations_h1_boundary_authority	proacl	explicit	H1-ACL-SUPPORTING-DEFINERS
h1-object-inventory-v1	function:public.enforce_campaign_operations_completion_audit_complete()	function	public	public.enforce_campaign_operations_completion_audit_complete()	campaign_operations_h1_boundary_authority	proacl	explicit	H1-ACL-SUPPORTING-DEFINERS
h1-object-inventory-v1	function:public.enforce_campaign_operations_completion_event()	function	public	public.enforce_campaign_operations_completion_event()	campaign_operations_h1_boundary_authority	proacl	explicit	H1-ACL-SUPPORTING-DEFINERS
h1-object-inventory-v1	function:public.enforce_campaign_operations_dispatch_acquisition_complete()	function	public	public.enforce_campaign_operations_dispatch_acquisition_complete()	campaign_operations_h1_boundary_authority	proacl	explicit	H1-ACL-SUPPORTING-DEFINERS
h1-object-inventory-v1	function:public.enforce_campaign_operations_phase4_request_transition_complete()	function	public	public.enforce_campaign_operations_phase4_request_transition_complete()	campaign_operations_h1_boundary_authority	proacl	explicit	H1-ACL-SUPPORTING-DEFINERS
h1-object-inventory-v1	function:public.enforce_campaign_operations_production_admission_consistent()	function	public	public.enforce_campaign_operations_production_admission_consistent()	campaign_operations_h1_boundary_authority	proacl	explicit	H1-ACL-SUPPORTING-DEFINERS
h1-object-inventory-v1	function:public.enforce_campaign_operations_production_context_empty_v1()	function	public	public.enforce_campaign_operations_production_context_empty_v1()	campaign_operations_h1_boundary_authority	proacl	explicit	H1-ACL-CONTEXT
h1-object-inventory-v1	function:public.enforce_campaign_operations_request()	function	public	public.enforce_campaign_operations_request()	campaign_operations_h1_boundary_authority	proacl	explicit	H1-ACL-SUPPORTING-DEFINERS
h1-object-inventory-v1	function:public.enforce_campaign_operations_request_acquisition_complete()	function	public	public.enforce_campaign_operations_request_acquisition_complete()	campaign_operations_h1_boundary_authority	proacl	explicit	H1-ACL-SUPPORTING-DEFINERS
h1-object-inventory-v1	function:public.enforce_campaign_ops_enablement_audit_complete()	function	public	public.enforce_campaign_ops_enablement_audit_complete()	campaign_operations_h1_boundary_authority	proacl	explicit	H1-ACL-SUPPORTING-DEFINERS
h1-object-inventory-v1	function:public.guard_campaign_operations_attempt_v1_isolation()	function	public	public.guard_campaign_operations_attempt_v1_isolation()	campaign_operations_h1_boundary_authority	proacl	explicit	H1-ACL-SUPPORTING-DEFINERS
h1-object-inventory-v1	function:public.guard_campaign_operations_completed_campaign()	function	public	public.guard_campaign_operations_completed_campaign()	campaign_operations_h1_boundary_authority	proacl	explicit	H1-ACL-SUPPORTING-DEFINERS
h1-object-inventory-v1	function:public.guard_campaign_operations_completion_v2_evidence()	function	public	public.guard_campaign_operations_completion_v2_evidence()	campaign_operations_h1_boundary_authority	proacl	explicit	H1-ACL-SUPPORTING-DEFINERS
h1-object-inventory-v1	function:public.guard_campaign_operations_dispatch_control()	function	public	public.guard_campaign_operations_dispatch_control()	campaign_operations_h1_boundary_authority	proacl	explicit	H1-ACL-SUPPORTING-DEFINERS
h1-object-inventory-v1	function:public.guard_campaign_operations_production_admission_witness()	function	public	public.guard_campaign_operations_production_admission_witness()	campaign_operations_h1_boundary_authority	proacl	explicit	H1-ACL-SUPPORTING-DEFINERS
h1-object-inventory-v1	function:public.guard_campaign_operations_production_attempt_mutation()	function	public	public.guard_campaign_operations_production_attempt_mutation()	campaign_operations_h1_boundary_authority	proacl	explicit	H1-ACL-SUPPORTING-DEFINERS
h1-object-inventory-v1	function:public.guard_campaign_operations_production_dispatch_audit_insert()	function	public	public.guard_campaign_operations_production_dispatch_audit_insert()	campaign_operations_h1_boundary_authority	proacl	explicit	H1-ACL-SUPPORTING-DEFINERS
h1-object-inventory-v1	function:public.guard_campaign_operations_production_dispatch_audit_mutation()	function	public	public.guard_campaign_operations_production_dispatch_audit_mutation()	campaign_operations_h1_boundary_authority	proacl	explicit	H1-ACL-SUPPORTING-DEFINERS
h1-object-inventory-v1	function:public.guard_campaign_operations_production_post_completion()	function	public	public.guard_campaign_operations_production_post_completion()	campaign_operations_h1_boundary_authority	proacl	explicit	H1-ACL-SUPPORTING-DEFINERS
h1-object-inventory-v1	function:public.lock_campaign_operations_authorization_head(bigint,text)	function	public	public.lock_campaign_operations_authorization_head(bigint,text)	campaign_operations_h1_boundary_authority	proacl	explicit	H1-ACL-LOCK-1
h1-object-inventory-v1	function:public.lock_campaign_operations_budget_head(bigint)	function	public	public.lock_campaign_operations_budget_head(bigint)	campaign_operations_h1_boundary_authority	proacl	explicit	H1-ACL-LOCK-2
h1-object-inventory-v1	function:public.lock_campaign_operations_campaign(bigint)	function	public	public.lock_campaign_operations_campaign(bigint)	campaign_operations_h1_boundary_authority	proacl	explicit	H1-ACL-LOCK-3
h1-object-inventory-v1	function:public.lock_campaign_operations_request(bigint)	function	public	public.lock_campaign_operations_request(bigint)	campaign_operations_h1_boundary_authority	proacl	explicit	H1-ACL-LOCK-5
h1-object-inventory-v1	function:public.lock_campaign_operations_reservation(bigint)	function	public	public.lock_campaign_operations_reservation(bigint)	campaign_operations_h1_boundary_authority	proacl	explicit	H1-ACL-LOCK-4
h1-object-inventory-v1	function:public.record_campaign_operations_production_disable_v1(text,bigint,text,integer,text,text)	function	public	public.record_campaign_operations_production_disable_v1(text,bigint,text,integer,text,text)	campaign_operations_h1_boundary_authority	proacl	explicit	H1-ACL-FIXED-TRANSITIONS
h1-object-inventory-v1	function:public.record_campaign_operations_production_enable_v1(text,integer,text,text,text,text,text,text,text,text,text)	function	public	public.record_campaign_operations_production_enable_v1(text,integer,text,text,text,text,text,text,text,text,text)	campaign_operations_h1_boundary_authority	proacl	explicit	H1-ACL-FIXED-TRANSITIONS
h1-object-inventory-v1	function:public.reject_campaign_operations_completion_mutation()	function	public	public.reject_campaign_operations_completion_mutation()	campaign_operations_h1_boundary_authority	proacl	explicit	H1-ACL-SUPPORTING-DEFINERS
h1-object-inventory-v1	function:public.reject_campaign_operations_production_mutation()	function	public	public.reject_campaign_operations_production_mutation()	campaign_operations_h1_boundary_authority	proacl	explicit	H1-ACL-SUPPORTING-DEFINERS
h1-object-inventory-v1	function:public.transition_campaign_operations_request_dispatch_production_v2(bigint,integer,text,timestamp with time zone,text,text,text)	function	public	public.transition_campaign_operations_request_dispatch_production_v2(bigint,integer,text,timestamp with time zone,text,text,text)	campaign_operations_h1_boundary_authority	proacl	explicit	H1-ACL-FIXED-TRANSITIONS
h1-object-inventory-v1	function:public.transition_campaign_operations_request_dispatching(bigint,integer,text,text)	function	public	public.transition_campaign_operations_request_dispatching(bigint,integer,text,text)	campaign_operations_h1_boundary_authority	proacl	explicit	H1-ACL-ATTEMPT-V1
h1-object-inventory-v1	function:public.validate_campaign_operations_dispatch_attempt_v2_insert()	function	public	public.validate_campaign_operations_dispatch_attempt_v2_insert()	campaign_operations_h1_boundary_authority	proacl	explicit	H1-ACL-SUPPORTING-DEFINERS
h1-object-inventory-v1	function:public.validate_campaign_operations_production_enablement_insert()	function	public	public.validate_campaign_operations_production_enablement_insert()	campaign_operations_h1_boundary_authority	proacl	explicit	H1-ACL-SUPPORTING-DEFINERS
h1-object-inventory-v1	function:public.validate_campaign_ops_production_admission_insert()	function	public	public.validate_campaign_ops_production_admission_insert()	campaign_operations_h1_boundary_authority	proacl	explicit	H1-ACL-SUPPORTING-DEFINERS
h1-object-inventory-v1	type:public._campaign_operations_completion_audit_reference_event	type	public	public._campaign_operations_completion_audit_reference_event	campaign_operations_h1_boundary_authority	typacl	null	H1-ACL-COUPLED-TYPES
h1-object-inventory-v1	type:public._campaign_operations_completion_event	type	public	public._campaign_operations_completion_event	campaign_operations_h1_boundary_authority	typacl	null	H1-ACL-COUPLED-TYPES
h1-object-inventory-v1	type:public._campaign_operations_dispatch_attempt	type	public	public._campaign_operations_dispatch_attempt	campaign_operations_h1_boundary_authority	typacl	null	H1-ACL-COUPLED-TYPES
h1-object-inventory-v1	type:public._campaign_operations_dispatch_audit_reference_event	type	public	public._campaign_operations_dispatch_audit_reference_event	campaign_operations_h1_boundary_authority	typacl	null	H1-ACL-COUPLED-TYPES
h1-object-inventory-v1	type:public._campaign_operations_operational_request	type	public	public._campaign_operations_operational_request	campaign_operations_h1_boundary_authority	typacl	null	H1-ACL-COUPLED-TYPES
h1-object-inventory-v1	type:public._campaign_operations_production_enablement_audit_reference_even	type	public	public._campaign_operations_production_enablement_audit_reference_even	campaign_operations_h1_boundary_authority	typacl	null	H1-ACL-COUPLED-TYPES
h1-object-inventory-v1	type:public._campaign_operations_production_enablement_event	type	public	public._campaign_operations_production_enablement_event	campaign_operations_h1_boundary_authority	typacl	null	H1-ACL-COUPLED-TYPES
h1-object-inventory-v1	type:public._campaign_operations_production_readiness_v1	type	public	public._campaign_operations_production_readiness_v1	campaign_operations_h1_boundary_authority	typacl	null	H1-ACL-COUPLED-TYPES
h1-object-inventory-v1	type:public._campaign_operations_production_status_v1	type	public	public._campaign_operations_production_status_v1	campaign_operations_h1_boundary_authority	typacl	null	H1-ACL-COUPLED-TYPES
h1-object-inventory-v1	type:public._campaign_operations_production_transition_context	type	public	public._campaign_operations_production_transition_context	campaign_operations_h1_boundary_authority	typacl	null	H1-ACL-COUPLED-TYPES
h1-object-inventory-v1	type:public._campaign_operations_request_production_admission	type	public	public._campaign_operations_request_production_admission	campaign_operations_h1_boundary_authority	typacl	null	H1-ACL-COUPLED-TYPES
h1-object-inventory-v1	type:public.campaign_operations_completion_audit_reference_event	type	public	public.campaign_operations_completion_audit_reference_event	campaign_operations_h1_boundary_authority	typacl	null	H1-ACL-COUPLED-TYPES
h1-object-inventory-v1	type:public.campaign_operations_completion_event	type	public	public.campaign_operations_completion_event	campaign_operations_h1_boundary_authority	typacl	null	H1-ACL-COUPLED-TYPES
h1-object-inventory-v1	type:public.campaign_operations_dispatch_attempt	type	public	public.campaign_operations_dispatch_attempt	campaign_operations_h1_boundary_authority	typacl	null	H1-ACL-COUPLED-TYPES
h1-object-inventory-v1	type:public.campaign_operations_dispatch_audit_reference_event	type	public	public.campaign_operations_dispatch_audit_reference_event	campaign_operations_h1_boundary_authority	typacl	null	H1-ACL-COUPLED-TYPES
h1-object-inventory-v1	type:public.campaign_operations_operational_request	type	public	public.campaign_operations_operational_request	campaign_operations_h1_boundary_authority	typacl	null	H1-ACL-COUPLED-TYPES
h1-object-inventory-v1	type:public.campaign_operations_production_enablement_audit_reference_event	type	public	public.campaign_operations_production_enablement_audit_reference_event	campaign_operations_h1_boundary_authority	typacl	null	H1-ACL-COUPLED-TYPES
h1-object-inventory-v1	type:public.campaign_operations_production_enablement_event	type	public	public.campaign_operations_production_enablement_event	campaign_operations_h1_boundary_authority	typacl	null	H1-ACL-COUPLED-TYPES
h1-object-inventory-v1	type:public.campaign_operations_production_readiness_v1	type	public	public.campaign_operations_production_readiness_v1	campaign_operations_h1_boundary_authority	typacl	null	H1-ACL-COUPLED-TYPES
h1-object-inventory-v1	type:public.campaign_operations_production_status_v1	type	public	public.campaign_operations_production_status_v1	campaign_operations_h1_boundary_authority	typacl	null	H1-ACL-COUPLED-TYPES
h1-object-inventory-v1	type:public.campaign_operations_production_transition_context	type	public	public.campaign_operations_production_transition_context	campaign_operations_h1_boundary_authority	typacl	null	H1-ACL-COUPLED-TYPES
h1-object-inventory-v1	type:public.campaign_operations_request_production_admission	type	public	public.campaign_operations_request_production_admission	campaign_operations_h1_boundary_authority	typacl	null	H1-ACL-COUPLED-TYPES
