aggregation,symbol,lookback,partition,direction,horizon,contributors,eligible,complete,touches,closes,censored,touch_rate,close_rate,touch_lower95,touch_upper95
event_weighted,AUDCAD,10,confirmation,bearish,4,1,680,677,448,251,3,0.66174298375184637,0.37075332348596751,0.61345646437994727,0.70640834575260802
event_weighted,AUDCAD,10,confirmation,bearish,16,1,680,668,552,416,12,0.82634730538922152,0.6227544910179641,0.77516339869281048,0.87337662337662336
event_weighted,AUDCAD,10,confirmation,bearish,64,1,680,582,526,467,98,0.90378006872852235,0.80240549828178698,0.85763293310463118,0.94320137693631667
event_weighted,AUDCAD,10,confirmation,bullish,4,1,790,783,557,301,7,0.71136653895274582,0.38441890166028098,0.67235079171741774,0.75101488497970226
event_weighted,AUDCAD,10,confirmation,bullish,16,1,790,768,646,499,22,0.84114583333333337,0.64973958333333337,0.80718562874251498,0.875
event_weighted,AUDCAD,10,confirmation,bullish,64,1,790,685,638,565,105,0.93138686131386861,0.82481751824817517,0.90198675496688741,0.95576619273301733
event_weighted,AUDCAD,15,confirmation,bearish,4,1,538,536,355,210,2,0.66231343283582089,0.39179104477611942,0.60650406504065035,0.71338912133891208
event_weighted,AUDCAD,15,confirmation,bearish,16,1,538,530,436,330,8,0.8226415094339623,0.62264150943396224,0.76584507042253525,0.87595419847328249
event_weighted,AUDCAD,15,confirmation,bearish,64,1,538,460,420,369,78,0.91304347826086951,0.80217391304347829,0.86012526096033404,0.95604395604395609
event_weighted,AUDCAD,15,confirmation,bullish,4,1,604,599,430,232,5,0.71786310517529217,0.38731218697829717,0.67460317460317465,0.76215277777777779
event_weighted,AUDCAD,15,confirmation,bullish,16,1,604,589,495,387,15,0.84040747028862484,0.65704584040747027,0.80290791599353795,0.87650085763293306
event_weighted,AUDCAD,15,confirmation,bullish,64,1,604,524,486,430,80,0.9274809160305344,0.82061068702290074,0.89165186500888094,0.95833333333333337
event_weighted,AUDCAD,20,confirmation,bearish,4,1,457,455,299,167,2,0.65714285714285714,0.36703296703296701,0.59493670886075944,0.71499999999999997
event_weighted,AUDCAD,20,confirmation,bearish,16,1,457,450,369,272,7,0.81999999999999995,0.60444444444444445,0.75681341719077566,0.87892376681614348
event_weighted,AUDCAD,20,confirmation,bearish,64,1,457,392,357,313,65,0.9107142857142857,0.79846938775510201,0.85348837209302331,0.95778364116094983
event_weighted,AUDCAD,20,confirmation,bullish,4,1,484,480,350,195,4,0.72916666666666663,0.40625,0.67975206611570249,0.77949709864603478
event_weighted,AUDCAD,20,confirmation,bullish,16,1,484,471,403,319,13,0.85562632696390661,0.67728237791932056,0.81200000000000006,0.8966244725738397
event_weighted,AUDCAD,20,confirmation,bullish,64,1,484,420,389,346,64,0.92619047619047623,0.82380952380952377,0.88720173535791758,0.95999999999999996
event_weighted,AUDUSD,10,confirmation,bearish,4,1,799,794,540,267,5,0.68010075566750627,0.33627204030226698,0.64470588235294113,0.71335927367055774
event_weighted,AUDUSD,10,confirmation,bearish,16,1,799,776,647,481,23,0.83376288659793818,0.61984536082474229,0.7976653696498055,0.86745406824146987
event_weighted,AUDUSD,10,confirmation,bearish,64,1,799,687,625,544,112,0.90975254730713251,0.79184861717612809,0.8764044943820225,0.93993993993993996
event_weighted,AUDUSD,10,confirmation,bullish,4,1,896,889,587,300,7,0.66029246344206971,0.33745781777277839,0.63063063063063063,0.69015659955257269
event_weighted,AUDUSD,10,confirmation,bullish,16,1,896,872,718,512,24,0.82339449541284404,0.58715596330275233,0.7904411764705882,0.85563380281690138
event_weighted,AUDUSD,10,confirmation,bullish,64,1,896,784,700,598,112,0.8928571428571429,0.76275510204081631,0.86118251928020562,0.92297650130548303
event_weighted,AUDUSD,15,confirmation,bearish,4,1,624,622,426,204,2,0.68488745980707399,0.32797427652733119,0.6442622950819672,0.72248803827751196
event_weighted,AUDUSD,15,confirmation,bearish,16,1,624,608,509,381,16,0.83717105263157898,0.62664473684210531,0.79508196721311475,0.87613843351548271
event_weighted,AUDUSD,15,confirmation,bearish,64,1,624,540,494,430,84,0.91481481481481486,0.79629629629629628,0.8797814207650273,0.94609665427509293
event_weighted,AUDUSD,15,confirmation,bullish,4,1,737,733,475,244,4,0.64802182810368347,0.33287858117326058,0.61428571428571432,0.68285714285714283
event_weighted,AUDUSD,15,confirmation,bullish,16,1,737,719,582,414,18,0.80945757997218359,0.57579972183588313,0.77266754270696447,0.84748201438848925
event_weighted,AUDUSD,15,confirmation,bullish,64,1,737,644,568,485,93,0.88198757763975155,0.75310559006211175,0.8454258675078864,0.91681735985533452
event_weighted,AUDUSD,20,confirmation,bearish,4,1,534,533,359,170,1,0.67354596622889307,0.31894934333958724,0.62978723404255321,0.71518987341772156
event_weighted,AUDUSD,20,confirmation,bearish,16,1,534,523,436,322,11,0.83365200764818359,0.61567877629063095,0.78793774319066145,0.87701612903225812
event_weighted,AUDUSD,20,confirmation,bearish,64,1,534,466,425,367,68,0.91201716738197425,0.78755364806866957,0.87443946188340804,0.94285714285714284
event_weighted,AUDUSD,20,confirmation,bullish,4,1,642,640,415,214,2,0.6484375,0.33437499999999998,0.60793650793650789,0.69096671949286848
event_weighted,AUDUSD,20,confirmation,bullish,16,1,642,629,510,370,13,0.81081081081081086,0.58823529411764708,0.771004942339374,0.85185185185185186
event_weighted,AUDUSD,20,confirmation,bullish,64,1,642,561,499,429,81,0.88948306595365423,0.76470588235294112,0.85024958402662232,0.92514395393474091
event_weighted,EURUSD,10,confirmation,bearish,4,1,826,818,585,303,8,0.71515892420537897,0.3704156479217604,0.67657550535077293,0.75221238938053092
event_weighted,EURUSD,10,confirmation,bearish,16,1,826,800,684,504,26,0.85499999999999998,0.63,0.81585081585081587,0.89424364123159306
event_weighted,EURUSD,10,confirmation,bearish,64,1,826,728,677,582,98,0.92994505494505497,0.7994505494505495,0.90527740189445194,0.95529061102831592
event_weighted,EURUSD,10,confirmation,bullish,4,1,910,904,621,292,6,0.68694690265486724,0.32300884955752213,0.65780346820809243,0.71907514450867049
event_weighted,EURUSD,10,confirmation,bullish,16,1,910,889,716,490,21,0.8053993250843644,0.55118110236220474,0.77033492822966509,0.83949191685912239
event_weighted,EURUSD,10,confirmation,bullish,64,1,910,796,714,591,114,0.89698492462311563,0.74246231155778897,0.86538461538461542,0.92503176620076244
event_weighted,EURUSD,15,confirmation,bearish,4,1,635,631,452,232,4,0.71632329635499203,0.36767036450079238,0.67636986301369861,0.75688816855753649
event_weighted,EURUSD,15,confirmation,bearish,16,1,635,622,531,391,13,0.8536977491961415,0.62861736334405149,0.81192660550458717,0.89527027027027029
event_weighted,EURUSD,15,confirmation,bearish,64,1,635,569,527,452,66,0.92618629173989453,0.79437609841827772,0.89533011272141705,0.95724907063197029
event_weighted,EURUSD,15,confirmation,bullish,4,1,756,753,519,246,3,0.68924302788844627,0.32669322709163345,0.65300546448087426,0.72727272727272729
event_weighted,EURUSD,15,confirmation,bullish,16,1,756,743,600,411,13,0.80753701211305517,0.55316285329744275,0.77249357326478152,0.84513274336283184
event_weighted,EURUSD,15,confirmation,bullish,64,1,756,661,595,491,95,0.9001512859304085,0.74281391830559762,0.8653250773993808,0.93181818181818177
event_weighted,EURUSD,20,confirmation,bearish,4,1,544,541,386,202,3,0.71349353049907582,0.3733826247689464,0.66608391608391604,0.76190476190476186
event_weighted,EURUSD,20,confirmation,bearish,16,1,544,536,456,340,8,0.85074626865671643,0.63432835820895528,0.8047538200339559,0.89596602972399153
event_weighted,EURUSD,20,confirmation,bearish,64,1,544,491,454,396,53,0.92464358452138495,0.80651731160896134,0.89323843416370108,0.95726495726495731
event_weighted,EURUSD,20,confirmation,bullish,4,1,649,647,452,212,2,0.69860896445131371,0.32766615146831529,0.66119402985074627,0.73798449612403105
event_weighted,EURUSD,20,confirmation,bullish,16,1,649,640,519,357,9,0.81093749999999998,0.55781250000000004,0.77424023154848043,0.85016835016835013
event_weighted,EURUSD,20,confirmation,bullish,64,1,649,570,513,417,79,0.90000000000000002,0.73157894736842111,0.86525974025974028,0.93097014925373134
event_weighted,GBPUSD,10,confirmation,bearish,4,1,834,827,543,289,7,0.65659008464328905,0.34945586457073763,0.62165605095541399,0.69137302551640345
event_weighted,GBPUSD,10,confirmation,bearish,16,1,834,818,659,495,16,0.80562347188264061,0.60513447432762835,0.76558603491271815,0.84558823529411764
event_weighted,GBPUSD,10,confirmation,bearish,64,1,834,719,639,563,115,0.88873435326842842,0.78303198887343528,0.84975369458128081,0.92644978783592646
event_weighted,GBPUSD,10,confirmation,bullish,4,1,908,900,595,277,8,0.66111111111111109,0.30777777777777776,0.6227544910179641,0.69964664310954061
event_weighted,GBPUSD,10,confirmation,bullish,16,1,908,884,706,494,24,0.79864253393665163,0.55882352941176472,0.76503340757238303,0.83231334149326808
event_weighted,GBPUSD,10,confirmation,bullish,64,1,908,787,703,599,121,0.89326556543837354,0.76111817026683604,0.85800240673886885,0.92572214580467671
event_weighted,GBPUSD,15,confirmation,bearish,4,1,665,661,439,235,4,0.66414523449319218,0.3555219364599092,0.62615384615384617,0.70270270270270274
event_weighted,GBPUSD,15,confirmation,bearish,16,1,665,654,525,393,11,0.80275229357798161,0.6009174311926605,0.75797101449275361,0.8443017656500803
event_weighted,GBPUSD,15,confirmation,bearish,64,1,665,573,509,446,92,0.88830715532286209,0.77835951134380454,0.84440227703984816,0.92927308447937129
event_weighted,GBPUSD,15,confirmation,bullish,4,1,723,717,478,221,6,0.66666666666666663,0.30822873082287311,0.62630208333333337,0.70780141843971633
event_weighted,GBPUSD,15,confirmation,bullish,16,1,723,708,567,392,15,0.80084745762711862,0.5536723163841808,0.76409495548961426,0.83755588673621462
event_weighted,GBPUSD,15,confirmation,bullish,64,1,723,634,566,471,89,0.89274447949526814,0.74290220820189279,0.85413533834586464,0.92915980230642503
event_weighted,GBPUSD,20,confirmation,bearish,4,1,573,571,375,195,2,0.65674255691768824,0.34150612959719789,0.61290322580645162,0.70192307692307687
event_weighted,GBPUSD,20,confirmation,bearish,16,1,573,567,453,336,6,0.79894179894179895,0.59259259259259256,0.74907063197026025,0.84558823529411764
event_weighted,GBPUSD,20,confirmation,bearish,64,1,573,498,441,381,75,0.88554216867469882,0.76506024096385539,0.83613445378151263,0.93186813186813189
event_weighted,GBPUSD,20,confirmation,bullish,4,1,616,611,405,190,5,0.66284779050736498,0.31096563011456629,0.62158054711246202,0.70588235294117652
event_weighted,GBPUSD,20,confirmation,bullish,16,1,616,607,487,339,9,0.80230642504118621,0.55848434925864909,0.76433121019108285,0.83999999999999997
event_weighted,GBPUSD,20,confirmation,bullish,64,1,616,544,485,404,72,0.89154411764705888,0.74264705882352944,0.85438596491228069,0.92669172932330823
event_weighted,USDCAD,10,confirmation,bearish,4,1,932,921,633,329,11,0.68729641693811072,0.35722041259500542,0.65734989648033126,0.7193370165745856
event_weighted,USDCAD,10,confirmation,bearish,16,1,932,897,749,553,35,0.83500557413600895,0.6164994425863991,0.80505415162454874,0.86509900990099009
event_weighted,USDCAD,10,confirmation,bearish,64,1,932,782,724,629,150,0.92583120204603575,0.80434782608695654,0.90172642762284194,0.94963144963144963
event_weighted,USDCAD,10,confirmation,bullish,4,1,895,891,624,330,4,0.70033670033670037,0.37037037037037035,0.66564102564102567,0.73582766439909297
event_weighted,USDCAD,10,confirmation,bullish,16,1,895,876,735,544,19,0.83904109589041098,0.62100456621004563,0.80645161290322576,0.87179487179487181
event_weighted,USDCAD,10,confirmation,bullish,64,1,895,772,716,607,123,0.92746113989637302,0.78626943005181349,0.89532019704433496,0.95342465753424654
event_weighted,USDCAD,15,confirmation,bearish,4,1,761,754,514,265,7,0.6816976127320955,0.35145888594164454,0.64974619289340096,0.71469329529243941
event_weighted,USDCAD,15,confirmation,bearish,16,1,761,738,610,455,23,0.82655826558265577,0.61653116531165308,0.79483695652173914,0.8584615384615385
event_weighted,USDCAD,15,confirmation,bearish,64,1,761,641,590,511,120,0.9204368174726989,0.79719188767550697,0.89417989417989419,0.94651539708265797
event_weighted,USDCAD,15,confirmation,bullish,4,1,694,692,478,262,2,0.69075144508670516,0.37861271676300579,0.65104166666666663,0.73257467994310099
event_weighted,USDCAD,15,confirmation,bullish,16,1,694,680,570,428,14,0.83823529411764708,0.62941176470588234,0.79919678714859432,0.87538461538461543
event_weighted,USDCAD,15,confirmation,bullish,64,1,694,600,552,474,94,0.92000000000000004,0.79000000000000004,0.8854961832061069,0.94930069930069927
event_weighted,USDCAD,20,confirmation,bearish,4,1,642,637,436,231,5,0.68445839874411307,0.36263736263736263,0.64738292011019283,0.72166666666666668
event_weighted,USDCAD,20,confirmation,bearish,16,1,642,625,516,388,17,0.8256,0.62080000000000002,0.78923076923076918,0.86334405144694537
event_weighted,USDCAD,20,confirmation,bearish,64,1,642,539,496,430,103,0.92022263450834885,0.79777365491651209,0.88984509466437178,0.94947735191637628
event_weighted,USDCAD,20,confirmation,bullish,4,1,588,587,404,227,1,0.68824531516183984,0.38671209540034074,0.64098613251155623,0.73195876288659789
event_weighted,USDCAD,20,confirmation,bullish,16,1,588,577,485,370,11,0.84055459272097055,0.64124783362218374,0.80104712041884818,0.8809891808346213
event_weighted,USDCAD,20,confirmation,bullish,64,1,588,505,464,399,83,0.91881188118811885,0.79009900990099013,0.8840070298769771,0.95218295218295224
event_weighted,USDJPY,10,confirmation,bearish,4,1,927,924,642,337,3,0.69480519480519476,0.36471861471861472,0.66839916839916835,0.72512820512820508
event_weighted,USDJPY,10,confirmation,bearish,16,1,927,913,765,551,14,0.83789704271631982,0.6035049288061336,0.81057268722466957,0.86595492289442466
event_weighted,USDJPY,10,confirmation,bearish,64,1,927,828,759,644,99,0.91666666666666663,0.77777777777777779,0.89423076923076927,0.94049159120310477
event_weighted,USDJPY,10,confirmation,bullish,4,1,1012,1004,675,323,8,0.67231075697211151,0.32171314741035856,0.64071856287425155,0.70299145299145294
event_weighted,USDJPY,10,confirmation,bullish,16,1,1012,983,816,560,29,0.83011190233977616,0.5696846388606307,0.80580580580580585,0.85410010649627266
event_weighted,USDJPY,10,confirmation,bullish,64,1,1012,901,814,674,111,0.90344062153163152,0.74805771365149831,0.87853403141361253,0.92624728850325377
event_weighted,USDJPY,15,confirmation,bearish,4,1,766,764,527,271,2,0.68979057591623039,0.35471204188481675,0.66120906801007562,0.71936758893280628
event_weighted,USDJPY,15,confirmation,bearish,16,1,766,760,633,460,6,0.83289473684210524,0.60526315789473684,0.80527638190954776,0.86206896551724133
event_weighted,USDJPY,15,confirmation,bearish,64,1,766,691,632,539,75,0.91461649782923304,0.78002894356005792,0.89071856287425155,0.94057971014492758
event_weighted,USDJPY,15,confirmation,bullish,4,1,810,806,539,253,4,0.66873449131513651,0.31389578163771714,0.63139534883720927,0.70380434782608692
event_weighted,USDJPY,15,confirmation,bullish,16,1,810,789,648,437,21,0.82129277566539927,0.55386565272496835,0.79259259259259263,0.84913217623497994
event_weighted,USDJPY,15,confirmation,bullish,64,1,810,719,643,524,91,0.89429763560500697,0.72878998609179413,0.86565096952908582,0.91971830985915493
event_weighted,USDJPY,20,confirmation,bearish,4,1,688,686,470,240,2,0.685131195335277,0.3498542274052478,0.65416666666666667,0.717741935483871
event_weighted,USDJPY,20,confirmation,bearish,16,1,688,682,566,407,6,0.8299120234604106,0.59677419354838712,0.80000000000000004,0.86090775988286972
event_weighted,USDJPY,20,confirmation,bearish,64,1,688,620,566,479,68,0.91290322580645167,0.77258064516129032,0.88821752265861031,0.93904448105436578
event_weighted,USDJPY,20,confirmation,bullish,4,1,690,686,455,213,4,0.66326530612244894,0.31049562682215742,0.61904761904761907,0.70461095100864557
event_weighted,USDJPY,20,confirmation,bullish,16,1,690,674,546,371,16,0.81008902077151335,0.55044510385756673,0.77922077922077926,0.84060150375939846
event_weighted,USDJPY,20,confirmation,bullish,64,1,690,615,545,445,75,0.88617886178861793,0.72357723577235777,0.85544217687074831,0.91423670668953683
equal_symbol,ALL,10,confirmation,bearish,4,6,undefined,undefined,undefined,undefined,undefined,0.68261572666855441,0.35813931726572545,0.66081844414548729,0.70460012498806535
equal_symbol,ALL,10,confirmation,bearish,16,6,undefined,undefined,undefined,undefined,undefined,0.83227271345368825,0.61628978292714454,0.81213380867758522,0.85079130810449255
equal_symbol,ALL,10,confirmation,bearish,64,6,undefined,undefined,undefined,undefined,undefined,0.91245164882697338,0.79314370960777236,0.89503986472143415,0.92890630616902048
equal_symbol,ALL,10,confirmation,bullish,4,6,undefined,undefined,undefined,undefined,undefined,0.68206074557826757,0.34079114409151462,0.66214395217842004,0.70297221525895814
equal_symbol,ALL,10,confirmation,bullish,16,6,undefined,undefined,undefined,undefined,undefined,0.82295586433289669,0.58959823058012195,0.80547210930401014,0.84094030547503051
equal_symbol,ALL,10,confirmation,bullish,64,6,undefined,undefined,undefined,undefined,undefined,0.90756604261008411,0.77091337430282136,0.89006936183390239,0.92595957070809332
equal_symbol,ALL,15,confirmation,bearish,4,6,undefined,undefined,undefined,undefined,undefined,0.68319293535656744,0.35818809168176885,0.66168968763703195,0.7063072061679776
equal_symbol,ALL,15,confirmation,bearish,16,6,undefined,undefined,undefined,undefined,undefined,0.82928593454407096,0.61676922733652828,0.80726278899331338,0.84993253208926156
equal_symbol,ALL,15,confirmation,bearish,64,6,undefined,undefined,undefined,undefined,undefined,0.91290084257339554,0.7914044417229037,0.89481668076755783,0.92941800773151195
equal_symbol,ALL,15,confirmation,bullish,4,6,undefined,undefined,undefined,undefined,undefined,0.68021342737265511,0.3412702040777979,0.65666237327333798,0.70382742604026471
equal_symbol,ALL,15,confirmation,bullish,16,6,undefined,undefined,undefined,undefined,undefined,0.81962959829733795,0.58715969155930459,0.8020638940167969,0.83868322438422194
equal_symbol,ALL,15,confirmation,bullish,64,6,undefined,undefined,undefined,undefined,undefined,0.90277698245016147,0.76303706494738277,0.88336964626495973,0.92212764461420715
equal_symbol,ALL,20,confirmation,bearish,4,6,undefined,undefined,undefined,undefined,undefined,0.6784190841446508,0.35222710913021821,0.65472560630221499,0.70378625838038567
equal_symbol,ALL,20,confirmation,bearish,16,6,undefined,undefined,undefined,undefined,undefined,0.8264753497845182,0.61076972751416836,0.8030395507723681,0.84795005950196745
equal_symbol,ALL,20,confirmation,bearish,64,6,undefined,undefined,undefined,undefined,undefined,0.91100717776785745,0.78799248141239842,0.8914113130491047,0.92919528737415591
equal_symbol,ALL,20,confirmation,bullish,4,6,undefined,undefined,undefined,undefined,undefined,0.68176192381827239,0.34607741730089664,0.65535711833639121,0.71265784328680937
equal_symbol,ALL,20,confirmation,bullish,16,6,undefined,undefined,undefined,undefined,undefined,0.82172077938473109,0.59558457646256124,0.80032093126502302,0.84454301052945058
equal_symbol,ALL,20,confirmation,bullish,64,6,undefined,undefined,undefined,undefined,undefined,0.90203473379465426,0.76273627633796048,0.88435984406551216,0.92017313902312203
